Arguments: 
  /Users/wushihao/.nvm/versions/node/v16.14.0/bin/node /Users/wushihao/.yarn/bin/yarn.js

PATH: 
  /Users/wushihao/menu/code/plugin-test-manager/node_modules/.bin:/Users/wushihao/menu/code/node_modules/.bin:/Users/wushihao/menu/node_modules/.bin:/Users/wushihao/node_modules/.bin:/Users/node_modules/.bin:/node_modules/.bin:/Users/wushihao/.nvm/versions/node/v16.14.0/lib/node_modules/npm/node_modules/@npmcli/run-script/lib/node-gyp-bin:/usr/local/opt/openssl/bin:/Users/wushihao/.yarn/bin:/Users/wushihao/.config/yarn/global/node_modules/.bin:/Users/wushihao/.yarn/bin:/Users/wushihao/.config/yarn/global/node_modules/.bin:/Users/wushihao/.nvm/versions/node/v16.14.0/bin:/opt/local/bin:/opt/local/sbin:/usr/local/bin:/System/Cryptexes/App/usr/bin:/usr/bin:/bin:/usr/sbin:/sbin:/var/run/com.apple.security.cryptexd/codex.system/bootstrap/usr/local/bin:/var/run/com.apple.security.cryptexd/codex.system/bootstrap/usr/bin:/var/run/com.apple.security.cryptexd/codex.system/bootstrap/usr/appleinternal/bin:/Library/Apple/usr/bin:/Users/wushihao/.rvm/bin

Yarn version: 
  1.12.3

Node version: 
  16.14.0

Platform: 
  darwin x64

Trace: 
  Error: ENOENT: no such file or directory, copyfile '/Users/wushihao/Library/Caches/Yarn/v4/npm-globals-13.24.0-8432a19d78ce0c1e833949c36adb345400bb1171/node_modules/globals/index.d.ts' -> '/Users/wushihao/menu/code/plugin-test-manager/chart/node_modules/@eslint/eslintrc/node_modules/globals/index.d.ts'

npm manifest: 
  {
    "name": "test-manager-chart",
    "version": "4.16.0",
    "description": "",
    "private": true,
    "scripts": {
      "build": "webpack --mode=production",
      "dev": "webpack-dev-server --mode=development",
      "build-package": "giteeteam-apps build --prod -i triggers -o build",
      "build-app": "sh ./build-app.sh"
    },
    "repository": {
      "type": "git"
    },
    "author": "",
    "license": "ISC",
    "devDependencies": {
      "@babel/core": "^7.22.5",
      "@babel/preset-env": "^7.22.5",
      "@babel/preset-react": "^7.22.5",
      "@ecomfe/class-names-loader": "^2.0.0",
      "@svgr/webpack": "^5.5.0",
      "@types/eslint": "^7.28.0",
      "@types/node": "^18.11.2",
      "@types/react": "^17.0.20",
      "@types/react-dom": "^17.0.9",
      "antd-dayjs-webpack-plugin": "^1.0.6",
      "autoprefixer": "^10.3.4",
      "babel-eslint": "10.1.0",
      "babel-loader": "^9.1.2",
      "babel-plugin-import": "^1.13.3",
      "clean-webpack-plugin": "^4.0.0",
      "cross-env": "^7.0.3",
      "css-loader": "^6.2.0",
      "hasha": "^5.2.2",
      "less": "^4.1.3",
      "less-loader": "^10.0.1",
      "less-plugin-functions": "^1.0.0",
      "mini-css-extract-plugin": "^2.7.6",
      "postcss": "^8.4.24",
      "postcss-loader": "^7.3.3",
      "style-loader": "^3.3.3",
      "style-resources-loader": "^1.5.0",
      "ts-loader": "^9.4.3",
      "typescript": "^4.4.3",
      "webpack": "^5.86.0",
      "webpack-bundle-analyzer": "^4.7.0",
      "webpack-cli": "^5.1.4",
      "webpack-dev-server": "^4.15.1",
      "webpackbar": "^5.0.2",
      "yamljs": "^0.3.0"
    },
    "dependencies": {
      "@ant-design/icons": "^5.2.6",
      "@giteeteam/apps-team-api": "^0.6.2",
      "@giteeteam/apps-team-components": "1.0.35",
      "@giteeteam/proxima-sdk-js": "^0.7.1",
      "react-base-table": "^1.13.0",
      "ahooks": "3.1.9",
      "antd": "^5.7.3",
      "axios": "^0.21.4",
      "classnames": "^2.3.1",
      "dayjs": "^1.11.5",
      "dotenv": "^16.0.3",
      "echarts": "^5.3.3",
      "eslint": "^8.23.1",
      "lodash": "^4.17.21",
      "react": "^17.0.2",
      "react-dom": "^17.0.2",
      "react-router-dom": "^5.3.0",
      "swr": "^1.2.2",
      "tslib": "^2.3.1",
      "size-sensor": "^1.0.1",
      "debug": "^4.3.3"
    }
  }

yarn manifest: 
  No manifest

Lockfile: 
  # THIS IS AN AUTOGENERATED FILE. DO NOT EDIT THIS FILE DIRECTLY.
  # yarn lockfile v1
  
  
  "@ampproject/remapping@^2.2.0":
    version "2.3.0"
    resolved "https://registry.npmmirror.com/@ampproject/remapping/-/remapping-2.3.0.tgz#ed441b6fa600072520ce18b43d2c8cc8caecc7f4"
    integrity sha512-30iZtAPgz+LTIYoeivqYo853f02jBYSd5uGnGpkFV0M3xOt9aN73erkgYAmZU43x4VfqcnLxW9Kpg3R5LC4YYw==
    dependencies:
      "@jridgewell/gen-mapping" "^0.3.5"
      "@jridgewell/trace-mapping" "^0.3.24"
  
  "@ant-design/colors@^6.0.0":
    version "6.0.0"
    resolved "https://registry.npmmirror.com/@ant-design/colors/-/colors-6.0.0.tgz#9b9366257cffcc47db42b9d0203bb592c13c0298"
    integrity sha512-qAZRvPzfdWHtfameEGP2Qvuf838NhergR35o+EuVyB5XvSA98xod5r4utvi4TJ3ywmevm290g9nsCG5MryrdWQ==
    dependencies:
      "@ctrl/tinycolor" "^3.4.0"
  
  "@ant-design/colors@^7.0.0", "@ant-design/colors@^7.0.2":
    version "7.0.2"
    resolved "https://registry.npmmirror.com/@ant-design/colors/-/colors-7.0.2.tgz#c5c753a467ce8d86ba7ca4736d2c01f599bb5492"
    integrity sha512-7KJkhTiPiLHSu+LmMJnehfJ6242OCxSlR3xHVBecYxnMW8MS/878NXct1GqYARyL59fyeFdKRxXTfvR9SnDgJg==
    dependencies:
      "@ctrl/tinycolor" "^3.6.1"
  
  "@ant-design/cssinjs@^1.19.1":
    version "1.20.0"
    resolved "https://registry.npmmirror.com/@ant-design/cssinjs/-/cssinjs-1.20.0.tgz#878bc6c5b08f73db76da54c347a7ebb3fa4858bb"
    integrity sha512-uG3iWzJxgNkADdZmc6W0Ci3iQAUOvLMcM8SnnmWq3r6JeocACft4ChnY/YWvI2Y+rG/68QBla/O+udke1yH3vg==
    dependencies:
      "@babel/runtime" "^7.11.1"
      "@emotion/hash" "^0.8.0"
      "@emotion/unitless" "^0.7.5"
      classnames "^2.3.1"
      csstype "^3.1.3"
      rc-util "^5.35.0"
      stylis "^4.0.13"
  
  "@ant-design/icons-svg@^4.3.0", "@ant-design/icons-svg@^4.4.0":
    version "4.4.2"
    resolved "https://registry.npmmirror.com/@ant-design/icons-svg/-/icons-svg-4.4.2.tgz#ed2be7fb4d82ac7e1d45a54a5b06d6cecf8be6f6"
    integrity sha512-vHbT+zJEVzllwP+CM+ul7reTEfBR0vgxFe7+lREAsAA7YGsYpboiq2sQNeQeRvh09GfQgs/GyFEvZpJ9cLXpXA==
  
  "@ant-design/icons@^4.8.0", "@ant-design/icons@^4.8.2":
    version "4.8.3"
    resolved "https://registry.npmmirror.com/@ant-design/icons/-/icons-4.8.3.tgz#41555408ed5e9b0c3d53f3f24fe6a73abfcf4000"
    integrity sha512-HGlIQZzrEbAhpJR6+IGdzfbPym94Owr6JZkJ2QCCnOkPVIWMO2xgIVcOKnl8YcpijIo39V7l2qQL5fmtw56cMw==
    dependencies:
      "@ant-design/colors" "^6.0.0"
      "@ant-design/icons-svg" "^4.3.0"
      "@babel/runtime" "^7.11.2"
      classnames "^2.2.6"
      lodash "^4.17.15"
      rc-util "^5.9.4"
  
  "@ant-design/icons@^5.2.6", "@ant-design/icons@^5.3.6":
    version "5.3.7"
    resolved "https://registry.npmmirror.com/@ant-design/icons/-/icons-5.3.7.tgz#d9f3654bf7934ee5faba43f91b5a187f5309ec68"
    integrity sha512-bCPXTAg66f5bdccM4TT21SQBDO1Ek2gho9h3nO9DAKXJP4sq+5VBjrQMSxMVXSB3HyEz+cUbHQ5+6ogxCOpaew==
    dependencies:
      "@ant-design/colors" "^7.0.0"
      "@ant-design/icons-svg" "^4.4.0"
      "@babel/runtime" "^7.11.2"
      classnames "^2.2.6"
      rc-util "^5.31.1"
  
  "@ant-design/react-slick@~1.0.2":
    version "1.0.2"
    resolved "https://registry.npmmirror.com/@ant-design/react-slick/-/react-slick-1.0.2.tgz#241bb412aeacf7ff5d50c61fa5db66773fde6b56"
    integrity sha512-Wj8onxL/T8KQLFFiCA4t8eIRGpRR+UPgOdac2sYzonv+i0n3kXHmvHLLiOYL655DQx2Umii9Y9nNgL7ssu5haQ==
    dependencies:
      "@babel/runtime" "^7.10.4"
      classnames "^2.2.5"
      json2mq "^0.2.0"
      resize-observer-polyfill "^1.5.1"
      throttle-debounce "^5.0.0"
  
  "@ant-design/react-slick@~1.1.2":
    version "1.1.2"
    resolved "https://registry.npmmirror.com/@ant-design/react-slick/-/react-slick-1.1.2.tgz#f84ce3e4d0dc941f02b16f1d1d6d7a371ffbb4f1"
    integrity sha512-EzlvzE6xQUBrZuuhSAFTdsr4P2bBBHGZwKFemEfq8gIGyIQCxalYfZW/T2ORbtQx5rU69o+WycP3exY/7T1hGA==
    dependencies:
      "@babel/runtime" "^7.10.4"
      classnames "^2.2.5"
      json2mq "^0.2.0"
      resize-observer-polyfill "^1.5.1"
      throttle-debounce "^5.0.0"
  
  "@babel/code-frame@^7.0.0", "@babel/code-frame@^7.23.5", "@babel/code-frame@^7.24.2":
    version "7.24.2"
    resolved "https://registry.npmmirror.com/@babel/code-frame/-/code-frame-7.24.2.tgz#718b4b19841809a58b29b68cde80bc5e1aa6d9ae"
    integrity sha512-y5+tLQyV8pg3fsiln67BVLD1P13Eg4lh5RW9mF0zUuvLrv9uIQ4MCL+CRT+FTsBlBjcIan6PGsLcBN0m3ClUyQ==
    dependencies:
      "@babel/highlight" "^7.24.2"
      picocolors "^1.0.0"
  
  "@babel/compat-data@^7.22.6", "@babel/compat-data@^7.23.5", "@babel/compat-data@^7.24.4":
    version "7.24.4"
    resolved "https://registry.npmmirror.com/@babel/compat-data/-/compat-data-7.24.4.tgz#6f102372e9094f25d908ca0d34fc74c74606059a"
    integrity sha512-vg8Gih2MLK+kOkHJp4gBEIkyaIi00jgWot2D9QOmmfLC8jINSOzmCLta6Bvz/JSBCqnegV0L80jhxkol5GWNfQ==
  
  "@babel/core@^7.12.3", "@babel/core@^7.22.5":
    version "7.24.5"
    resolved "https://registry.npmmirror.com/@babel/core/-/core-7.24.5.tgz#15ab5b98e101972d171aeef92ac70d8d6718f06a"
    integrity sha512-tVQRucExLQ02Boi4vdPp49svNGcfL2GhdTCT9aldhXgCJVAI21EtRfBettiuLUwce/7r6bFdgs6JFkcdTiFttA==
    dependencies:
      "@ampproject/remapping" "^2.2.0"
      "@babel/code-frame" "^7.24.2"
      "@babel/generator" "^7.24.5"
      "@babel/helper-compilation-targets" "^7.23.6"
      "@babel/helper-module-transforms" "^7.24.5"
      "@babel/helpers" "^7.24.5"
      "@babel/parser" "^7.24.5"
      "@babel/template" "^7.24.0"
      "@babel/traverse" "^7.24.5"
      "@babel/types" "^7.24.5"
      convert-source-map "^2.0.0"
      debug "^4.1.0"
      gensync "^1.0.0-beta.2"
      json5 "^2.2.3"
      semver "^6.3.1"
  
  "@babel/generator@^7.24.5":
    version "7.24.5"
    resolved "https://registry.npmmirror.com/@babel/generator/-/generator-7.24.5.tgz#e5afc068f932f05616b66713e28d0f04e99daeb3"
    integrity sha512-x32i4hEXvr+iI0NEoEfDKzlemF8AmtOP8CcrRaEcpzysWuoEb1KknpcvMsHKPONoKZiDuItklgWhB18xEhr9PA==
    dependencies:
      "@babel/types" "^7.24.5"
      "@jridgewell/gen-mapping" "^0.3.5"
      "@jridgewell/trace-mapping" "^0.3.25"
      jsesc "^2.5.1"
  
  "@babel/helper-annotate-as-pure@^7.22.5":
    version "7.22.5"
    resolved "https://registry.npmmirror.com/@babel/helper-annotate-as-pure/-/helper-annotate-as-pure-7.22.5.tgz#e7f06737b197d580a01edf75d97e2c8be99d3882"
    integrity sha512-LvBTxu8bQSQkcyKOU+a1btnNFQ1dMAd0R6PyW3arXes06F6QLWLIrd681bxRPIXlrMGR3XYnW9JyML7dP3qgxg==
    dependencies:
      "@babel/types" "^7.22.5"
  
  "@babel/helper-builder-binary-assignment-operator-visitor@^7.22.15":
    version "7.22.15"
    resolved "https://registry.npmmirror.com/@babel/helper-builder-binary-assignment-operator-visitor/-/helper-builder-binary-assignment-operator-visitor-7.22.15.tgz#5426b109cf3ad47b91120f8328d8ab1be8b0b956"
    integrity sha512-QkBXwGgaoC2GtGZRoma6kv7Szfv06khvhFav67ZExau2RaXzy8MpHSMO2PNoP2XtmQphJQRHFfg77Bq731Yizw==
    dependencies:
      "@babel/types" "^7.22.15"
  
  "@babel/helper-compilation-targets@^7.22.6", "@babel/helper-compilation-targets@^7.23.6":
    version "7.23.6"
    resolved "https://registry.npmmirror.com/@babel/helper-compilation-targets/-/helper-compilation-targets-7.23.6.tgz#4d79069b16cbcf1461289eccfbbd81501ae39991"
    integrity sha512-9JB548GZoQVmzrFgp8o7KxdgkTGm6xs9DW0o/Pim72UDjzr5ObUQ6ZzYPqA+g9OTS2bBQoctLJrky0RDCAWRgQ==
    dependencies:
      "@babel/compat-data" "^7.23.5"
      "@babel/helper-validator-option" "^7.23.5"
      browserslist "^4.22.2"
      lru-cache "^5.1.1"
      semver "^6.3.1"
  
  "@babel/helper-create-class-features-plugin@^7.24.1", "@babel/helper-create-class-features-plugin@^7.24.4", "@babel/helper-create-class-features-plugin@^7.24.5":
    version "7.24.5"
    resolved "https://registry.npmmirror.com/@babel/helper-create-class-features-plugin/-/helper-create-class-features-plugin-7.24.5.tgz#7d19da92c7e0cd8d11c09af2ce1b8e7512a6e723"
    integrity sha512-uRc4Cv8UQWnE4NXlYTIIdM7wfFkOqlFztcC/gVXDKohKoVB3OyonfelUBaJzSwpBntZ2KYGF/9S7asCHsXwW6g==
    dependencies:
      "@babel/helper-annotate-as-pure" "^7.22.5"
      "@babel/helper-environment-visitor" "^7.22.20"
      "@babel/helper-function-name" "^7.23.0"
      "@babel/helper-member-expression-to-functions" "^7.24.5"
      "@babel/helper-optimise-call-expression" "^7.22.5"
      "@babel/helper-replace-supers" "^7.24.1"
      "@babel/helper-skip-transparent-expression-wrappers" "^7.22.5"
      "@babel/helper-split-export-declaration" "^7.24.5"
      semver "^6.3.1"
  
  "@babel/helper-create-regexp-features-plugin@^7.18.6", "@babel/helper-create-regexp-features-plugin@^7.22.15", "@babel/helper-create-regexp-features-plugin@^7.22.5":
    version "7.22.15"
    resolved "https://registry.npmmirror.com/@babel/helper-create-regexp-features-plugin/-/helper-create-regexp-features-plugin-7.22.15.tgz#5ee90093914ea09639b01c711db0d6775e558be1"
    integrity sha512-29FkPLFjn4TPEa3RE7GpW+qbE8tlsu3jntNYNfcGsc49LphF1PQIiD+vMZ1z1xVOKt+93khA9tc2JBs3kBjA7w==
    dependencies:
      "@babel/helper-annotate-as-pure" "^7.22.5"
      regexpu-core "^5.3.1"
      semver "^6.3.1"
  
  "@babel/helper-define-polyfill-provider@^0.6.1", "@babel/helper-define-polyfill-provider@^0.6.2":
    version "0.6.2"
    resolved "https://registry.npmmirror.com/@babel/helper-define-polyfill-provider/-/helper-define-polyfill-provider-0.6.2.tgz#18594f789c3594acb24cfdb4a7f7b7d2e8bd912d"
    integrity sha512-LV76g+C502biUK6AyZ3LK10vDpDyCzZnhZFXkH1L75zHPj68+qc8Zfpx2th+gzwA2MzyK+1g/3EPl62yFnVttQ==
    dependencies:
      "@babel/helper-compilation-targets" "^7.22.6"
      "@babel/helper-plugin-utils" "^7.22.5"
      debug "^4.1.1"
      lodash.debounce "^4.0.8"
      resolve "^1.14.2"
  
  "@babel/helper-environment-visitor@^7.22.20":
    version "7.22.20"
    resolved "https://registry.npmmirror.com/@babel/helper-environment-visitor/-/helper-environment-visitor-7.22.20.tgz#96159db61d34a29dba454c959f5ae4a649ba9167"
    integrity sha512-zfedSIzFhat/gFhWfHtgWvlec0nqB9YEIVrpuwjruLlXfUSnA8cJB0miHKwqDnQ7d32aKo2xt88/xZptwxbfhA==
  
  "@babel/helper-function-name@^7.23.0":
    version "7.23.0"
    resolved "https://registry.npmmirror.com/@babel/helper-function-name/-/helper-function-name-7.23.0.tgz#1f9a3cdbd5b2698a670c30d2735f9af95ed52759"
    integrity sha512-OErEqsrxjZTJciZ4Oo+eoZqeW9UIiOcuYKRJA4ZAgV9myA+pOXhhmpfNCKjEH/auVfEYVFJ6y1Tc4r0eIApqiw==
    dependencies:
      "@babel/template" "^7.22.15"
      "@babel/types" "^7.23.0"
  
  "@babel/helper-hoist-variables@^7.22.5":
    version "7.22.5"
    resolved "https://registry.npmmirror.com/@babel/helper-hoist-variables/-/helper-hoist-variables-7.22.5.tgz#c01a007dac05c085914e8fb652b339db50d823bb"
    integrity sha512-wGjk9QZVzvknA6yKIUURb8zY3grXCcOZt+/7Wcy8O2uctxhplmUPkOdlgoNhmdVee2c92JXbf1xpMtVNbfoxRw==
    dependencies:
      "@babel/types" "^7.22.5"
  
  "@babel/helper-member-expression-to-functions@^7.23.0", "@babel/helper-member-expression-to-functions@^7.24.5":
    version "7.24.5"
    resolved "https://registry.npmmirror.com/@babel/helper-member-expression-to-functions/-/helper-member-expression-to-functions-7.24.5.tgz#5981e131d5c7003c7d1fa1ad49e86c9b097ec475"
    integrity sha512-4owRteeihKWKamtqg4JmWSsEZU445xpFRXPEwp44HbgbxdWlUV1b4Agg4lkA806Lil5XM/e+FJyS0vj5T6vmcA==
    dependencies:
      "@babel/types" "^7.24.5"
  
  "@babel/helper-module-imports@^7.0.0", "@babel/helper-module-imports@^7.22.15", "@babel/helper-module-imports@^7.24.1", "@babel/helper-module-imports@^7.24.3":
    version "7.24.3"
    resolved "https://registry.npmmirror.com/@babel/helper-module-imports/-/helper-module-imports-7.24.3.tgz#6ac476e6d168c7c23ff3ba3cf4f7841d46ac8128"
    integrity sha512-viKb0F9f2s0BCS22QSF308z/+1YWKV/76mwt61NBzS5izMzDPwdq1pTrzf+Li3npBWX9KdQbkeCt1jSAM7lZqg==
    dependencies:
      "@babel/types" "^7.24.0"
  
  "@babel/helper-module-transforms@^7.23.3", "@babel/helper-module-transforms@^7.24.5":
    version "7.24.5"
    resolved "https://registry.npmmirror.com/@babel/helper-module-transforms/-/helper-module-transforms-7.24.5.tgz#ea6c5e33f7b262a0ae762fd5986355c45f54a545"
    integrity sha512-9GxeY8c2d2mdQUP1Dye0ks3VDyIMS98kt/llQ2nUId8IsWqTF0l1LkSX0/uP7l7MCDrzXS009Hyhe2gzTiGW8A==
    dependencies:
      "@babel/helper-environment-visitor" "^7.22.20"
      "@babel/helper-module-imports" "^7.24.3"
      "@babel/helper-simple-access" "^7.24.5"
      "@babel/helper-split-export-declaration" "^7.24.5"
      "@babel/helper-validator-identifier" "^7.24.5"
  
  "@babel/helper-optimise-call-expression@^7.22.5":
    version "7.22.5"
    resolved "https://registry.npmmirror.com/@babel/helper-optimise-call-expression/-/helper-optimise-call-expression-7.22.5.tgz#f21531a9ccbff644fdd156b4077c16ff0c3f609e"
    integrity sha512-HBwaojN0xFRx4yIvpwGqxiV2tUfl7401jlok564NgB9EHS1y6QT17FmKWm4ztqjeVdXLuC4fSvHc5ePpQjoTbw==
    dependencies:
      "@babel/types" "^7.22.5"
  
  "@babel/helper-plugin-utils@^7.0.0", "@babel/helper-plugin-utils@^7.10.4", "@babel/helper-plugin-utils@^7.12.13", "@babel/helper-plugin-utils@^7.14.5", "@babel/helper-plugin-utils@^7.18.6", "@babel/helper-plugin-utils@^7.22.5", "@babel/helper-plugin-utils@^7.24.0", "@babel/helper-plugin-utils@^7.24.5", "@babel/helper-plugin-utils@^7.8.0", "@babel/helper-plugin-utils@^7.8.3":
    version "7.24.5"
    resolved "https://registry.npmmirror.com/@babel/helper-plugin-utils/-/helper-plugin-utils-7.24.5.tgz#a924607dd254a65695e5bd209b98b902b3b2f11a"
    integrity sha512-xjNLDopRzW2o6ba0gKbkZq5YWEBaK3PCyTOY1K2P/O07LGMhMqlMXPxwN4S5/RhWuCobT8z0jrlKGlYmeR1OhQ==
  
  "@babel/helper-remap-async-to-generator@^7.22.20":
    version "7.22.20"
    resolved "https://registry.npmmirror.com/@babel/helper-remap-async-to-generator/-/helper-remap-async-to-generator-7.22.20.tgz#7b68e1cb4fa964d2996fd063723fb48eca8498e0"
    integrity sha512-pBGyV4uBqOns+0UvhsTO8qgl8hO89PmiDYv+/COyp1aeMcmfrfruz+/nCMFiYyFF/Knn0yfrC85ZzNFjembFTw==
    dependencies:
      "@babel/helper-annotate-as-pure" "^7.22.5"
      "@babel/helper-environment-visitor" "^7.22.20"
      "@babel/helper-wrap-function" "^7.22.20"
  
  "@babel/helper-replace-supers@^7.24.1":
    version "7.24.1"
    resolved "https://registry.npmmirror.com/@babel/helper-replace-supers/-/helper-replace-supers-7.24.1.tgz#7085bd19d4a0b7ed8f405c1ed73ccb70f323abc1"
    integrity sha512-QCR1UqC9BzG5vZl8BMicmZ28RuUBnHhAMddD8yHFHDRH9lLTZ9uUPehX8ctVPT8l0TKblJidqcgUUKGVrePleQ==
    dependencies:
      "@babel/helper-environment-visitor" "^7.22.20"
      "@babel/helper-member-expression-to-functions" "^7.23.0"
      "@babel/helper-optimise-call-expression" "^7.22.5"
  
  "@babel/helper-simple-access@^7.22.5", "@babel/helper-simple-access@^7.24.5":
    version "7.24.5"
    resolved "https://registry.npmmirror.com/@babel/helper-simple-access/-/helper-simple-access-7.24.5.tgz#50da5b72f58c16b07fbd992810be6049478e85ba"
    integrity sha512-uH3Hmf5q5n7n8mz7arjUlDOCbttY/DW4DYhE6FUsjKJ/oYC1kQQUvwEQWxRwUpX9qQKRXeqLwWxrqilMrf32sQ==
    dependencies:
      "@babel/types" "^7.24.5"
  
  "@babel/helper-skip-transparent-expression-wrappers@^7.22.5":
    version "7.22.5"
    resolved "https://registry.npmmirror.com/@babel/helper-skip-transparent-expression-wrappers/-/helper-skip-transparent-expression-wrappers-7.22.5.tgz#007f15240b5751c537c40e77abb4e89eeaaa8847"
    integrity sha512-tK14r66JZKiC43p8Ki33yLBVJKlQDFoA8GYN67lWCDCqoL6EMMSuM9b+Iff2jHaM/RRFYl7K+iiru7hbRqNx8Q==
    dependencies:
      "@babel/types" "^7.22.5"
  
  "@babel/helper-split-export-declaration@^7.24.5":
    version "7.24.5"
    resolved "https://registry.npmmirror.com/@babel/helper-split-export-declaration/-/helper-split-export-declaration-7.24.5.tgz#b9a67f06a46b0b339323617c8c6213b9055a78b6"
    integrity sha512-5CHncttXohrHk8GWOFCcCl4oRD9fKosWlIRgWm4ql9VYioKm52Mk2xsmoohvm7f3JoiLSM5ZgJuRaf5QZZYd3Q==
    dependencies:
      "@babel/types" "^7.24.5"
  
  "@babel/helper-string-parser@^7.24.1":
    version "7.24.1"
    resolved "https://registry.npmmirror.com/@babel/helper-string-parser/-/helper-string-parser-7.24.1.tgz#f99c36d3593db9540705d0739a1f10b5e20c696e"
    integrity sha512-2ofRCjnnA9y+wk8b9IAREroeUP02KHp431N2mhKniy2yKIDKpbrHv9eXwm8cBeWQYcJmzv5qKCu65P47eCF7CQ==
  
  "@babel/helper-validator-identifier@^7.22.20", "@babel/helper-validator-identifier@^7.24.5":
    version "7.24.5"
    resolved "https://registry.npmmirror.com/@babel/helper-validator-identifier/-/helper-validator-identifier-7.24.5.tgz#918b1a7fa23056603506370089bd990d8720db62"
    integrity sha512-3q93SSKX2TWCG30M2G2kwaKeTYgEUp5Snjuj8qm729SObL6nbtUldAi37qbxkD5gg3xnBio+f9nqpSepGZMvxA==
  
  "@babel/helper-validator-option@^7.23.5":
    version "7.23.5"
    resolved "https://registry.npmmirror.com/@babel/helper-validator-option/-/helper-validator-option-7.23.5.tgz#907a3fbd4523426285365d1206c423c4c5520307"
    integrity sha512-85ttAOMLsr53VgXkTbkx8oA6YTfT4q7/HzXSLEYmjcSTJPMPQtvq1BD79Byep5xMUYbGRzEpDsjUf3dyp54IKw==
  
  "@babel/helper-wrap-function@^7.22.20":
    version "7.24.5"
    resolved "https://registry.npmmirror.com/@babel/helper-wrap-function/-/helper-wrap-function-7.24.5.tgz#335f934c0962e2c1ed1fb9d79e06a56115067c09"
    integrity sha512-/xxzuNvgRl4/HLNKvnFwdhdgN3cpLxgLROeLDl83Yx0AJ1SGvq1ak0OszTOjDfiB8Vx03eJbeDWh9r+jCCWttw==
    dependencies:
      "@babel/helper-function-name" "^7.23.0"
      "@babel/template" "^7.24.0"
      "@babel/types" "^7.24.5"
  
  "@babel/helpers@^7.24.5":
    version "7.24.5"
    resolved "https://registry.npmmirror.com/@babel/helpers/-/helpers-7.24.5.tgz#fedeb87eeafa62b621160402181ad8585a22a40a"
    integrity sha512-CiQmBMMpMQHwM5m01YnrM6imUG1ebgYJ+fAIW4FZe6m4qHTPaRHti+R8cggAwkdz4oXhtO4/K9JWlh+8hIfR2Q==
    dependencies:
      "@babel/template" "^7.24.0"
      "@babel/traverse" "^7.24.5"
      "@babel/types" "^7.24.5"
  
  "@babel/highlight@^7.24.2":
    version "7.24.5"
    resolved "https://registry.npmmirror.com/@babel/highlight/-/highlight-7.24.5.tgz#bc0613f98e1dd0720e99b2a9ee3760194a704b6e"
    integrity sha512-8lLmua6AVh/8SLJRRVD6V8p73Hir9w5mJrhE+IPpILG31KKlI9iz5zmBYKcWPS59qSfgP9RaSBQSHHE81WKuEw==
    dependencies:
      "@babel/helper-validator-identifier" "^7.24.5"
      chalk "^2.4.2"
      js-tokens "^4.0.0"
      picocolors "^1.0.0"
  
  "@babel/parser@^7.24.0", "@babel/parser@^7.24.5", "@babel/parser@^7.7.0":
    version "7.24.5"
    resolved "https://registry.npmmirror.com/@babel/parser/-/parser-7.24.5.tgz#4a4d5ab4315579e5398a82dcf636ca80c3392790"
    integrity sha512-EOv5IK8arwh3LI47dz1b0tKUb/1uhHAnHJOrjgtQMIpu1uXd9mlFrJg9IUgGUgZ41Ch0K8REPTYpO7B76b4vJg==
  
  "@babel/plugin-bugfix-firefox-class-in-computed-class-key@^7.24.5":
    version "7.24.5"
    resolved "https://registry.npmmirror.com/@babel/plugin-bugfix-firefox-class-in-computed-class-key/-/plugin-bugfix-firefox-class-in-computed-class-key-7.24.5.tgz#4c3685eb9cd790bcad2843900fe0250c91ccf895"
    integrity sha512-LdXRi1wEMTrHVR4Zc9F8OewC3vdm5h4QB6L71zy6StmYeqGi1b3ttIO8UC+BfZKcH9jdr4aI249rBkm+3+YvHw==
    dependencies:
      "@babel/helper-environment-visitor" "^7.22.20"
      "@babel/helper-plugin-utils" "^7.24.5"
  
  "@babel/plugin-bugfix-safari-id-destructuring-collision-in-function-expression@^7.24.1":
    version "7.24.1"
    resolved "https://registry.npmmirror.com/@babel/plugin-bugfix-safari-id-destructuring-collision-in-function-expression/-/plugin-bugfix-safari-id-destructuring-collision-in-function-expression-7.24.1.tgz#b645d9ba8c2bc5b7af50f0fe949f9edbeb07c8cf"
    integrity sha512-y4HqEnkelJIOQGd+3g1bTeKsA5c6qM7eOn7VggGVbBc0y8MLSKHacwcIE2PplNlQSj0PqS9rrXL/nkPVK+kUNg==
    dependencies:
      "@babel/helper-plugin-utils" "^7.24.0"
  
  "@babel/plugin-bugfix-v8-spread-parameters-in-optional-chaining@^7.24.1":
    version "7.24.1"
    resolved "https://registry.npmmirror.com/@babel/plugin-bugfix-v8-spread-parameters-in-optional-chaining/-/plugin-bugfix-v8-spread-parameters-in-optional-chaining-7.24.1.tgz#da8261f2697f0f41b0855b91d3a20a1fbfd271d3"
    integrity sha512-Hj791Ii4ci8HqnaKHAlLNs+zaLXb0EzSDhiAWp5VNlyvCNymYfacs64pxTxbH1znW/NcArSmwpmG9IKE/TUVVQ==
    dependencies:
      "@babel/helper-plugin-utils" "^7.24.0"
      "@babel/helper-skip-transparent-expression-wrappers" "^7.22.5"
      "@babel/plugin-transform-optional-chaining" "^7.24.1"
  
  "@babel/plugin-bugfix-v8-static-class-fields-redefine-readonly@^7.24.1":
    version "7.24.1"
    resolved "https://registry.npmmirror.com/@babel/plugin-bugfix-v8-static-class-fields-redefine-readonly/-/plugin-bugfix-v8-static-class-fields-redefine-readonly-7.24.1.tgz#1181d9685984c91d657b8ddf14f0487a6bab2988"
    integrity sha512-m9m/fXsXLiHfwdgydIFnpk+7jlVbnvlK5B2EKiPdLUb6WX654ZaaEWJUjk8TftRbZpK0XibovlLWX4KIZhV6jw==
    dependencies:
      "@babel/helper-environment-visitor" "^7.22.20"
      "@babel/helper-plugin-utils" "^7.24.0"
  
  "@babel/plugin-proposal-private-property-in-object@7.21.0-placeholder-for-preset-env.2":
    version "7.21.0-placeholder-for-preset-env.2"
    resolved "https://registry.npmmirror.com/@babel/plugin-proposal-private-property-in-object/-/plugin-proposal-private-property-in-object-7.21.0-placeholder-for-preset-env.2.tgz#7844f9289546efa9febac2de4cfe358a050bd703"
    integrity sha512-SOSkfJDddaM7mak6cPEpswyTRnuRltl429hMraQEglW+OkovnCzsiszTmsrlY//qLFjCpQDFRvjdm2wA5pPm9w==
  
  "@babel/plugin-syntax-async-generators@^7.8.4":
    version "7.8.4"
    resolved "https://registry.npmmirror.com/@babel/plugin-syntax-async-generators/-/plugin-syntax-async-generators-7.8.4.tgz#a983fb1aeb2ec3f6ed042a210f640e90e786fe0d"
    integrity sha512-tycmZxkGfZaxhMRbXlPXuVFpdWlXpir2W4AMhSJgRKzk/eDlIXOhb2LHWoLpDF7TEHylV5zNhykX6KAgHJmTNw==
    dependencies:
      "@babel/helper-plugin-utils" "^7.8.0"
  
  "@babel/plugin-syntax-class-properties@^7.12.13":
    version "7.12.13"
    resolved "https://registry.npmmirror.com/@babel/plugin-syntax-class-properties/-/plugin-syntax-class-properties-7.12.13.tgz#b5c987274c4a3a82b89714796931a6b53544ae10"
    integrity sha512-fm4idjKla0YahUNgFNLCB0qySdsoPiZP3iQE3rky0mBUtMZ23yDJ9SJdg6dXTSDnulOVqiF3Hgr9nbXvXTQZYA==
    dependencies:
      "@babel/helper-plugin-utils" "^7.12.13"
  
  "@babel/plugin-syntax-class-static-block@^7.14.5":
    version "7.14.5"
    resolved "https://registry.npmmirror.com/@babel/plugin-syntax-class-static-block/-/plugin-syntax-class-static-block-7.14.5.tgz#195df89b146b4b78b3bf897fd7a257c84659d406"
    integrity sha512-b+YyPmr6ldyNnM6sqYeMWE+bgJcJpO6yS4QD7ymxgH34GBPNDM/THBh8iunyvKIZztiwLH4CJZ0RxTk9emgpjw==
    dependencies:
      "@babel/helper-plugin-utils" "^7.14.5"
  
  "@babel/plugin-syntax-dynamic-import@^7.8.3":
    version "7.8.3"
    resolved "https://registry.npmmirror.com/@babel/plugin-syntax-dynamic-import/-/plugin-syntax-dynamic-import-7.8.3.tgz#62bf98b2da3cd21d626154fc96ee5b3cb68eacb3"
    integrity sha512-5gdGbFon+PszYzqs83S3E5mpi7/y/8M9eC90MRTZfduQOYW76ig6SOSPNe41IG5LoP3FGBn2N0RjVDSQiS94kQ==
    dependencies:
      "@babel/helper-plugin-utils" "^7.8.0"
  
  "@babel/plugin-syntax-export-namespace-from@^7.8.3":
    version "7.8.3"
    resolved "https://registry.npmmirror.com/@babel/plugin-syntax-export-namespace-from/-/plugin-syntax-export-namespace-from-7.8.3.tgz#028964a9ba80dbc094c915c487ad7c4e7a66465a"
    integrity sha512-MXf5laXo6c1IbEbegDmzGPwGNTsHZmEy6QGznu5Sh2UCWvueywb2ee+CCE4zQiZstxU9BMoQO9i6zUFSY0Kj0Q==
    dependencies:
      "@babel/helper-plugin-utils" "^7.8.3"
  
  "@babel/plugin-syntax-import-assertions@^7.24.1":
    version "7.24.1"
    resolved "https://registry.npmmirror.com/@babel/plugin-syntax-import-assertions/-/plugin-syntax-import-assertions-7.24.1.tgz#db3aad724153a00eaac115a3fb898de544e34971"
    integrity sha512-IuwnI5XnuF189t91XbxmXeCDz3qs6iDRO7GJ++wcfgeXNs/8FmIlKcpDSXNVyuLQxlwvskmI3Ct73wUODkJBlQ==
    dependencies:
      "@babel/helper-plugin-utils" "^7.24.0"
  
  "@babel/plugin-syntax-import-attributes@^7.24.1":
    version "7.24.1"
    resolved "https://registry.npmmirror.com/@babel/plugin-syntax-import-attributes/-/plugin-syntax-import-attributes-7.24.1.tgz#c66b966c63b714c4eec508fcf5763b1f2d381093"
    integrity sha512-zhQTMH0X2nVLnb04tz+s7AMuasX8U0FnpE+nHTOhSOINjWMnopoZTxtIKsd45n4GQ/HIZLyfIpoul8e2m0DnRA==
    dependencies:
      "@babel/helper-plugin-utils" "^7.24.0"
  
  "@babel/plugin-syntax-import-meta@^7.10.4":
    version "7.10.4"
    resolved "https://registry.npmmirror.com/@babel/plugin-syntax-import-meta/-/plugin-syntax-import-meta-7.10.4.tgz#ee601348c370fa334d2207be158777496521fd51"
    integrity sha512-Yqfm+XDx0+Prh3VSeEQCPU81yC+JWZ2pDPFSS4ZdpfZhp4MkFMaDC1UqseovEKwSUpnIL7+vK+Clp7bfh0iD7g==
    dependencies:
      "@babel/helper-plugin-utils" "^7.10.4"
  
  "@babel/plugin-syntax-json-strings@^7.8.3":
    version "7.8.3"
    resolved "https://registry.npmmirror.com/@babel/plugin-syntax-json-strings/-/plugin-syntax-json-strings-7.8.3.tgz#01ca21b668cd8218c9e640cb6dd88c5412b2c96a"
    integrity sha512-lY6kdGpWHvjoe2vk4WrAapEuBR69EMxZl+RoGRhrFGNYVK8mOPAW8VfbT/ZgrFbXlDNiiaxQnAtgVCZ6jv30EA==
    dependencies:
      "@babel/helper-plugin-utils" "^7.8.0"
  
  "@babel/plugin-syntax-jsx@^7.23.3":
    version "7.24.1"
    resolved "https://registry.npmmirror.com/@babel/plugin-syntax-jsx/-/plugin-syntax-jsx-7.24.1.tgz#3f6ca04b8c841811dbc3c5c5f837934e0d626c10"
    integrity sha512-2eCtxZXf+kbkMIsXS4poTvT4Yu5rXiRa+9xGVT56raghjmBTKMpFNc9R4IDiB4emao9eO22Ox7CxuJG7BgExqA==
    dependencies:
      "@babel/helper-plugin-utils" "^7.24.0"
  
  "@babel/plugin-syntax-logical-assignment-operators@^7.10.4":
    version "7.10.4"
    resolved "https://registry.npmmirror.com/@babel/plugin-syntax-logical-assignment-operators/-/plugin-syntax-logical-assignment-operators-7.10.4.tgz#ca91ef46303530448b906652bac2e9fe9941f699"
    integrity sha512-d8waShlpFDinQ5MtvGU9xDAOzKH47+FFoney2baFIoMr952hKOLp1HR7VszoZvOsV/4+RRszNY7D17ba0te0ig==
    dependencies:
      "@babel/helper-plugin-utils" "^7.10.4"
  
  "@babel/plugin-syntax-nullish-coalescing-operator@^7.8.3":
    version "7.8.3"
    resolved "https://registry.npmmirror.com/@babel/plugin-syntax-nullish-coalescing-operator/-/plugin-syntax-nullish-coalescing-operator-7.8.3.tgz#167ed70368886081f74b5c36c65a88c03b66d1a9"
    integrity sha512-aSff4zPII1u2QD7y+F8oDsz19ew4IGEJg9SVW+bqwpwtfFleiQDMdzA/R+UlWDzfnHFCxxleFT0PMIrR36XLNQ==
    dependencies:
      "@babel/helper-plugin-utils" "^7.8.0"
  
  "@babel/plugin-syntax-numeric-separator@^7.10.4":
    version "7.10.4"
    resolved "https://registry.npmmirror.com/@babel/plugin-syntax-numeric-separator/-/plugin-syntax-numeric-separator-7.10.4.tgz#b9b070b3e33570cd9fd07ba7fa91c0dd37b9af97"
    integrity sha512-9H6YdfkcK/uOnY/K7/aA2xpzaAgkQn37yzWUMRK7OaPOqOpGS1+n0H5hxT9AUw9EsSjPW8SVyMJwYRtWs3X3ug==
    dependencies:
      "@babel/helper-plugin-utils" "^7.10.4"
  
  "@babel/plugin-syntax-object-rest-spread@^7.8.3":
    version "7.8.3"
    resolved "https://registry.npmmirror.com/@babel/plugin-syntax-object-rest-spread/-/plugin-syntax-object-rest-spread-7.8.3.tgz#60e225edcbd98a640332a2e72dd3e66f1af55871"
    integrity sha512-XoqMijGZb9y3y2XskN+P1wUGiVwWZ5JmoDRwx5+3GmEplNyVM2s2Dg8ILFQm8rWM48orGy5YpI5Bl8U1y7ydlA==
    dependencies:
      "@babel/helper-plugin-utils" "^7.8.0"
  
  "@babel/plugin-syntax-optional-catch-binding@^7.8.3":
    version "7.8.3"
    resolved "https://registry.npmmirror.com/@babel/plugin-syntax-optional-catch-binding/-/plugin-syntax-optional-catch-binding-7.8.3.tgz#6111a265bcfb020eb9efd0fdfd7d26402b9ed6c1"
    integrity sha512-6VPD0Pc1lpTqw0aKoeRTMiB+kWhAoT24PA+ksWSBrFtl5SIRVpZlwN3NNPQjehA2E/91FV3RjLWoVTglWcSV3Q==
    dependencies:
      "@babel/helper-plugin-utils" "^7.8.0"
  
  "@babel/plugin-syntax-optional-chaining@^7.8.3":
    version "7.8.3"
    resolved "https://registry.npmmirror.com/@babel/plugin-syntax-optional-chaining/-/plugin-syntax-optional-chaining-7.8.3.tgz#4f69c2ab95167e0180cd5336613f8c5788f7d48a"
    integrity sha512-KoK9ErH1MBlCPxV0VANkXW2/dw4vlbGDrFgz8bmUsBGYkFRcbRwMh6cIJubdPrkxRwuGdtCk0v/wPTKbQgBjkg==
    dependencies:
      "@babel/helper-plugin-utils" "^7.8.0"
  
  "@babel/plugin-syntax-private-property-in-object@^7.14.5":
    version "7.14.5"
    resolved "https://registry.npmmirror.com/@babel/plugin-syntax-private-property-in-object/-/plugin-syntax-private-property-in-object-7.14.5.tgz#0dc6671ec0ea22b6e94a1114f857970cd39de1ad"
    integrity sha512-0wVnp9dxJ72ZUJDV27ZfbSj6iHLoytYZmh3rFcxNnvsJF3ktkzLDZPy/mA17HGsaQT3/DQsWYX1f1QGWkCoVUg==
    dependencies:
      "@babel/helper-plugin-utils" "^7.14.5"
  
  "@babel/plugin-syntax-top-level-await@^7.14.5":
    version "7.14.5"
    resolved "https://registry.npmmirror.com/@babel/plugin-syntax-top-level-await/-/plugin-syntax-top-level-await-7.14.5.tgz#c1cfdadc35a646240001f06138247b741c34d94c"
    integrity sha512-hx++upLv5U1rgYfwe1xBQUhRmU41NEvpUvrp8jkrSCdvGSnM5/qdRMtylJ6PG5OFkBaHkbTAKTnd3/YyESRHFw==
    dependencies:
      "@babel/helper-plugin-utils" "^7.14.5"
  
  "@babel/plugin-syntax-unicode-sets-regex@^7.18.6":
    version "7.18.6"
    resolved "https://registry.npmmirror.com/@babel/plugin-syntax-unicode-sets-regex/-/plugin-syntax-unicode-sets-regex-7.18.6.tgz#d49a3b3e6b52e5be6740022317580234a6a47357"
    integrity sha512-727YkEAPwSIQTv5im8QHz3upqp92JTWhidIC81Tdx4VJYIte/VndKf1qKrfnnhPLiPghStWfvC/iFaMCQu7Nqg==
    dependencies:
      "@babel/helper-create-regexp-features-plugin" "^7.18.6"
      "@babel/helper-plugin-utils" "^7.18.6"
  
  "@babel/plugin-transform-arrow-functions@^7.24.1":
    version "7.24.1"
    resolved "https://registry.npmmirror.com/@babel/plugin-transform-arrow-functions/-/plugin-transform-arrow-functions-7.24.1.tgz#2bf263617060c9cc45bcdbf492b8cc805082bf27"
    integrity sha512-ngT/3NkRhsaep9ck9uj2Xhv9+xB1zShY3tM3g6om4xxCELwCDN4g4Aq5dRn48+0hasAql7s2hdBOysCfNpr4fw==
    dependencies:
      "@babel/helper-plugin-utils" "^7.24.0"
  
  "@babel/plugin-transform-async-generator-functions@^7.24.3":
    version "7.24.3"
    resolved "https://registry.npmmirror.com/@babel/plugin-transform-async-generator-functions/-/plugin-transform-async-generator-functions-7.24.3.tgz#8fa7ae481b100768cc9842c8617808c5352b8b89"
    integrity sha512-Qe26CMYVjpQxJ8zxM1340JFNjZaF+ISWpr1Kt/jGo+ZTUzKkfw/pphEWbRCb+lmSM6k/TOgfYLvmbHkUQ0asIg==
    dependencies:
      "@babel/helper-environment-visitor" "^7.22.20"
      "@babel/helper-plugin-utils" "^7.24.0"
      "@babel/helper-remap-async-to-generator" "^7.22.20"
      "@babel/plugin-syntax-async-generators" "^7.8.4"
  
  "@babel/plugin-transform-async-to-generator@^7.24.1":
    version "7.24.1"
    resolved "https://registry.npmmirror.com/@babel/plugin-transform-async-to-generator/-/plugin-transform-async-to-generator-7.24.1.tgz#0e220703b89f2216800ce7b1c53cb0cf521c37f4"
    integrity sha512-AawPptitRXp1y0n4ilKcGbRYWfbbzFWz2NqNu7dacYDtFtz0CMjG64b3LQsb3KIgnf4/obcUL78hfaOS7iCUfw==
    dependencies:
      "@babel/helper-module-imports" "^7.24.1"
      "@babel/helper-plugin-utils" "^7.24.0"
      "@babel/helper-remap-async-to-generator" "^7.22.20"
  
  "@babel/plugin-transform-block-scoped-functions@^7.24.1":
    version "7.24.1"
    resolved "https://registry.npmmirror.com/@babel/plugin-transform-block-scoped-functions/-/plugin-transform-block-scoped-functions-7.24.1.tgz#1c94799e20fcd5c4d4589523bbc57b7692979380"
    integrity sha512-TWWC18OShZutrv9C6mye1xwtam+uNi2bnTOCBUd5sZxyHOiWbU6ztSROofIMrK84uweEZC219POICK/sTYwfgg==
    dependencies:
      "@babel/helper-plugin-utils" "^7.24.0"
  
  "@babel/plugin-transform-block-scoping@^7.24.5":
    version "7.24.5"
    resolved "https://registry.npmmirror.com/@babel/plugin-transform-block-scoping/-/plugin-transform-block-scoping-7.24.5.tgz#89574191397f85661d6f748d4b89ee4d9ee69a2a"
    integrity sha512-sMfBc3OxghjC95BkYrYocHL3NaOplrcaunblzwXhGmlPwpmfsxr4vK+mBBt49r+S240vahmv+kUxkeKgs+haCw==
    dependencies:
      "@babel/helper-plugin-utils" "^7.24.5"
  
  "@babel/plugin-transform-class-properties@^7.24.1":
    version "7.24.1"
    resolved "https://registry.npmmirror.com/@babel/plugin-transform-class-properties/-/plugin-transform-class-properties-7.24.1.tgz#bcbf1aef6ba6085cfddec9fc8d58871cf011fc29"
    integrity sha512-OMLCXi0NqvJfORTaPQBwqLXHhb93wkBKZ4aNwMl6WtehO7ar+cmp+89iPEQPqxAnxsOKTaMcs3POz3rKayJ72g==
    dependencies:
      "@babel/helper-create-class-features-plugin" "^7.24.1"
      "@babel/helper-plugin-utils" "^7.24.0"
  
  "@babel/plugin-transform-class-static-block@^7.24.4":
    version "7.24.4"
    resolved "https://registry.npmmirror.com/@babel/plugin-transform-class-static-block/-/plugin-transform-class-static-block-7.24.4.tgz#1a4653c0cf8ac46441ec406dece6e9bc590356a4"
    integrity sha512-B8q7Pz870Hz/q9UgP8InNpY01CSLDSCyqX7zcRuv3FcPl87A2G17lASroHWaCtbdIcbYzOZ7kWmXFKbijMSmFg==
    dependencies:
      "@babel/helper-create-class-features-plugin" "^7.24.4"
      "@babel/helper-plugin-utils" "^7.24.0"
      "@babel/plugin-syntax-class-static-block" "^7.14.5"
  
  "@babel/plugin-transform-classes@^7.24.5":
    version "7.24.5"
    resolved "https://registry.npmmirror.com/@babel/plugin-transform-classes/-/plugin-transform-classes-7.24.5.tgz#05e04a09df49a46348299a0e24bfd7e901129339"
    integrity sha512-gWkLP25DFj2dwe9Ck8uwMOpko4YsqyfZJrOmqqcegeDYEbp7rmn4U6UQZNj08UF6MaX39XenSpKRCvpDRBtZ7Q==
    dependencies:
      "@babel/helper-annotate-as-pure" "^7.22.5"
      "@babel/helper-compilation-targets" "^7.23.6"
      "@babel/helper-environment-visitor" "^7.22.20"
      "@babel/helper-function-name" "^7.23.0"
      "@babel/helper-plugin-utils" "^7.24.5"
      "@babel/helper-replace-supers" "^7.24.1"
      "@babel/helper-split-export-declaration" "^7.24.5"
      globals "^11.1.0"
  
  "@babel/plugin-transform-computed-properties@^7.24.1":
    version "7.24.1"
    resolved "https://registry.npmmirror.com/@babel/plugin-transform-computed-properties/-/plugin-transform-computed-properties-7.24.1.tgz#bc7e787f8e021eccfb677af5f13c29a9934ed8a7"
    integrity sha512-5pJGVIUfJpOS+pAqBQd+QMaTD2vCL/HcePooON6pDpHgRp4gNRmzyHTPIkXntwKsq3ayUFVfJaIKPw2pOkOcTw==
    dependencies:
      "@babel/helper-plugin-utils" "^7.24.0"
      "@babel/template" "^7.24.0"
  
  "@babel/plugin-transform-destructuring@^7.24.5":
    version "7.24.5"
    resolved "https://registry.npmmirror.com/@babel/plugin-transform-destructuring/-/plugin-transform-destructuring-7.24.5.tgz#80843ee6a520f7362686d1a97a7b53544ede453c"
    integrity sha512-SZuuLyfxvsm+Ah57I/i1HVjveBENYK9ue8MJ7qkc7ndoNjqquJiElzA7f5yaAXjyW2hKojosOTAQQRX50bPSVg==
    dependencies:
      "@babel/helper-plugin-utils" "^7.24.5"
  
  "@babel/plugin-transform-dotall-regex@^7.24.1":
    version "7.24.1"
    resolved "https://registry.npmmirror.com/@babel/plugin-transform-dotall-regex/-/plugin-transform-dotall-regex-7.24.1.tgz#d56913d2f12795cc9930801b84c6f8c47513ac13"
    integrity sha512-p7uUxgSoZwZ2lPNMzUkqCts3xlp8n+o05ikjy7gbtFJSt9gdU88jAmtfmOxHM14noQXBxfgzf2yRWECiNVhTCw==
    dependencies:
      "@babel/helper-create-regexp-features-plugin" "^7.22.15"
      "@babel/helper-plugin-utils" "^7.24.0"
  
  "@babel/plugin-transform-duplicate-keys@^7.24.1":
    version "7.24.1"
    resolved "https://registry.npmmirror.com/@babel/plugin-transform-duplicate-keys/-/plugin-transform-duplicate-keys-7.24.1.tgz#5347a797fe82b8d09749d10e9f5b83665adbca88"
    integrity sha512-msyzuUnvsjsaSaocV6L7ErfNsa5nDWL1XKNnDePLgmz+WdU4w/J8+AxBMrWfi9m4IxfL5sZQKUPQKDQeeAT6lA==
    dependencies:
      "@babel/helper-plugin-utils" "^7.24.0"
  
  "@babel/plugin-transform-dynamic-import@^7.24.1":
    version "7.24.1"
    resolved "https://registry.npmmirror.com/@babel/plugin-transform-dynamic-import/-/plugin-transform-dynamic-import-7.24.1.tgz#2a5a49959201970dd09a5fca856cb651e44439dd"
    integrity sha512-av2gdSTyXcJVdI+8aFZsCAtR29xJt0S5tas+Ef8NvBNmD1a+N/3ecMLeMBgfcK+xzsjdLDT6oHt+DFPyeqUbDA==
    dependencies:
      "@babel/helper-plugin-utils" "^7.24.0"
      "@babel/plugin-syntax-dynamic-import" "^7.8.3"
  
  "@babel/plugin-transform-exponentiation-operator@^7.24.1":
    version "7.24.1"
    resolved "https://registry.npmmirror.com/@babel/plugin-transform-exponentiation-operator/-/plugin-transform-exponentiation-operator-7.24.1.tgz#6650ebeb5bd5c012d5f5f90a26613a08162e8ba4"
    integrity sha512-U1yX13dVBSwS23DEAqU+Z/PkwE9/m7QQy8Y9/+Tdb8UWYaGNDYwTLi19wqIAiROr8sXVum9A/rtiH5H0boUcTw==
    dependencies:
      "@babel/helper-builder-binary-assignment-operator-visitor" "^7.22.15"
      "@babel/helper-plugin-utils" "^7.24.0"
  
  "@babel/plugin-transform-export-namespace-from@^7.24.1":
    version "7.24.1"
    resolved "https://registry.npmmirror.com/@babel/plugin-transform-export-namespace-from/-/plugin-transform-export-namespace-from-7.24.1.tgz#f033541fc036e3efb2dcb58eedafd4f6b8078acd"
    integrity sha512-Ft38m/KFOyzKw2UaJFkWG9QnHPG/Q/2SkOrRk4pNBPg5IPZ+dOxcmkK5IyuBcxiNPyyYowPGUReyBvrvZs7IlQ==
    dependencies:
      "@babel/helper-plugin-utils" "^7.24.0"
      "@babel/plugin-syntax-export-namespace-from" "^7.8.3"
  
  "@babel/plugin-transform-for-of@^7.24.1":
    version "7.24.1"
    resolved "https://registry.npmmirror.com/@babel/plugin-transform-for-of/-/plugin-transform-for-of-7.24.1.tgz#67448446b67ab6c091360ce3717e7d3a59e202fd"
    integrity sha512-OxBdcnF04bpdQdR3i4giHZNZQn7cm8RQKcSwA17wAAqEELo1ZOwp5FFgeptWUQXFyT9kwHo10aqqauYkRZPCAg==
    dependencies:
      "@babel/helper-plugin-utils" "^7.24.0"
      "@babel/helper-skip-transparent-expression-wrappers" "^7.22.5"
  
  "@babel/plugin-transform-function-name@^7.24.1":
    version "7.24.1"
    resolved "https://registry.npmmirror.com/@babel/plugin-transform-function-name/-/plugin-transform-function-name-7.24.1.tgz#8cba6f7730626cc4dfe4ca2fa516215a0592b361"
    integrity sha512-BXmDZpPlh7jwicKArQASrj8n22/w6iymRnvHYYd2zO30DbE277JO20/7yXJT3QxDPtiQiOxQBbZH4TpivNXIxA==
    dependencies:
      "@babel/helper-compilation-targets" "^7.23.6"
      "@babel/helper-function-name" "^7.23.0"
      "@babel/helper-plugin-utils" "^7.24.0"
  
  "@babel/plugin-transform-json-strings@^7.24.1":
    version "7.24.1"
    resolved "https://registry.npmmirror.com/@babel/plugin-transform-json-strings/-/plugin-transform-json-strings-7.24.1.tgz#08e6369b62ab3e8a7b61089151b161180c8299f7"
    integrity sha512-U7RMFmRvoasscrIFy5xA4gIp8iWnWubnKkKuUGJjsuOH7GfbMkB+XZzeslx2kLdEGdOJDamEmCqOks6e8nv8DQ==
    dependencies:
      "@babel/helper-plugin-utils" "^7.24.0"
      "@babel/plugin-syntax-json-strings" "^7.8.3"
  
  "@babel/plugin-transform-literals@^7.24.1":
    version "7.24.1"
    resolved "https://registry.npmmirror.com/@babel/plugin-transform-literals/-/plugin-transform-literals-7.24.1.tgz#0a1982297af83e6b3c94972686067df588c5c096"
    integrity sha512-zn9pwz8U7nCqOYIiBaOxoQOtYmMODXTJnkxG4AtX8fPmnCRYWBOHD0qcpwS9e2VDSp1zNJYpdnFMIKb8jmwu6g==
    dependencies:
      "@babel/helper-plugin-utils" "^7.24.0"
  
  "@babel/plugin-transform-logical-assignment-operators@^7.24.1":
    version "7.24.1"
    resolved "https://registry.npmmirror.com/@babel/plugin-transform-logical-assignment-operators/-/plugin-transform-logical-assignment-operators-7.24.1.tgz#719d8aded1aa94b8fb34e3a785ae8518e24cfa40"
    integrity sha512-OhN6J4Bpz+hIBqItTeWJujDOfNP+unqv/NJgyhlpSqgBTPm37KkMmZV6SYcOj+pnDbdcl1qRGV/ZiIjX9Iy34w==
    dependencies:
      "@babel/helper-plugin-utils" "^7.24.0"
      "@babel/plugin-syntax-logical-assignment-operators" "^7.10.4"
  
  "@babel/plugin-transform-member-expression-literals@^7.24.1":
    version "7.24.1"
    resolved "https://registry.npmmirror.com/@babel/plugin-transform-member-expression-literals/-/plugin-transform-member-expression-literals-7.24.1.tgz#896d23601c92f437af8b01371ad34beb75df4489"
    integrity sha512-4ojai0KysTWXzHseJKa1XPNXKRbuUrhkOPY4rEGeR+7ChlJVKxFa3H3Bz+7tWaGKgJAXUWKOGmltN+u9B3+CVg==
    dependencies:
      "@babel/helper-plugin-utils" "^7.24.0"
  
  "@babel/plugin-transform-modules-amd@^7.24.1":
    version "7.24.1"
    resolved "https://registry.npmmirror.com/@babel/plugin-transform-modules-amd/-/plugin-transform-modules-amd-7.24.1.tgz#b6d829ed15258536977e9c7cc6437814871ffa39"
    integrity sha512-lAxNHi4HVtjnHd5Rxg3D5t99Xm6H7b04hUS7EHIXcUl2EV4yl1gWdqZrNzXnSrHveL9qMdbODlLF55mvgjAfaQ==
    dependencies:
      "@babel/helper-module-transforms" "^7.23.3"
      "@babel/helper-plugin-utils" "^7.24.0"
  
  "@babel/plugin-transform-modules-commonjs@^7.24.1":
    version "7.24.1"
    resolved "https://registry.npmmirror.com/@babel/plugin-transform-modules-commonjs/-/plugin-transform-modules-commonjs-7.24.1.tgz#e71ba1d0d69e049a22bf90b3867e263823d3f1b9"
    integrity sha512-szog8fFTUxBfw0b98gEWPaEqF42ZUD/T3bkynW/wtgx2p/XCP55WEsb+VosKceRSd6njipdZvNogqdtI4Q0chw==
    dependencies:
      "@babel/helper-module-transforms" "^7.23.3"
      "@babel/helper-plugin-utils" "^7.24.0"
      "@babel/helper-simple-access" "^7.22.5"
  
  "@babel/plugin-transform-modules-systemjs@^7.24.1":
    version "7.24.1"
    resolved "https://registry.npmmirror.com/@babel/plugin-transform-modules-systemjs/-/plugin-transform-modules-systemjs-7.24.1.tgz#2b9625a3d4e445babac9788daec39094e6b11e3e"
    integrity sha512-mqQ3Zh9vFO1Tpmlt8QPnbwGHzNz3lpNEMxQb1kAemn/erstyqw1r9KeOlOfo3y6xAnFEcOv2tSyrXfmMk+/YZA==
    dependencies:
      "@babel/helper-hoist-variables" "^7.22.5"
      "@babel/helper-module-transforms" "^7.23.3"
      "@babel/helper-plugin-utils" "^7.24.0"
      "@babel/helper-validator-identifier" "^7.22.20"
  
  "@babel/plugin-transform-modules-umd@^7.24.1":
    version "7.24.1"
    resolved "https://registry.npmmirror.com/@babel/plugin-transform-modules-umd/-/plugin-transform-modules-umd-7.24.1.tgz#69220c66653a19cf2c0872b9c762b9a48b8bebef"
    integrity sha512-tuA3lpPj+5ITfcCluy6nWonSL7RvaG0AOTeAuvXqEKS34lnLzXpDb0dcP6K8jD0zWZFNDVly90AGFJPnm4fOYg==
    dependencies:
      "@babel/helper-module-transforms" "^7.23.3"
      "@babel/helper-plugin-utils" "^7.24.0"
  
  "@babel/plugin-transform-named-capturing-groups-regex@^7.22.5":
    version "7.22.5"
    resolved "https://registry.npmmirror.com/@babel/plugin-transform-named-capturing-groups-regex/-/plugin-transform-named-capturing-groups-regex-7.22.5.tgz#67fe18ee8ce02d57c855185e27e3dc959b2e991f"
    integrity sha512-YgLLKmS3aUBhHaxp5hi1WJTgOUb/NCuDHzGT9z9WTt3YG+CPRhJs6nprbStx6DnWM4dh6gt7SU3sZodbZ08adQ==
    dependencies:
      "@babel/helper-create-regexp-features-plugin" "^7.22.5"
      "@babel/helper-plugin-utils" "^7.22.5"
  
  "@babel/plugin-transform-new-target@^7.24.1":
    version "7.24.1"
    resolved "https://registry.npmmirror.com/@babel/plugin-transform-new-target/-/plugin-transform-new-target-7.24.1.tgz#29c59988fa3d0157de1c871a28cd83096363cc34"
    integrity sha512-/rurytBM34hYy0HKZQyA0nHbQgQNFm4Q/BOc9Hflxi2X3twRof7NaE5W46j4kQitm7SvACVRXsa6N/tSZxvPug==
    dependencies:
      "@babel/helper-plugin-utils" "^7.24.0"
  
  "@babel/plugin-transform-nullish-coalescing-operator@^7.24.1":
    version "7.24.1"
    resolved "https://registry.npmmirror.com/@babel/plugin-transform-nullish-coalescing-operator/-/plugin-transform-nullish-coalescing-operator-7.24.1.tgz#0cd494bb97cb07d428bd651632cb9d4140513988"
    integrity sha512-iQ+caew8wRrhCikO5DrUYx0mrmdhkaELgFa+7baMcVuhxIkN7oxt06CZ51D65ugIb1UWRQ8oQe+HXAVM6qHFjw==
    dependencies:
      "@babel/helper-plugin-utils" "^7.24.0"
      "@babel/plugin-syntax-nullish-coalescing-operator" "^7.8.3"
  
  "@babel/plugin-transform-numeric-separator@^7.24.1":
    version "7.24.1"
    resolved "https://registry.npmmirror.com/@babel/plugin-transform-numeric-separator/-/plugin-transform-numeric-separator-7.24.1.tgz#5bc019ce5b3435c1cadf37215e55e433d674d4e8"
    integrity sha512-7GAsGlK4cNL2OExJH1DzmDeKnRv/LXq0eLUSvudrehVA5Rgg4bIrqEUW29FbKMBRT0ztSqisv7kjP+XIC4ZMNw==
    dependencies:
      "@babel/helper-plugin-utils" "^7.24.0"
      "@babel/plugin-syntax-numeric-separator" "^7.10.4"
  
  "@babel/plugin-transform-object-rest-spread@^7.24.5":
    version "7.24.5"
    resolved "https://registry.npmmirror.com/@babel/plugin-transform-object-rest-spread/-/plugin-transform-object-rest-spread-7.24.5.tgz#f91bbcb092ff957c54b4091c86bda8372f0b10ef"
    integrity sha512-7EauQHszLGM3ay7a161tTQH7fj+3vVM/gThlz5HpFtnygTxjrlvoeq7MPVA1Vy9Q555OB8SnAOsMkLShNkkrHA==
    dependencies:
      "@babel/helper-compilation-targets" "^7.23.6"
      "@babel/helper-plugin-utils" "^7.24.5"
      "@babel/plugin-syntax-object-rest-spread" "^7.8.3"
      "@babel/plugin-transform-parameters" "^7.24.5"
  
  "@babel/plugin-transform-object-super@^7.24.1":
    version "7.24.1"
    resolved "https://registry.npmmirror.com/@babel/plugin-transform-object-super/-/plugin-transform-object-super-7.24.1.tgz#e71d6ab13483cca89ed95a474f542bbfc20a0520"
    integrity sha512-oKJqR3TeI5hSLRxudMjFQ9re9fBVUU0GICqM3J1mi8MqlhVr6hC/ZN4ttAyMuQR6EZZIY6h/exe5swqGNNIkWQ==
    dependencies:
      "@babel/helper-plugin-utils" "^7.24.0"
      "@babel/helper-replace-supers" "^7.24.1"
  
  "@babel/plugin-transform-optional-catch-binding@^7.24.1":
    version "7.24.1"
    resolved "https://registry.npmmirror.com/@babel/plugin-transform-optional-catch-binding/-/plugin-transform-optional-catch-binding-7.24.1.tgz#92a3d0efe847ba722f1a4508669b23134669e2da"
    integrity sha512-oBTH7oURV4Y+3EUrf6cWn1OHio3qG/PVwO5J03iSJmBg6m2EhKjkAu/xuaXaYwWW9miYtvbWv4LNf0AmR43LUA==
    dependencies:
      "@babel/helper-plugin-utils" "^7.24.0"
      "@babel/plugin-syntax-optional-catch-binding" "^7.8.3"
  
  "@babel/plugin-transform-optional-chaining@^7.24.1", "@babel/plugin-transform-optional-chaining@^7.24.5":
    version "7.24.5"
    resolved "https://registry.npmmirror.com/@babel/plugin-transform-optional-chaining/-/plugin-transform-optional-chaining-7.24.5.tgz#a6334bebd7f9dd3df37447880d0bd64b778e600f"
    integrity sha512-xWCkmwKT+ihmA6l7SSTpk8e4qQl/274iNbSKRRS8mpqFR32ksy36+a+LWY8OXCCEefF8WFlnOHVsaDI2231wBg==
    dependencies:
      "@babel/helper-plugin-utils" "^7.24.5"
      "@babel/helper-skip-transparent-expression-wrappers" "^7.22.5"
      "@babel/plugin-syntax-optional-chaining" "^7.8.3"
  
  "@babel/plugin-transform-parameters@^7.24.5":
    version "7.24.5"
    resolved "https://registry.npmmirror.com/@babel/plugin-transform-parameters/-/plugin-transform-parameters-7.24.5.tgz#5c3b23f3a6b8fed090f9b98f2926896d3153cc62"
    integrity sha512-9Co00MqZ2aoky+4j2jhofErthm6QVLKbpQrvz20c3CH9KQCLHyNB+t2ya4/UrRpQGR+Wrwjg9foopoeSdnHOkA==
    dependencies:
      "@babel/helper-plugin-utils" "^7.24.5"
  
  "@babel/plugin-transform-private-methods@^7.24.1":
    version "7.24.1"
    resolved "https://registry.npmmirror.com/@babel/plugin-transform-private-methods/-/plugin-transform-private-methods-7.24.1.tgz#a0faa1ae87eff077e1e47a5ec81c3aef383dc15a"
    integrity sha512-tGvisebwBO5em4PaYNqt4fkw56K2VALsAbAakY0FjTYqJp7gfdrgr7YX76Or8/cpik0W6+tj3rZ0uHU9Oil4tw==
    dependencies:
      "@babel/helper-create-class-features-plugin" "^7.24.1"
      "@babel/helper-plugin-utils" "^7.24.0"
  
  "@babel/plugin-transform-private-property-in-object@^7.24.5":
    version "7.24.5"
    resolved "https://registry.npmmirror.com/@babel/plugin-transform-private-property-in-object/-/plugin-transform-private-property-in-object-7.24.5.tgz#f5d1fcad36e30c960134cb479f1ca98a5b06eda5"
    integrity sha512-JM4MHZqnWR04jPMujQDTBVRnqxpLLpx2tkn7iPn+Hmsc0Gnb79yvRWOkvqFOx3Z7P7VxiRIR22c4eGSNj87OBQ==
    dependencies:
      "@babel/helper-annotate-as-pure" "^7.22.5"
      "@babel/helper-create-class-features-plugin" "^7.24.5"
      "@babel/helper-plugin-utils" "^7.24.5"
      "@babel/plugin-syntax-private-property-in-object" "^7.14.5"
  
  "@babel/plugin-transform-property-literals@^7.24.1":
    version "7.24.1"
    resolved "https://registry.npmmirror.com/@babel/plugin-transform-property-literals/-/plugin-transform-property-literals-7.24.1.tgz#d6a9aeab96f03749f4eebeb0b6ea8e90ec958825"
    integrity sha512-LetvD7CrHmEx0G442gOomRr66d7q8HzzGGr4PMHGr+5YIm6++Yke+jxj246rpvsbyhJwCLxcTn6zW1P1BSenqA==
    dependencies:
      "@babel/helper-plugin-utils" "^7.24.0"
  
  "@babel/plugin-transform-react-constant-elements@^7.12.1":
    version "7.24.1"
    resolved "https://registry.npmmirror.com/@babel/plugin-transform-react-constant-elements/-/plugin-transform-react-constant-elements-7.24.1.tgz#d493a0918b9fdad7540f5afd9b5eb5c52500d18d"
    integrity sha512-QXp1U9x0R7tkiGB0FOk8o74jhnap0FlZ5gNkRIWdG3eP+SvMFg118e1zaWewDzgABb106QSKpVsD3Wgd8t6ifA==
    dependencies:
      "@babel/helper-plugin-utils" "^7.24.0"
  
  "@babel/plugin-transform-react-display-name@^7.24.1":
    version "7.24.1"
    resolved "https://registry.npmmirror.com/@babel/plugin-transform-react-display-name/-/plugin-transform-react-display-name-7.24.1.tgz#554e3e1a25d181f040cf698b93fd289a03bfdcdb"
    integrity sha512-mvoQg2f9p2qlpDQRBC7M3c3XTr0k7cp/0+kFKKO/7Gtu0LSw16eKB+Fabe2bDT/UpsyasTBBkAnbdsLrkD5XMw==
    dependencies:
      "@babel/helper-plugin-utils" "^7.24.0"
  
  "@babel/plugin-transform-react-jsx-development@^7.22.5":
    version "7.22.5"
    resolved "https://registry.npmmirror.com/@babel/plugin-transform-react-jsx-development/-/plugin-transform-react-jsx-development-7.22.5.tgz#e716b6edbef972a92165cd69d92f1255f7e73e87"
    integrity sha512-bDhuzwWMuInwCYeDeMzyi7TaBgRQei6DqxhbyniL7/VG4RSS7HtSL2QbY4eESy1KJqlWt8g3xeEBGPuo+XqC8A==
    dependencies:
      "@babel/plugin-transform-react-jsx" "^7.22.5"
  
  "@babel/plugin-transform-react-jsx@^7.22.5", "@babel/plugin-transform-react-jsx@^7.23.4":
    version "7.23.4"
    resolved "https://registry.npmmirror.com/@babel/plugin-transform-react-jsx/-/plugin-transform-react-jsx-7.23.4.tgz#393f99185110cea87184ea47bcb4a7b0c2e39312"
    integrity sha512-5xOpoPguCZCRbo/JeHlloSkTA8Bld1J/E1/kLfD1nsuiW1m8tduTA1ERCgIZokDflX/IBzKcqR3l7VlRgiIfHA==
    dependencies:
      "@babel/helper-annotate-as-pure" "^7.22.5"
      "@babel/helper-module-imports" "^7.22.15"
      "@babel/helper-plugin-utils" "^7.22.5"
      "@babel/plugin-syntax-jsx" "^7.23.3"
      "@babel/types" "^7.23.4"
  
  "@babel/plugin-transform-react-pure-annotations@^7.24.1":
    version "7.24.1"
    resolved "https://registry.npmmirror.com/@babel/plugin-transform-react-pure-annotations/-/plugin-transform-react-pure-annotations-7.24.1.tgz#c86bce22a53956331210d268e49a0ff06e392470"
    integrity sha512-+pWEAaDJvSm9aFvJNpLiM2+ktl2Sn2U5DdyiWdZBxmLc6+xGt88dvFqsHiAiDS+8WqUwbDfkKz9jRxK3M0k+kA==
    dependencies:
      "@babel/helper-annotate-as-pure" "^7.22.5"
      "@babel/helper-plugin-utils" "^7.24.0"
  
  "@babel/plugin-transform-regenerator@^7.24.1":
    version "7.24.1"
    resolved "https://registry.npmmirror.com/@babel/plugin-transform-regenerator/-/plugin-transform-regenerator-7.24.1.tgz#625b7545bae52363bdc1fbbdc7252b5046409c8c"
    integrity sha512-sJwZBCzIBE4t+5Q4IGLaaun5ExVMRY0lYwos/jNecjMrVCygCdph3IKv0tkP5Fc87e/1+bebAmEAGBfnRD+cnw==
    dependencies:
      "@babel/helper-plugin-utils" "^7.24.0"
      regenerator-transform "^0.15.2"
  
  "@babel/plugin-transform-reserved-words@^7.24.1":
    version "7.24.1"
    resolved "https://registry.npmmirror.com/@babel/plugin-transform-reserved-words/-/plugin-transform-reserved-words-7.24.1.tgz#8de729f5ecbaaf5cf83b67de13bad38a21be57c1"
    integrity sha512-JAclqStUfIwKN15HrsQADFgeZt+wexNQ0uLhuqvqAUFoqPMjEcFCYZBhq0LUdz6dZK/mD+rErhW71fbx8RYElg==
    dependencies:
      "@babel/helper-plugin-utils" "^7.24.0"
  
  "@babel/plugin-transform-shorthand-properties@^7.24.1":
    version "7.24.1"
    resolved "https://registry.npmmirror.com/@babel/plugin-transform-shorthand-properties/-/plugin-transform-shorthand-properties-7.24.1.tgz#ba9a09144cf55d35ec6b93a32253becad8ee5b55"
    integrity sha512-LyjVB1nsJ6gTTUKRjRWx9C1s9hE7dLfP/knKdrfeH9UPtAGjYGgxIbFfx7xyLIEWs7Xe1Gnf8EWiUqfjLhInZA==
    dependencies:
      "@babel/helper-plugin-utils" "^7.24.0"
  
  "@babel/plugin-transform-spread@^7.24.1":
    version "7.24.1"
    resolved "https://registry.npmmirror.com/@babel/plugin-transform-spread/-/plugin-transform-spread-7.24.1.tgz#a1acf9152cbf690e4da0ba10790b3ac7d2b2b391"
    integrity sha512-KjmcIM+fxgY+KxPVbjelJC6hrH1CgtPmTvdXAfn3/a9CnWGSTY7nH4zm5+cjmWJybdcPSsD0++QssDsjcpe47g==
    dependencies:
      "@babel/helper-plugin-utils" "^7.24.0"
      "@babel/helper-skip-transparent-expression-wrappers" "^7.22.5"
  
  "@babel/plugin-transform-sticky-regex@^7.24.1":
    version "7.24.1"
    resolved "https://registry.npmmirror.com/@babel/plugin-transform-sticky-regex/-/plugin-transform-sticky-regex-7.24.1.tgz#f03e672912c6e203ed8d6e0271d9c2113dc031b9"
    integrity sha512-9v0f1bRXgPVcPrngOQvLXeGNNVLc8UjMVfebo9ka0WF3/7+aVUHmaJVT3sa0XCzEFioPfPHZiOcYG9qOsH63cw==
    dependencies:
      "@babel/helper-plugin-utils" "^7.24.0"
  
  "@babel/plugin-transform-template-literals@^7.24.1":
    version "7.24.1"
    resolved "https://registry.npmmirror.com/@babel/plugin-transform-template-literals/-/plugin-transform-template-literals-7.24.1.tgz#15e2166873a30d8617e3e2ccadb86643d327aab7"
    integrity sha512-WRkhROsNzriarqECASCNu/nojeXCDTE/F2HmRgOzi7NGvyfYGq1NEjKBK3ckLfRgGc6/lPAqP0vDOSw3YtG34g==
    dependencies:
      "@babel/helper-plugin-utils" "^7.24.0"
  
  "@babel/plugin-transform-typeof-symbol@^7.24.5":
    version "7.24.5"
    resolved "https://registry.npmmirror.com/@babel/plugin-transform-typeof-symbol/-/plugin-transform-typeof-symbol-7.24.5.tgz#703cace5ef74155fb5eecab63cbfc39bdd25fe12"
    integrity sha512-UTGnhYVZtTAjdwOTzT+sCyXmTn8AhaxOS/MjG9REclZ6ULHWF9KoCZur0HSGU7hk8PdBFKKbYe6+gqdXWz84Jg==
    dependencies:
      "@babel/helper-plugin-utils" "^7.24.5"
  
  "@babel/plugin-transform-unicode-escapes@^7.24.1":
    version "7.24.1"
    resolved "https://registry.npmmirror.com/@babel/plugin-transform-unicode-escapes/-/plugin-transform-unicode-escapes-7.24.1.tgz#fb3fa16676549ac7c7449db9b342614985c2a3a4"
    integrity sha512-RlkVIcWT4TLI96zM660S877E7beKlQw7Ig+wqkKBiWfj0zH5Q4h50q6er4wzZKRNSYpfo6ILJ+hrJAGSX2qcNw==
    dependencies:
      "@babel/helper-plugin-utils" "^7.24.0"
  
  "@babel/plugin-transform-unicode-property-regex@^7.24.1":
    version "7.24.1"
    resolved "https://registry.npmmirror.com/@babel/plugin-transform-unicode-property-regex/-/plugin-transform-unicode-property-regex-7.24.1.tgz#56704fd4d99da81e5e9f0c0c93cabd91dbc4889e"
    integrity sha512-Ss4VvlfYV5huWApFsF8/Sq0oXnGO+jB+rijFEFugTd3cwSObUSnUi88djgR5528Csl0uKlrI331kRqe56Ov2Ng==
    dependencies:
      "@babel/helper-create-regexp-features-plugin" "^7.22.15"
      "@babel/helper-plugin-utils" "^7.24.0"
  
  "@babel/plugin-transform-unicode-regex@^7.24.1":
    version "7.24.1"
    resolved "https://registry.npmmirror.com/@babel/plugin-transform-unicode-regex/-/plugin-transform-unicode-regex-7.24.1.tgz#57c3c191d68f998ac46b708380c1ce4d13536385"
    integrity sha512-2A/94wgZgxfTsiLaQ2E36XAOdcZmGAaEEgVmxQWwZXWkGhvoHbaqXcKnU8zny4ycpu3vNqg0L/PcCiYtHtA13g==
    dependencies:
      "@babel/helper-create-regexp-features-plugin" "^7.22.15"
      "@babel/helper-plugin-utils" "^7.24.0"
  
  "@babel/plugin-transform-unicode-sets-regex@^7.24.1":
    version "7.24.1"
    resolved "https://registry.npmmirror.com/@babel/plugin-transform-unicode-sets-regex/-/plugin-transform-unicode-sets-regex-7.24.1.tgz#c1ea175b02afcffc9cf57a9c4658326625165b7f"
    integrity sha512-fqj4WuzzS+ukpgerpAoOnMfQXwUHFxXUZUE84oL2Kao2N8uSlvcpnAidKASgsNgzZHBsHWvcm8s9FPWUhAb8fA==
    dependencies:
      "@babel/helper-create-regexp-features-plugin" "^7.22.15"
      "@babel/helper-plugin-utils" "^7.24.0"
  
  "@babel/preset-env@^7.12.1", "@babel/preset-env@^7.22.5":
    version "7.24.5"
    resolved "https://registry.npmmirror.com/@babel/preset-env/-/preset-env-7.24.5.tgz#6a9ac90bd5a5a9dae502af60dfc58c190551bbcd"
    integrity sha512-UGK2ifKtcC8i5AI4cH+sbLLuLc2ktYSFJgBAXorKAsHUZmrQ1q6aQ6i3BvU24wWs2AAKqQB6kq3N9V9Gw1HiMQ==
    dependencies:
      "@babel/compat-data" "^7.24.4"
      "@babel/helper-compilation-targets" "^7.23.6"
      "@babel/helper-plugin-utils" "^7.24.5"
      "@babel/helper-validator-option" "^7.23.5"
      "@babel/plugin-bugfix-firefox-class-in-computed-class-key" "^7.24.5"
      "@babel/plugin-bugfix-safari-id-destructuring-collision-in-function-expression" "^7.24.1"
      "@babel/plugin-bugfix-v8-spread-parameters-in-optional-chaining" "^7.24.1"
      "@babel/plugin-bugfix-v8-static-class-fields-redefine-readonly" "^7.24.1"
      "@babel/plugin-proposal-private-property-in-object" "7.21.0-placeholder-for-preset-env.2"
      "@babel/plugin-syntax-async-generators" "^7.8.4"
      "@babel/plugin-syntax-class-properties" "^7.12.13"
      "@babel/plugin-syntax-class-static-block" "^7.14.5"
      "@babel/plugin-syntax-dynamic-import" "^7.8.3"
      "@babel/plugin-syntax-export-namespace-from" "^7.8.3"
      "@babel/plugin-syntax-import-assertions" "^7.24.1"
      "@babel/plugin-syntax-import-attributes" "^7.24.1"
      "@babel/plugin-syntax-import-meta" "^7.10.4"
      "@babel/plugin-syntax-json-strings" "^7.8.3"
      "@babel/plugin-syntax-logical-assignment-operators" "^7.10.4"
      "@babel/plugin-syntax-nullish-coalescing-operator" "^7.8.3"
      "@babel/plugin-syntax-numeric-separator" "^7.10.4"
      "@babel/plugin-syntax-object-rest-spread" "^7.8.3"
      "@babel/plugin-syntax-optional-catch-binding" "^7.8.3"
      "@babel/plugin-syntax-optional-chaining" "^7.8.3"
      "@babel/plugin-syntax-private-property-in-object" "^7.14.5"
      "@babel/plugin-syntax-top-level-await" "^7.14.5"
      "@babel/plugin-syntax-unicode-sets-regex" "^7.18.6"
      "@babel/plugin-transform-arrow-functions" "^7.24.1"
      "@babel/plugin-transform-async-generator-functions" "^7.24.3"
      "@babel/plugin-transform-async-to-generator" "^7.24.1"
      "@babel/plugin-transform-block-scoped-functions" "^7.24.1"
      "@babel/plugin-transform-block-scoping" "^7.24.5"
      "@babel/plugin-transform-class-properties" "^7.24.1"
      "@babel/plugin-transform-class-static-block" "^7.24.4"
      "@babel/plugin-transform-classes" "^7.24.5"
      "@babel/plugin-transform-computed-properties" "^7.24.1"
      "@babel/plugin-transform-destructuring" "^7.24.5"
      "@babel/plugin-transform-dotall-regex" "^7.24.1"
      "@babel/plugin-transform-duplicate-keys" "^7.24.1"
      "@babel/plugin-transform-dynamic-import" "^7.24.1"
      "@babel/plugin-transform-exponentiation-operator" "^7.24.1"
      "@babel/plugin-transform-export-namespace-from" "^7.24.1"
      "@babel/plugin-transform-for-of" "^7.24.1"
      "@babel/plugin-transform-function-name" "^7.24.1"
      "@babel/plugin-transform-json-strings" "^7.24.1"
      "@babel/plugin-transform-literals" "^7.24.1"
      "@babel/plugin-transform-logical-assignment-operators" "^7.24.1"
      "@babel/plugin-transform-member-expression-literals" "^7.24.1"
      "@babel/plugin-transform-modules-amd" "^7.24.1"
      "@babel/plugin-transform-modules-commonjs" "^7.24.1"
      "@babel/plugin-transform-modules-systemjs" "^7.24.1"
      "@babel/plugin-transform-modules-umd" "^7.24.1"
      "@babel/plugin-transform-named-capturing-groups-regex" "^7.22.5"
      "@babel/plugin-transform-new-target" "^7.24.1"
      "@babel/plugin-transform-nullish-coalescing-operator" "^7.24.1"
      "@babel/plugin-transform-numeric-separator" "^7.24.1"
      "@babel/plugin-transform-object-rest-spread" "^7.24.5"
      "@babel/plugin-transform-object-super" "^7.24.1"
      "@babel/plugin-transform-optional-catch-binding" "^7.24.1"
      "@babel/plugin-transform-optional-chaining" "^7.24.5"
      "@babel/plugin-transform-parameters" "^7.24.5"
      "@babel/plugin-transform-private-methods" "^7.24.1"
      "@babel/plugin-transform-private-property-in-object" "^7.24.5"
      "@babel/plugin-transform-property-literals" "^7.24.1"
      "@babel/plugin-transform-regenerator" "^7.24.1"
      "@babel/plugin-transform-reserved-words" "^7.24.1"
      "@babel/plugin-transform-shorthand-properties" "^7.24.1"
      "@babel/plugin-transform-spread" "^7.24.1"
      "@babel/plugin-transform-sticky-regex" "^7.24.1"
      "@babel/plugin-transform-template-literals" "^7.24.1"
      "@babel/plugin-transform-typeof-symbol" "^7.24.5"
      "@babel/plugin-transform-unicode-escapes" "^7.24.1"
      "@babel/plugin-transform-unicode-property-regex" "^7.24.1"
      "@babel/plugin-transform-unicode-regex" "^7.24.1"
      "@babel/plugin-transform-unicode-sets-regex" "^7.24.1"
      "@babel/preset-modules" "0.1.6-no-external-plugins"
      babel-plugin-polyfill-corejs2 "^0.4.10"
      babel-plugin-polyfill-corejs3 "^0.10.4"
      babel-plugin-polyfill-regenerator "^0.6.1"
      core-js-compat "^3.31.0"
      semver "^6.3.1"
  
  "@babel/preset-modules@0.1.6-no-external-plugins":
    version "0.1.6-no-external-plugins"
    resolved "https://registry.npmmirror.com/@babel/preset-modules/-/preset-modules-0.1.6-no-external-plugins.tgz#ccb88a2c49c817236861fee7826080573b8a923a"
    integrity sha512-HrcgcIESLm9aIR842yhJ5RWan/gebQUJ6E/E5+rf0y9o6oj7w0Br+sWuL6kEQ/o/AdfvR1Je9jG18/gnpwjEyA==
    dependencies:
      "@babel/helper-plugin-utils" "^7.0.0"
      "@babel/types" "^7.4.4"
      esutils "^2.0.2"
  
  "@babel/preset-react@^7.12.5", "@babel/preset-react@^7.22.5":
    version "7.24.1"
    resolved "https://registry.npmmirror.com/@babel/preset-react/-/preset-react-7.24.1.tgz#2450c2ac5cc498ef6101a6ca5474de251e33aa95"
    integrity sha512-eFa8up2/8cZXLIpkafhaADTXSnl7IsUFCYenRWrARBz0/qZwcT0RBXpys0LJU4+WfPoF2ZG6ew6s2V6izMCwRA==
    dependencies:
      "@babel/helper-plugin-utils" "^7.24.0"
      "@babel/helper-validator-option" "^7.23.5"
      "@babel/plugin-transform-react-display-name" "^7.24.1"
      "@babel/plugin-transform-react-jsx" "^7.23.4"
      "@babel/plugin-transform-react-jsx-development" "^7.22.5"
      "@babel/plugin-transform-react-pure-annotations" "^7.24.1"
  
  "@babel/regjsgen@^0.8.0":
    version "0.8.0"
    resolved "https://registry.npmmirror.com/@babel/regjsgen/-/regjsgen-0.8.0.tgz#f0ba69b075e1f05fb2825b7fad991e7adbb18310"
    integrity sha512-x/rqGMdzj+fWZvCOYForTghzbtqPDZ5gPwaoNGHdgDfF2QA/XZbCBp4Moo5scrkAMPhB7z26XM/AaHuIJdgauA==
  
  "@babel/runtime@^7.0.0", "@babel/runtime@^7.1.2", "@babel/runtime@^7.10.1", "@babel/runtime@^7.10.4", "@babel/runtime@^7.10.5", "@babel/runtime@^7.11.1", "@babel/runtime@^7.11.2", "@babel/runtime@^7.12.13", "@babel/runtime@^7.12.5", "@babel/runtime@^7.13.8", "@babel/runtime@^7.15.4", "@babel/runtime@^7.16.7", "@babel/runtime@^7.18.0", "@babel/runtime@^7.18.3", "@babel/runtime@^7.20.0", "@babel/runtime@^7.20.7", "@babel/runtime@^7.21.0", "@babel/runtime@^7.22.5", "@babel/runtime@^7.23.2", "@babel/runtime@^7.23.6", "@babel/runtime@^7.23.9", "@babel/runtime@^7.24.4", "@babel/runtime@^7.24.5", "@babel/runtime@^7.6.3", "@babel/runtime@^7.7.2", "@babel/runtime@^7.8.4", "@babel/runtime@^7.8.7", "@babel/runtime@^7.9.2":
    version "7.24.5"
    resolved "https://registry.npmmirror.com/@babel/runtime/-/runtime-7.24.5.tgz#230946857c053a36ccc66e1dd03b17dd0c4ed02c"
    integrity sha512-Nms86NXrsaeU9vbBJKni6gXiEXZ4CVpYVzEjDH9Sb8vmZ3UljyA1GSOJl/6LGPO8EHLuSF9H+IxNXHPX8QHJ4g==
    dependencies:
      regenerator-runtime "^0.14.0"
  
  "@babel/template@^7.22.15", "@babel/template@^7.24.0":
    version "7.24.0"
    resolved "https://registry.npmmirror.com/@babel/template/-/template-7.24.0.tgz#c6a524aa93a4a05d66aaf31654258fae69d87d50"
    integrity sha512-Bkf2q8lMB0AFpX0NFEqSbx1OkTHf0f+0j82mkw+ZpzBnkk7e9Ql0891vlfgi+kHwOk8tQjiQHpqh4LaSa0fKEA==
    dependencies:
      "@babel/code-frame" "^7.23.5"
      "@babel/parser" "^7.24.0"
      "@babel/types" "^7.24.0"
  
  "@babel/traverse@^7.24.5", "@babel/traverse@^7.7.0":
    version "7.24.5"
    resolved "https://registry.npmmirror.com/@babel/traverse/-/traverse-7.24.5.tgz#972aa0bc45f16983bf64aa1f877b2dd0eea7e6f8"
    integrity sha512-7aaBLeDQ4zYcUFDUD41lJc1fG8+5IU9DaNSJAgal866FGvmD5EbWQgnEC6kO1gGLsX0esNkfnJSndbTXA3r7UA==
    dependencies:
      "@babel/code-frame" "^7.24.2"
      "@babel/generator" "^7.24.5"
      "@babel/helper-environment-visitor" "^7.22.20"
      "@babel/helper-function-name" "^7.23.0"
      "@babel/helper-hoist-variables" "^7.22.5"
      "@babel/helper-split-export-declaration" "^7.24.5"
      "@babel/parser" "^7.24.5"
      "@babel/types" "^7.24.5"
      debug "^4.3.1"
      globals "^11.1.0"
  
  "@babel/types@^7.12.6", "@babel/types@^7.22.15", "@babel/types@^7.22.5", "@babel/types@^7.23.0", "@babel/types@^7.23.4", "@babel/types@^7.24.0", "@babel/types@^7.24.5", "@babel/types@^7.4.4", "@babel/types@^7.7.0":
    version "7.24.5"
    resolved "https://registry.npmmirror.com/@babel/types/-/types-7.24.5.tgz#7661930afc638a5383eb0c4aee59b74f38db84d7"
    integrity sha512-6mQNsaLeXTw0nxYUYu+NSa4Hx4BlF1x1x8/PMFbiR+GBSr+2DkECc69b8hgy2frEodNcvPffeH8YfWd3LI6jhQ==
    dependencies:
      "@babel/helper-string-parser" "^7.24.1"
      "@babel/helper-validator-identifier" "^7.24.5"
      to-fast-properties "^2.0.0"
  
  "@ctrl/tinycolor@^3.4.0", "@ctrl/tinycolor@^3.6.1":
    version "3.6.1"
    resolved "https://registry.npmmirror.com/@ctrl/tinycolor/-/tinycolor-3.6.1.tgz#b6c75a56a1947cc916ea058772d666a2c8932f31"
    integrity sha512-SITSV6aIXsuVNV3f3O0f2n/cgyEDWoSqtZMYiAmcsYHydcKrOz3gUxB/iXd/Qf08+IZX4KpgNbvUdMBmWz+kcA==
  
  "@discoveryjs/json-ext@0.5.7", "@discoveryjs/json-ext@^0.5.0":
    version "0.5.7"
    resolved "https://registry.npmmirror.com/@discoveryjs/json-ext/-/json-ext-0.5.7.tgz#1d572bfbbe14b7704e0ba0f39b74815b84870d70"
    integrity sha512-dBVuXR082gk3jsFp7Rd/JI4kytwGHecnCoTtXFb7DB6CNHp4rg5k1bhg0nWdLGLnOV71lmDzGQaLMy8iPLY0pw==
  
  "@ecomfe/class-names-loader@^2.0.0":
    version "2.0.0"
    resolved "https://registry.npmmirror.com/@ecomfe/class-names-loader/-/class-names-loader-2.0.0.tgz#743a53269b52f2ded4a52f734b44e0f531dc1814"
    integrity sha512-VoPWlIR/bby2nLCd0ITML82RRI+CDtna3/2yX78uG/MUPz5ybNzYIeXrxw6oDgZMON4UOic6AASMRYkdbRYrUw==
    dependencies:
      loader-utils "^2.0.0"
  
  "@emotion/hash@^0.8.0":
    version "0.8.0"
    resolved "https://registry.npmmirror.com/@emotion/hash/-/hash-0.8.0.tgz#bbbff68978fefdbe68ccb533bc8cbe1d1afb5413"
    integrity sha512-kBJtf7PH6aWwZ6fka3zQ0p6SBYzx4fl1LoZXE2RrnYST9Xljm7WfKJrU4g/Xr3Beg72MLrp1AWNUmuYJTL7Cow==
  
  "@emotion/unitless@^0.7.5":
    version "0.7.5"
    resolved "https://registry.npmmirror.com/@emotion/unitless/-/unitless-0.7.5.tgz#77211291c1900a700b8a78cfafda3160d76949ed"
    integrity sha512-OWORNpfjMsSSUBVrRBVGECkhWcULOAJz9ZW8uK9qgxD+87M7jHRcvh/A96XXNhXTLmKcoYSQtBEX7lHMO7YRwg==
  
  "@eslint-community/eslint-utils@^4.2.0":
    version "4.4.0"
    resolved "https://registry.npmmirror.com/@eslint-community/eslint-utils/-/eslint-utils-4.4.0.tgz#a23514e8fb9af1269d5f7788aa556798d61c6b59"
    integrity sha512-1/sA4dwrzBAyeUoQ6oxahHKmrZvsnLCg4RfxW3ZFGGmQkSNQPFNLV9CUEFQP1x9EYXHTo5p6xdhZM1Ne9p/AfA==
    dependencies:
      eslint-visitor-keys "^3.3.0"
  
  "@eslint-community/regexpp@^4.6.1":
    version "4.10.0"
    resolved "https://registry.npmmirror.com/@eslint-community/regexpp/-/regexpp-4.10.0.tgz#548f6de556857c8bb73bbee70c35dc82a2e74d63"
    integrity sha512-Cu96Sd2By9mCNTx2iyKOmq10v22jUVQv0lQnlGNy16oE9589yE+QADPbrMGCkA51cKZSg3Pu/aTJVTGfL/qjUA==
  
  "@eslint/eslintrc@^2.1.4":
    version "2.1.4"
    resolved "https://registry.npmmirror.com/@eslint/eslintrc/-/eslintrc-2.1.4.tgz#388a269f0f25c1b6adc317b5a2c55714894c70ad"
    integrity sha512-269Z39MS6wVJtsoUl10L60WdkhJVdPG24Q4eZTH3nnF6lpvSShEK3wQjDX9JRWAUPvPh7COouPpU9IrqaZFvtQ==
    dependencies:
      ajv "^6.12.4"
      debug "^4.3.2"
      espree "^9.6.0"
      globals "^13.19.0"
      ignore "^5.2.0"
      import-fresh "^3.2.1"
      js-yaml "^4.1.0"
      minimatch "^3.1.2"
      strip-json-comments "^3.1.1"
  
  "@eslint/js@8.57.0":
    version "8.57.0"
    resolved "https://registry.npmmirror.com/@eslint/js/-/js-8.57.0.tgz#a5417ae8427873f1dd08b70b3574b453e67b5f7f"
    integrity sha512-Ys+3g2TaW7gADOJzPt83SJtCDhMjndcDMFVQ/Tj9iA1BfJzFKD9mAUXT3OenpuPHbI6P/myECxRJrofUsDx/5g==
  
  "@giteeteam/apps-api@^0.4.3":
    version "0.4.3"
    resolved "https://registry.npmmirror.com/@giteeteam/apps-api/-/apps-api-0.4.3.tgz#53353c91a5940ac3d9d9cae0d733fbf80655555e"
    integrity sha512-0v/x2B+lBpQrNJH62zNexKrrYViUPSupEGDrEBpdt2qNNoXTv5CaK2e0jGp1BC7X5Nddfx+MjjframjO7gytpw==
  
  "@giteeteam/apps-team-api@^0.6.2":
    version "0.6.4"
    resolved "https://registry.npmmirror.com/@giteeteam/apps-team-api/-/apps-team-api-0.6.4.tgz#8fdc2f366ffbefcb4c55173d8ac311aa5f99c7e4"
    integrity sha512-Vpm0NO/KNh0MQ76ITKH5ZOpRESgH5+aaNaas8g+GmW3yQyXm/LvEaQeDm/MaPrFU2djwIPqdxAoBi3qr7JERNw==
    dependencies:
      "@giteeteam/apps-api" "^0.4.3"
  
  "@giteeteam/apps-team-components@0.3.4-remove-editor-0.12":
    version "0.3.4-remove-editor-0.12"
    resolved "https://registry.npmmirror.com/@giteeteam/apps-team-components/-/apps-team-components-0.3.4-remove-editor-0.12.tgz#323d0ba4797a71ab88d6294280e837edc8a7832b"
    integrity sha512-F81YWl5tDj25XBmKX4d/8V+H9hO3QrmJNY3jCvty9zuDT8xaCSYuQheKIuYgo6x2fTWsxBgPDsmp0wvWGq3S+w==
    dependencies:
      "@ant-design/icons" "^4.8.0"
      "@projectproxima/plugin-loader" "^0.1.9"
      "@projectproxima/plugin-sdk" "0.2.9"
      "@projectproxima/proxima-sdk-js" "^0.4.4"
      antd "^4.16.13"
      axios "^0.21.4"
      classnames "^2.3.1"
      dayjs "^1.10.8"
      debug "^4.3.3"
      find-matching-bracket "^1.0.3"
      formik "^2.2.9"
      jsplumb "^2.15.6"
      lodash "^4.17.21"
      qiankun "^2.7.0"
      react-base-table "^1.12.0"
      react-beautiful-dnd "^13.1.0"
      react-color "^2.19.3"
      react-dnd "^15.1.1"
      react-dnd-html5-backend "^15.1.2"
      react-hovertable "^0.3.0"
      react-overlays "^5.1.1"
      recoil ">=0.6.1"
      rosetta "^1.1.0"
      swr "^1.2.2"
      uuid "^9.0.0"
      webpack-bundle-analyzer "^4.9.0"
  
  "@giteeteam/proxima-sdk-js@^0.7.1":
    version "0.7.1"
    resolved "https://registry.npmmirror.com/@giteeteam/proxima-sdk-js/-/proxima-sdk-js-0.7.1.tgz#a215f8f72b5ec3647eafaa88a92aab26ae402860"
    integrity sha512-fLE3bpfXoxMTyqkdIsFmO9ulR/HFJLmeOTM54Cjn+RNMuy6JDTzArl6AzeImqYZ8G0EKiH44NO3+ggl6mMQGPA==
  
  "@humanwhocodes/config-array@^0.11.14":
    version "0.11.14"
    resolved "https://registry.npmmirror.com/@humanwhocodes/config-array/-/config-array-0.11.14.tgz#d78e481a039f7566ecc9660b4ea7fe6b1fec442b"
    integrity sha512-3T8LkOmg45BV5FICb15QQMsyUSWrQ8AygVfC7ZG32zOalnqrilm018ZVCw0eapXux8FtA33q8PSRSstjee3jSg==
    dependencies:
      "@humanwhocodes/object-schema" "^2.0.2"
      debug "^4.3.1"
      minimatch "^3.0.5"
  
  "@humanwhocodes/module-importer@^1.0.1":
    version "1.0.1"
    resolved "https://registry.npmmirror.com/@humanwhocodes/module-importer/-/module-importer-1.0.1.tgz#af5b2691a22b44be847b0ca81641c5fb6ad0172c"
    integrity sha512-bxveV4V8v5Yb4ncFTT3rPSgZBOpCkjfK0y4oVVVJwIuDVBRMDXrPyXRL988i5ap9m9bnyEEjWfm5WkBmtffLfA==
  
  "@humanwhocodes/object-schema@^2.0.2":
    version "2.0.3"
    resolved "https://registry.npmmirror.com/@humanwhocodes/object-schema/-/object-schema-2.0.3.tgz#4a2868d75d6d6963e423bcf90b7fd1be343409d3"
    integrity sha512-93zYdMES/c1D69yZiKDBj0V24vqNzB/koF26KPaagAfd3P/4gUlh3Dys5ogAK+Exi9QyzlD8x/08Zt7wIKcDcA==
  
  "@icons/material@^0.2.4":
    version "0.2.4"
    resolved "https://registry.npmmirror.com/@icons/material/-/material-0.2.4.tgz#e90c9f71768b3736e76d7dd6783fc6c2afa88bc8"
    integrity sha512-QPcGmICAPbGLGb6F/yNf/KzKqvFx8z5qx3D1yFqVAjoFmXK35EgyW+cJ57Te3CNsmzblwtzakLGFqHPqrfb4Tw==
  
  "@jridgewell/gen-mapping@^0.3.5":
    version "0.3.5"
    resolved "https://registry.npmmirror.com/@jridgewell/gen-mapping/-/gen-mapping-0.3.5.tgz#dcce6aff74bdf6dad1a95802b69b04a2fcb1fb36"
    integrity sha512-IzL8ZoEDIBRWEzlCcRhOaCupYyN5gdIK+Q6fbFdPDg6HqX6jpkItn7DFIpW9LQzXG6Df9sA7+OKnq0qlz/GaQg==
    dependencies:
      "@jridgewell/set-array" "^1.2.1"
      "@jridgewell/sourcemap-codec" "^1.4.10"
      "@jridgewell/trace-mapping" "^0.3.24"
  
  "@jridgewell/resolve-uri@^3.1.0":
    version "3.1.2"
    resolved "https://registry.npmmirror.com/@jridgewell/resolve-uri/-/resolve-uri-3.1.2.tgz#7a0ee601f60f99a20c7c7c5ff0c80388c1189bd6"
    integrity sha512-bRISgCIjP20/tbWSPWMEi54QVPRZExkuD9lJL+UIxUKtwVJA8wW1Trb1jMs1RFXo1CBTNZ/5hpC9QvmKWdopKw==
  
  "@jridgewell/set-array@^1.2.1":
    version "1.2.1"
    resolved "https://registry.npmmirror.com/@jridgewell/set-array/-/set-array-1.2.1.tgz#558fb6472ed16a4c850b889530e6b36438c49280"
    integrity sha512-R8gLRTZeyp03ymzP/6Lil/28tGeGEzhx1q2k703KGWRAI1VdvPIXdG70VJc2pAMw3NA6JKL5hhFu1sJX0Mnn/A==
  
  "@jridgewell/source-map@^0.3.3":
    version "0.3.6"
    resolved "https://registry.npmmirror.com/@jridgewell/source-map/-/source-map-0.3.6.tgz#9d71ca886e32502eb9362c9a74a46787c36df81a"
    integrity sha512-1ZJTZebgqllO79ue2bm3rIGud/bOe0pP5BjSRCRxxYkEZS8STV7zN84UBbiYu7jy+eCKSnVIUgoWWE/tt+shMQ==
    dependencies:
      "@jridgewell/gen-mapping" "^0.3.5"
      "@jridgewell/trace-mapping" "^0.3.25"
  
  "@jridgewell/sourcemap-codec@^1.4.10", "@jridgewell/sourcemap-codec@^1.4.14":
    version "1.4.15"
    resolved "https://registry.npmmirror.com/@jridgewell/sourcemap-codec/-/sourcemap-codec-1.4.15.tgz#d7c6e6755c78567a951e04ab52ef0fd26de59f32"
    integrity sha512-eF2rxCRulEKXHTRiDrDy6erMYWqNw4LPdQ8UQA4huuxaQsVeRPFl2oM8oDGxMFhJUWZf9McpLtJasDDZb/Bpeg==
  
  "@jridgewell/trace-mapping@^0.3.20", "@jridgewell/trace-mapping@^0.3.24", "@jridgewell/trace-mapping@^0.3.25":
    version "0.3.25"
    resolved "https://registry.npmmirror.com/@jridgewell/trace-mapping/-/trace-mapping-0.3.25.tgz#15f190e98895f3fc23276ee14bc76b675c2e50f0"
    integrity sha512-vNk6aEwybGtawWmy/PzwnGDOjCkLWSD2wqvjGGAgOAwCGWySYXfYoxt00IJkTF+8Lb57DwOb3Aa0o9CApepiYQ==
    dependencies:
      "@jridgewell/resolve-uri" "^3.1.0"
      "@jridgewell/sourcemap-codec" "^1.4.14"
  
  "@leichtgewicht/ip-codec@^2.0.1":
    version "2.0.5"
    resolved "https://registry.npmmirror.com/@leichtgewicht/ip-codec/-/ip-codec-2.0.5.tgz#4fc56c15c580b9adb7dc3c333a134e540b44bfb1"
    integrity sha512-Vo+PSpZG2/fmgmiNzYK9qWRh8h/CHrwD0mo1h1DzL4yzHNSfWYujGTYsWGreD000gcgmZ7K4Ys6Tx9TxtsKdDw==
  
  "@nodelib/fs.scandir@2.1.5":
    version "2.1.5"
    resolved "https://registry.npmmirror.com/@nodelib/fs.scandir/-/fs.scandir-2.1.5.tgz#7619c2eb21b25483f6d167548b4cfd5a7488c3d5"
    integrity sha512-vq24Bq3ym5HEQm2NKCr3yXDwjc7vTsEThRDnkp2DK9p1uqLR+DHurm/NOTo0KG7HYHU7eppKZj3MyqYuMBf62g==
    dependencies:
      "@nodelib/fs.stat" "2.0.5"
      run-parallel "^1.1.9"
  
  "@nodelib/fs.stat@2.0.5":
    version "2.0.5"
    resolved "https://registry.npmmirror.com/@nodelib/fs.stat/-/fs.stat-2.0.5.tgz#5bd262af94e9d25bd1e71b05deed44876a222e8b"
    integrity sha512-RkhPPp2zrqDAQA/2jNhnztcPAlv64XdhIp7a7454A5ovI7Bukxgt7MX7udwAu3zg1DcpPU0rz3VV1SeaqvY4+A==
  
  "@nodelib/fs.walk@^1.2.8":
    version "1.2.8"
    resolved "https://registry.npmmirror.com/@nodelib/fs.walk/-/fs.walk-1.2.8.tgz#e95737e8bb6746ddedf69c556953494f196fe69a"
    integrity sha512-oGB+UxlgWcgQkgwo8GcEGwemoTFt3FIO9ababBmaGwXIoBKZ+GTy0pP185beGg7Llih/NSHSV2XAs1lnznocSg==
    dependencies:
      "@nodelib/fs.scandir" "2.1.5"
      fastq "^1.6.0"
  
  "@polka/url@^1.0.0-next.24":
    version "1.0.0-next.25"
    resolved "https://registry.npmmirror.com/@polka/url/-/url-1.0.0-next.25.tgz#f077fdc0b5d0078d30893396ff4827a13f99e817"
    integrity sha512-j7P6Rgr3mmtdkeDGTe0E/aYyWEWVtc5yFXtHCRHs28/jptDEWfaVOc5T7cblqy1XKPPfCxJc/8DwQ5YgLOZOVQ==
  
  "@popperjs/core@^2.11.6":
    version "2.11.8"
    resolved "https://registry.npmmirror.com/@popperjs/core/-/core-2.11.8.tgz#6b79032e760a0899cd4204710beede972a3a185f"
    integrity sha512-P1st0aksCrn9sGZhp8GMYwBnQsbvAWsZAX44oXNNvLHGqAOcoVxmjZiohstwQ7SqKnbR47akdNi+uleWD8+g6A==
  
  "@projectproxima/plugin-loader@^0.1.9":
    version "0.1.9"
    resolved "https://registry.npmmirror.com/@projectproxima/plugin-loader/-/plugin-loader-0.1.9.tgz#722d214a1dfd3857b96bb29f375c85e9bdd0077b"
    integrity sha512-VNPrFk7PjEwZYnz5mlKGMcWn75LP7Rhh7qYUmtbm7E8Wvb7FDP4duOwUuy/N+CVy/8rsNC3B2eV7Ghkf/1+KKw==
  
  "@projectproxima/plugin-sdk@0.2.9":
    version "0.2.9"
    resolved "https://registry.npmmirror.com/@projectproxima/plugin-sdk/-/plugin-sdk-0.2.9.tgz#bd05b842f9176dc297136aeaa1bea61e3ad759ad"
    integrity sha512-d1BRWLJN3JtwBp01gL8zlNaHI4IG/0au3Hx4mTidZNI1e2sEd/9EpYE2QitAiGxE8G/Z1W84MFsWdT8msnm/nQ==
  
  "@projectproxima/proxima-sdk-js@^0.4.4":
    version "0.4.6"
    resolved "https://registry.npmmirror.com/@projectproxima/proxima-sdk-js/-/proxima-sdk-js-0.4.6.tgz#90a4e91a89b1160f6f1b761999f055dc39e0c74c"
    integrity sha512-hm1MZf/4QReN9iQZuXLuixFeRYHHySy4thbR2UrcyAmPEEWd06K2Mba3hZIkL8ry6PuNuxuaBC8FhsHkIP8CWA==
    dependencies:
      react "^17.0.2"
  
  "@rc-component/async-validator@^5.0.3":
    version "5.0.3"
    resolved "https://registry.npmmirror.com/@rc-component/async-validator/-/async-validator-5.0.3.tgz#4a31e02171e30a9f4f60cf95d9fa8c4c26bf8b59"
    integrity sha512-eN5chKrc0ANerXjLJuoqh/YJpor0u4T1bgaph5BPh42cJ2afDihaHJ2Mh3Up3XIFk05EfKG4nIQxbqC6y2eM4Q==
    dependencies:
      "@babel/runtime" "^7.24.4"
  
  "@rc-component/color-picker@~1.5.3":
    version "1.5.3"
    resolved "https://registry.npmmirror.com/@rc-component/color-picker/-/color-picker-1.5.3.tgz#f3b0e14bb67ec5ee77d1fd5d261f63dd4fd00449"
    integrity sha512-+tGGH3nLmYXTalVe0L8hSZNs73VTP5ueSHwUlDC77KKRaN7G4DS4wcpG5DTDzdcV/Yas+rzA6UGgIyzd8fS4cw==
    dependencies:
      "@babel/runtime" "^7.23.6"
      "@ctrl/tinycolor" "^3.6.1"
      classnames "^2.2.6"
      rc-util "^5.38.1"
  
  "@rc-component/context@^1.4.0":
    version "1.4.0"
    resolved "https://registry.npmmirror.com/@rc-component/context/-/context-1.4.0.tgz#dc6fb021d6773546af8f016ae4ce9aea088395e8"
    integrity sha512-kFcNxg9oLRMoL3qki0OMxK+7g5mypjgaaJp/pkOis/6rVxma9nJBF/8kCIuTYHUQNr0ii7MxqE33wirPZLJQ2w==
    dependencies:
      "@babel/runtime" "^7.10.1"
      rc-util "^5.27.0"
  
  "@rc-component/mini-decimal@^1.0.1":
    version "1.1.0"
    resolved "https://registry.npmmirror.com/@rc-component/mini-decimal/-/mini-decimal-1.1.0.tgz#7b7a362b14a0a54cb5bc6fd2b82731f29f11d9b0"
    integrity sha512-jS4E7T9Li2GuYwI6PyiVXmxTiM6b07rlD9Ge8uGZSCz3WlzcG5ZK7g5bbuKNeZ9pgUuPK/5guV781ujdVpm4HQ==
    dependencies:
      "@babel/runtime" "^7.18.0"
  
  "@rc-component/mutate-observer@^1.1.0":
    version "1.1.0"
    resolved "https://registry.npmmirror.com/@rc-component/mutate-observer/-/mutate-observer-1.1.0.tgz#ee53cc88b78aade3cd0653609215a44779386fd8"
    integrity sha512-QjrOsDXQusNwGZPf4/qRQasg7UFEj06XiCJ8iuiq/Io7CrHrgVi6Uuetw60WAMG1799v+aM8kyc+1L/GBbHSlw==
    dependencies:
      "@babel/runtime" "^7.18.0"
      classnames "^2.3.2"
      rc-util "^5.24.4"
  
  "@rc-component/portal@^1.0.0-8", "@rc-component/portal@^1.0.0-9", "@rc-component/portal@^1.0.2", "@rc-component/portal@^1.1.0", "@rc-component/portal@^1.1.1":
    version "1.1.2"
    resolved "https://registry.npmmirror.com/@rc-component/portal/-/portal-1.1.2.tgz#55db1e51d784e034442e9700536faaa6ab63fc71"
    integrity sha512-6f813C0IsasTZms08kfA8kPAGxbbkYToa8ALaiDIGGECU4i9hj8Plgbx0sNJDrey3EtHO30hmdaxtT0138xZcg==
    dependencies:
      "@babel/runtime" "^7.18.0"
      classnames "^2.3.2"
      rc-util "^5.24.4"
  
  "@rc-component/tour@~1.14.2":
    version "1.14.2"
    resolved "https://registry.npmmirror.com/@rc-component/tour/-/tour-1.14.2.tgz#142f0973975eb0e3af3c75aa868ffc9d8ba27cae"
    integrity sha512-A75DZ8LVvahBIvxooj3Gvf2sxe+CGOkmzPNX7ek0i0AJHyKZ1HXe5ieIGo3m0FMdZfVOlbCJ952Duq8VKAHk6g==
    dependencies:
      "@babel/runtime" "^7.18.0"
      "@rc-component/portal" "^1.0.0-9"
      "@rc-component/trigger" "^2.0.0"
      classnames "^2.3.2"
      rc-util "^5.24.4"
  
  "@rc-component/trigger@^2.0.0", "@rc-component/trigger@^2.1.1":
    version "2.1.1"
    resolved "https://registry.npmmirror.com/@rc-component/trigger/-/trigger-2.1.1.tgz#47973f1156ba63810c913eb46cbaedeba913874b"
    integrity sha512-UjHkedkgtEcgQu87w1VuWug1idoDJV7VUt0swxHXRcmei2uu1AuUzGBPEUlmOmXGJ+YtTgZfVLi7kuAUKoZTMA==
    dependencies:
      "@babel/runtime" "^7.23.2"
      "@rc-component/portal" "^1.1.0"
      classnames "^2.3.2"
      rc-motion "^2.0.0"
      rc-resize-observer "^1.3.1"
      rc-util "^5.38.0"
  
  "@react-dnd/asap@4.0.1":
    version "4.0.1"
    resolved "https://registry.npmmirror.com/@react-dnd/asap/-/asap-4.0.1.tgz#5291850a6b58ce6f2da25352a64f1b0674871aab"
    integrity sha512-kLy0PJDDwvwwTXxqTFNAAllPHD73AycE9ypWeln/IguoGBEbvFcPDbCV03G52bEcC5E+YgupBE0VzHGdC8SIXg==
  
  "@react-dnd/invariant@3.0.1":
    version "3.0.1"
    resolved "https://registry.npmmirror.com/@react-dnd/invariant/-/invariant-3.0.1.tgz#7e70be19ea21b539e8bf1da28466f4f05df2a4cc"
    integrity sha512-blqduwV86oiKw2Gr44wbe3pj3Z/OsXirc7ybCv9F/pLAR+Aih8F3rjeJzK0ANgtYKv5lCpkGVoZAeKitKDaD/g==
  
  "@react-dnd/shallowequal@3.0.1":
    version "3.0.1"
    resolved "https://registry.npmmirror.com/@react-dnd/shallowequal/-/shallowequal-3.0.1.tgz#8056fe046a8d10a275e321ec0557ae652d7a4d06"
    integrity sha512-XjDVbs3ZU16CO1h5Q3Ew2RPJqmZBDE/EVf1LYp6ePEffs3V/MX9ZbL5bJr8qiK5SbGmUMuDoaFgyKacYz8prRA==
  
  "@restart/hooks@^0.4.7":
    version "0.4.16"
    resolved "https://registry.npmmirror.com/@restart/hooks/-/hooks-0.4.16.tgz#95ae8ac1cc7e2bd4fed5e39800ff85604c6d59fb"
    integrity sha512-f7aCv7c+nU/3mF7NWLtVVr0Ra80RqsO89hO72r+Y/nvQr5+q0UFGkocElTH6MJApvReVh6JHUFYn2cw1WdHF3w==
    dependencies:
      dequal "^2.0.3"
  
  "@svgr/babel-plugin-add-jsx-attribute@^5.4.0":
    version "5.4.0"
    resolved "https://registry.npmmirror.com/@svgr/babel-plugin-add-jsx-attribute/-/babel-plugin-add-jsx-attribute-5.4.0.tgz#81ef61947bb268eb9d50523446f9c638fb355906"
    integrity sha512-ZFf2gs/8/6B8PnSofI0inYXr2SDNTDScPXhN7k5EqD4aZ3gi6u+rbmZHVB8IM3wDyx8ntKACZbtXSm7oZGRqVg==
  
  "@svgr/babel-plugin-remove-jsx-attribute@^5.4.0":
    version "5.4.0"
    resolved "https://registry.npmmirror.com/@svgr/babel-plugin-remove-jsx-attribute/-/babel-plugin-remove-jsx-attribute-5.4.0.tgz#6b2c770c95c874654fd5e1d5ef475b78a0a962ef"
    integrity sha512-yaS4o2PgUtwLFGTKbsiAy6D0o3ugcUhWK0Z45umJ66EPWunAz9fuFw2gJuje6wqQvQWOTJvIahUwndOXb7QCPg==
  
  "@svgr/babel-plugin-remove-jsx-empty-expression@^5.0.1":
    version "5.0.1"
    resolved "https://registry.npmmirror.com/@svgr/babel-plugin-remove-jsx-empty-expression/-/babel-plugin-remove-jsx-empty-expression-5.0.1.tgz#25621a8915ed7ad70da6cea3d0a6dbc2ea933efd"
    integrity sha512-LA72+88A11ND/yFIMzyuLRSMJ+tRKeYKeQ+mR3DcAZ5I4h5CPWN9AHyUzJbWSYp/u2u0xhmgOe0+E41+GjEueA==
  
  "@svgr/babel-plugin-replace-jsx-attribute-value@^5.0.1":
    version "5.0.1"
    resolved "https://registry.npmmirror.com/@svgr/babel-plugin-replace-jsx-attribute-value/-/babel-plugin-replace-jsx-attribute-value-5.0.1.tgz#0b221fc57f9fcd10e91fe219e2cd0dd03145a897"
    integrity sha512-PoiE6ZD2Eiy5mK+fjHqwGOS+IXX0wq/YDtNyIgOrc6ejFnxN4b13pRpiIPbtPwHEc+NT2KCjteAcq33/F1Y9KQ==
  
  "@svgr/babel-plugin-svg-dynamic-title@^5.4.0":
    version "5.4.0"
    resolved "https://registry.npmmirror.com/@svgr/babel-plugin-svg-dynamic-title/-/babel-plugin-svg-dynamic-title-5.4.0.tgz#139b546dd0c3186b6e5db4fefc26cb0baea729d7"
    integrity sha512-zSOZH8PdZOpuG1ZVx/cLVePB2ibo3WPpqo7gFIjLV9a0QsuQAzJiwwqmuEdTaW2pegyBE17Uu15mOgOcgabQZg==
  
  "@svgr/babel-plugin-svg-em-dimensions@^5.4.0":
    version "5.4.0"
    resolved "https://registry.npmmirror.com/@svgr/babel-plugin-svg-em-dimensions/-/babel-plugin-svg-em-dimensions-5.4.0.tgz#6543f69526632a133ce5cabab965deeaea2234a0"
    integrity sha512-cPzDbDA5oT/sPXDCUYoVXEmm3VIoAWAPT6mSPTJNbQaBNUuEKVKyGH93oDY4e42PYHRW67N5alJx/eEol20abw==
  
  "@svgr/babel-plugin-transform-react-native-svg@^5.4.0":
    version "5.4.0"
    resolved "https://registry.npmmirror.com/@svgr/babel-plugin-transform-react-native-svg/-/babel-plugin-transform-react-native-svg-5.4.0.tgz#00bf9a7a73f1cad3948cdab1f8dfb774750f8c80"
    integrity sha512-3eYP/SaopZ41GHwXma7Rmxcv9uRslRDTY1estspeB1w1ueZWd/tPlMfEOoccYpEMZU3jD4OU7YitnXcF5hLW2Q==
  
  "@svgr/babel-plugin-transform-svg-component@^5.5.0":
    version "5.5.0"
    resolved "https://registry.npmmirror.com/@svgr/babel-plugin-transform-svg-component/-/babel-plugin-transform-svg-component-5.5.0.tgz#583a5e2a193e214da2f3afeb0b9e8d3250126b4a"
    integrity sha512-q4jSH1UUvbrsOtlo/tKcgSeiCHRSBdXoIoqX1pgcKK/aU3JD27wmMKwGtpB8qRYUYoyXvfGxUVKchLuR5pB3rQ==
  
  "@svgr/babel-preset@^5.5.0":
    version "5.5.0"
    resolved "https://registry.npmmirror.com/@svgr/babel-preset/-/babel-preset-5.5.0.tgz#8af54f3e0a8add7b1e2b0fcd5a882c55393df327"
    integrity sha512-4FiXBjvQ+z2j7yASeGPEi8VD/5rrGQk4Xrq3EdJmoZgz/tpqChpo5hgXDvmEauwtvOc52q8ghhZK4Oy7qph4ig==
    dependencies:
      "@svgr/babel-plugin-add-jsx-attribute" "^5.4.0"
      "@svgr/babel-plugin-remove-jsx-attribute" "^5.4.0"
      "@svgr/babel-plugin-remove-jsx-empty-expression" "^5.0.1"
      "@svgr/babel-plugin-replace-jsx-attribute-value" "^5.0.1"
      "@svgr/babel-plugin-svg-dynamic-title" "^5.4.0"
      "@svgr/babel-plugin-svg-em-dimensions" "^5.4.0"
      "@svgr/babel-plugin-transform-react-native-svg" "^5.4.0"
      "@svgr/babel-plugin-transform-svg-component" "^5.5.0"
  
  "@svgr/core@^5.5.0":
    version "5.5.0"
    resolved "https://registry.npmmirror.com/@svgr/core/-/core-5.5.0.tgz#82e826b8715d71083120fe8f2492ec7d7874a579"
    integrity sha512-q52VOcsJPvV3jO1wkPtzTuKlvX7Y3xIcWRpCMtBF3MrteZJtBfQw/+u0B1BHy5ColpQc1/YVTrPEtSYIMNZlrQ==
    dependencies:
      "@svgr/plugin-jsx" "^5.5.0"
      camelcase "^6.2.0"
      cosmiconfig "^7.0.0"
  
  "@svgr/hast-util-to-babel-ast@^5.5.0":
    version "5.5.0"
    resolved "https://registry.npmmirror.com/@svgr/hast-util-to-babel-ast/-/hast-util-to-babel-ast-5.5.0.tgz#5ee52a9c2533f73e63f8f22b779f93cd432a5461"
    integrity sha512-cAaR/CAiZRB8GP32N+1jocovUtvlj0+e65TB50/6Lcime+EA49m/8l+P2ko+XPJ4dw3xaPS3jOL4F2X4KWxoeQ==
    dependencies:
      "@babel/types" "^7.12.6"
  
  "@svgr/plugin-jsx@^5.5.0":
    version "5.5.0"
    resolved "https://registry.npmmirror.com/@svgr/plugin-jsx/-/plugin-jsx-5.5.0.tgz#1aa8cd798a1db7173ac043466d7b52236b369000"
    integrity sha512-V/wVh33j12hGh05IDg8GpIUXbjAPnTdPTKuP4VNLggnwaHMPNQNae2pRnyTAILWCQdz5GyMqtO488g7CKM8CBA==
    dependencies:
      "@babel/core" "^7.12.3"
      "@svgr/babel-preset" "^5.5.0"
      "@svgr/hast-util-to-babel-ast" "^5.5.0"
      svg-parser "^2.0.2"
  
  "@svgr/plugin-svgo@^5.5.0":
    version "5.5.0"
    resolved "https://registry.npmmirror.com/@svgr/plugin-svgo/-/plugin-svgo-5.5.0.tgz#02da55d85320549324e201c7b2e53bf431fcc246"
    integrity sha512-r5swKk46GuQl4RrVejVwpeeJaydoxkdwkM1mBKOgJLBUJPGaLci6ylg/IjhrRsREKDkr4kbMWdgOtbXEh0fyLQ==
    dependencies:
      cosmiconfig "^7.0.0"
      deepmerge "^4.2.2"
      svgo "^1.2.2"
  
  "@svgr/webpack@^5.5.0":
    version "5.5.0"
    resolved "https://registry.npmmirror.com/@svgr/webpack/-/webpack-5.5.0.tgz#aae858ee579f5fa8ce6c3166ef56c6a1b381b640"
    integrity sha512-DOBOK255wfQxguUta2INKkzPj6AIS6iafZYiYmHn6W3pHlycSRRlvWKCfLDG10fXfLWqE3DJHgRUOyJYmARa7g==
    dependencies:
      "@babel/core" "^7.12.3"
      "@babel/plugin-transform-react-constant-elements" "^7.12.1"
      "@babel/preset-env" "^7.12.1"
      "@babel/preset-react" "^7.12.5"
      "@svgr/core" "^5.5.0"
      "@svgr/plugin-jsx" "^5.5.0"
      "@svgr/plugin-svgo" "^5.5.0"
      loader-utils "^2.0.0"
  
  "@types/body-parser@*":
    version "1.19.5"
    resolved "https://registry.npmmirror.com/@types/body-parser/-/body-parser-1.19.5.tgz#04ce9a3b677dc8bd681a17da1ab9835dc9d3ede4"
    integrity sha512-fB3Zu92ucau0iQ0JMCFQE7b/dv8Ot07NI3KaZIkIUNXq82k4eBAqUaneXfleGY9JWskeS9y+u0nXMyspcuQrCg==
    dependencies:
      "@types/connect" "*"
      "@types/node" "*"
  
  "@types/bonjour@^3.5.9":
    version "3.5.13"
    resolved "https://registry.npmmirror.com/@types/bonjour/-/bonjour-3.5.13.tgz#adf90ce1a105e81dd1f9c61fdc5afda1bfb92956"
    integrity sha512-z9fJ5Im06zvUL548KvYNecEVlA7cVDkGUi6kZusb04mpyEFKCIZJvloCcmpmLaIahDpOQGHaHmG6imtPMmPXGQ==
    dependencies:
      "@types/node" "*"
  
  "@types/connect-history-api-fallback@^1.3.5":
    version "1.5.4"
    resolved "https://registry.npmmirror.com/@types/connect-history-api-fallback/-/connect-history-api-fallback-1.5.4.tgz#7de71645a103056b48ac3ce07b3520b819c1d5b3"
    integrity sha512-n6Cr2xS1h4uAulPRdlw6Jl6s1oG8KrVilPN2yUITEs+K48EzMJJ3W1xy8K5eWuFvjp3R74AOIGSmp2UfBJ8HFw==
    dependencies:
      "@types/express-serve-static-core" "*"
      "@types/node" "*"
  
  "@types/connect@*":
    version "3.4.38"
    resolved "https://registry.npmmirror.com/@types/connect/-/connect-3.4.38.tgz#5ba7f3bc4fbbdeaff8dded952e5ff2cc53f8d858"
    integrity sha512-K6uROf1LD88uDQqJCktA4yzL1YYAK6NgfsI0v/mTgyPKWsX1CnJ0XPSDhViejru1GcRkLWb8RlzFYJRqGUbaug==
    dependencies:
      "@types/node" "*"
  
  "@types/eslint-scope@^3.7.3":
    version "3.7.7"
    resolved "https://registry.npmmirror.com/@types/eslint-scope/-/eslint-scope-3.7.7.tgz#3108bd5f18b0cdb277c867b3dd449c9ed7079ac5"
    integrity sha512-MzMFlSLBqNF2gcHWO0G1vP/YQyfvrxZ0bF+u7mzUdZ1/xK4A4sru+nraZz5i3iEIk1l1uyicaDVTB4QbbEkAYg==
    dependencies:
      "@types/eslint" "*"
      "@types/estree" "*"
  
  "@types/eslint@*":
    version "8.56.10"
    resolved "https://registry.npmmirror.com/@types/eslint/-/eslint-8.56.10.tgz#eb2370a73bf04a901eeba8f22595c7ee0f7eb58d"
    integrity sha512-Shavhk87gCtY2fhXDctcfS3e6FdxWkCx1iUZ9eEUbh7rTqlZT0/IzOkCOVt0fCjcFuZ9FPYfuezTBImfHCDBGQ==
    dependencies:
      "@types/estree" "*"
      "@types/json-schema" "*"
  
  "@types/eslint@^7.28.0":
    version "7.29.0"
    resolved "https://registry.npmmirror.com/@types/eslint/-/eslint-7.29.0.tgz#e56ddc8e542815272720bb0b4ccc2aff9c3e1c78"
    integrity sha512-VNcvioYDH8/FxaeTKkM4/TiTwt6pBV9E3OfGmvaw8tPl0rrHCJ4Ll15HRT+pMiFAf/MLQvAzC+6RzUMEL9Ceng==
    dependencies:
      "@types/estree" "*"
      "@types/json-schema" "*"
  
  "@types/estree@*", "@types/estree@^1.0.5":
    version "1.0.5"
    resolved "https://registry.npmmirror.com/@types/estree/-/estree-1.0.5.tgz#a6ce3e556e00fd9895dd872dd172ad0d4bd687f4"
    integrity sha512-/kYRxGDLWzHOB7q+wtSUQlFrtcdUccpfy+X+9iMBpHK8QLLhx2wIPYuS5DYtR9Wa/YlZAbIovy7qVdB1Aq6Lyw==
  
  "@types/express-serve-static-core@*", "@types/express-serve-static-core@^4.17.33":
    version "4.19.0"
    resolved "https://registry.npmmirror.com/@types/express-serve-static-core/-/express-serve-static-core-4.19.0.tgz#3ae8ab3767d98d0b682cda063c3339e1e86ccfaa"
    integrity sha512-bGyep3JqPCRry1wq+O5n7oiBgGWmeIJXPjXXCo8EK0u8duZGSYar7cGqd3ML2JUsLGeB7fmc06KYo9fLGWqPvQ==
    dependencies:
      "@types/node" "*"
      "@types/qs" "*"
      "@types/range-parser" "*"
      "@types/send" "*"
  
  "@types/express@*", "@types/express@^4.17.13":
    version "4.17.21"
    resolved "https://registry.npmmirror.com/@types/express/-/express-4.17.21.tgz#c26d4a151e60efe0084b23dc3369ebc631ed192d"
    integrity sha512-ejlPM315qwLpaQlQDTjPdsUFSc6ZsP4AN6AlWnogPjQ7CVi7PYF3YVz+CY3jE2pwYf7E/7HlDAN0rV2GxTG0HQ==
    dependencies:
      "@types/body-parser" "*"
      "@types/express-serve-static-core" "^4.17.33"
      "@types/qs" "*"
      "@types/serve-static" "*"
  
  "@types/glob@^7.1.1":
    version "7.2.0"
    resolved "https://registry.npmmirror.com/@types/glob/-/glob-7.2.0.tgz#bc1b5bf3aa92f25bd5dd39f35c57361bdce5b2eb"
    integrity sha512-ZUxbzKl0IfJILTS6t7ip5fQQM/J3TJYubDm3nMbgubNNYS62eXeUpoLUC8/7fJNiFYHTrGPQn7hspDUzIHX3UA==
    dependencies:
      "@types/minimatch" "*"
      "@types/node" "*"
  
  "@types/hoist-non-react-statics@^3.3.0", "@types/hoist-non-react-statics@^3.3.1":
    version "3.3.5"
    resolved "https://registry.npmmirror.com/@types/hoist-non-react-statics/-/hoist-non-react-statics-3.3.5.tgz#dab7867ef789d87e2b4b0003c9d65c49cc44a494"
    integrity sha512-SbcrWzkKBw2cdwRTwQAswfpB9g9LJWfjtUeW/jvNwbhC8cpmmNYVePa+ncbUe0rGTQ7G3Ff6mYUN2VMfLVr+Sg==
    dependencies:
      "@types/react" "*"
      hoist-non-react-statics "^3.3.0"
  
  "@types/http-errors@*":
    version "2.0.4"
    resolved "https://registry.npmmirror.com/@types/http-errors/-/http-errors-2.0.4.tgz#7eb47726c391b7345a6ec35ad7f4de469cf5ba4f"
    integrity sha512-D0CFMMtydbJAegzOyHjtiKPLlvnm3iTZyZRSZoLq2mRhDdmLfIWOCYPfQJ4cu2erKghU++QvjcUjp/5h7hESpA==
  
  "@types/http-proxy@^1.17.8":
    version "1.17.14"
    resolved "https://registry.npmmirror.com/@types/http-proxy/-/http-proxy-1.17.14.tgz#57f8ccaa1c1c3780644f8a94f9c6b5000b5e2eec"
    integrity sha512-SSrD0c1OQzlFX7pGu1eXxSEjemej64aaNPRhhVYUGqXh0BtldAAx37MG8btcumvpgKyZp1F5Gn3JkktdxiFv6w==
    dependencies:
      "@types/node" "*"
  
  "@types/js-cookie@^2.x.x":
    version "2.2.7"
    resolved "https://registry.npmmirror.com/@types/js-cookie/-/js-cookie-2.2.7.tgz#226a9e31680835a6188e887f3988e60c04d3f6a3"
    integrity sha512-aLkWa0C0vO5b4Sr798E26QgOkss68Un0bLjs7u9qxzPT5CG+8DuNTffWES58YzJs3hrVAOs1wonycqEBqNJubA==
  
  "@types/json-schema@*", "@types/json-schema@^7.0.5", "@types/json-schema@^7.0.8", "@types/json-schema@^7.0.9":
    version "7.0.15"
    resolved "https://registry.npmmirror.com/@types/json-schema/-/json-schema-7.0.15.tgz#596a1747233694d50f6ad8a7869fcb6f56cf5841"
    integrity sha512-5+fP8P8MFNC+AyZCDxrB2pkZFPGzqQWUzpSeuuVLvm8VMcorNYavBqoFcxK8bQz4Qsbn4oUEEem4wDLfcysGHA==
  
  "@types/mime@^1":
    version "1.3.5"
    resolved "https://registry.npmmirror.com/@types/mime/-/mime-1.3.5.tgz#1ef302e01cf7d2b5a0fa526790c9123bf1d06690"
    integrity sha512-/pyBZWSLD2n0dcHE3hq8s8ZvcETHtEuF+3E7XVt0Ig2nvsVQXdghHVcEkIWjy9A0wKfTn97a/PSDYohKIlnP/w==
  
  "@types/minimatch@*":
    version "5.1.2"
    resolved "https://registry.npmmirror.com/@types/minimatch/-/minimatch-5.1.2.tgz#07508b45797cb81ec3f273011b054cd0755eddca"
    integrity sha512-K0VQKziLUWkVKiRVrx4a40iPaxTUefQmjtkQofBkYRcoaaL/8rhwDWww9qWbrgicNOgnpIsMxyNIUM4+n6dUIA==
  
  "@types/node-forge@^1.3.0":
    version "1.3.11"
    resolved "https://registry.npmmirror.com/@types/node-forge/-/node-forge-1.3.11.tgz#0972ea538ddb0f4d9c2fa0ec5db5724773a604da"
    integrity sha512-FQx220y22OKNTqaByeBGqHWYz4cl94tpcxeFdvBo3wjG6XPBuZ0BNgNZRV5J5TFmmcsJ4IzsLkmGRiQbnYsBEQ==
    dependencies:
      "@types/node" "*"
  
  "@types/node@*":
    version "20.12.11"
    resolved "https://registry.npmmirror.com/@types/node/-/node-20.12.11.tgz#c4ef00d3507000d17690643278a60dc55a9dc9be"
    integrity sha512-vDg9PZ/zi+Nqp6boSOT7plNuthRugEKixDv5sFTIpkE89MmNtEArAShI4mxuX2+UrLEe9pxC1vm2cjm9YlWbJw==
    dependencies:
      undici-types "~5.26.4"
  
  "@types/node@^18.11.2":
    version "18.19.33"
    resolved "https://registry.npmmirror.com/@types/node/-/node-18.19.33.tgz#98cd286a1b8a5e11aa06623210240bcc28e95c48"
    integrity sha512-NR9+KrpSajr2qBVp/Yt5TU/rp+b5Mayi3+OlMlcg2cVCfRmcG5PWZ7S4+MG9PZ5gWBoc9Pd0BKSRViuBCRPu0A==
    dependencies:
      undici-types "~5.26.4"
  
  "@types/parse-json@^4.0.0":
    version "4.0.2"
    resolved "https://registry.npmmirror.com/@types/parse-json/-/parse-json-4.0.2.tgz#5950e50960793055845e956c427fc2b0d70c5239"
    integrity sha512-dISoDXWWQwUquiKsyZ4Ng+HX2KsPL7LyHKHQwgGFEA3IaKac4Obd+h2a/a6waisAoepJlBcx9paWqjA8/HVjCw==
  
  "@types/prop-types@*":
    version "15.7.12"
    resolved "https://registry.npmmirror.com/@types/prop-types/-/prop-types-15.7.12.tgz#12bb1e2be27293c1406acb6af1c3f3a1481d98c6"
    integrity sha512-5zvhXYtRNRluoE/jAp4GVsSduVUzNWKkOZrCDBWYtE7biZywwdC2AcEzg+cSMLFRfVgeAFqpfNabiPjxFddV1Q==
  
  "@types/q@^1.5.1":
    version "1.5.8"
    resolved "https://registry.npmmirror.com/@types/q/-/q-1.5.8.tgz#95f6c6a08f2ad868ba230ead1d2d7f7be3db3837"
    integrity sha512-hroOstUScF6zhIi+5+x0dzqrHA1EJi+Irri6b1fxolMTqqHIV/Cg77EtnQcZqZCu8hR3mX2BzIxN4/GzI68Kfw==
  
  "@types/qs@*":
    version "6.9.15"
    resolved "https://registry.npmmirror.com/@types/qs/-/qs-6.9.15.tgz#adde8a060ec9c305a82de1babc1056e73bd64dce"
    integrity sha512-uXHQKES6DQKKCLh441Xv/dwxOq1TVS3JPUMlEqoEglvlhR6Mxnlew/Xq/LRVHpLyk7iK3zODe1qYHIMltO7XGg==
  
  "@types/range-parser@*":
    version "1.2.7"
    resolved "https://registry.npmmirror.com/@types/range-parser/-/range-parser-1.2.7.tgz#50ae4353eaaddc04044279812f52c8c65857dbcb"
    integrity sha512-hKormJbkJqzQGhziax5PItDUTMAM9uE2XXQmM37dyd4hVM+5aVl7oVxMVUiVQn2oCQFN/LKCZdvSM0pFRqbSmQ==
  
  "@types/react-dom@^17.0.9":
    version "17.0.25"
    resolved "https://registry.npmmirror.com/@types/react-dom/-/react-dom-17.0.25.tgz#e0e5b3571e1069625b3a3da2b279379aa33a0cb5"
    integrity sha512-urx7A7UxkZQmThYA4So0NelOVjx3V4rNFVJwp0WZlbIK5eM4rNJDiN3R/E9ix0MBh6kAEojk/9YL+Te6D9zHNA==
    dependencies:
      "@types/react" "^17"
  
  "@types/react-redux@^7.1.20":
    version "7.1.33"
    resolved "https://registry.npmmirror.com/@types/react-redux/-/react-redux-7.1.33.tgz#53c5564f03f1ded90904e3c90f77e4bd4dc20b15"
    integrity sha512-NF8m5AjWCkert+fosDsN3hAlHzpjSiXlVy9EgQEmLoBhaNXbmyeGs/aj5dQzKuF+/q+S7JQagorGDW8pJ28Hmg==
    dependencies:
      "@types/hoist-non-react-statics" "^3.3.0"
      "@types/react" "*"
      hoist-non-react-statics "^3.3.0"
      redux "^4.0.0"
  
  "@types/react@*", "@types/react@>=16.9.11":
    version "18.3.1"
    resolved "https://registry.npmmirror.com/@types/react/-/react-18.3.1.tgz#fed43985caa834a2084d002e4771e15dfcbdbe8e"
    integrity sha512-V0kuGBX3+prX+DQ/7r2qsv1NsdfnCLnTgnRJ1pYnxykBhGMz+qj+box5lq7XsO5mtZsBqpjwwTu/7wszPfMBcw==
    dependencies:
      "@types/prop-types" "*"
      csstype "^3.0.2"
  
  "@types/react@^17", "@types/react@^17.0.20":
    version "17.0.80"
    resolved "https://registry.npmmirror.com/@types/react/-/react-17.0.80.tgz#a5dfc351d6a41257eb592d73d3a85d3b7dbcbb41"
    integrity sha512-LrgHIu2lEtIo8M7d1FcI3BdwXWoRQwMoXOZ7+dPTW0lYREjmlHl3P0U1VD0i/9tppOuv8/sam7sOjx34TxSFbA==
    dependencies:
      "@types/prop-types" "*"
      "@types/scheduler" "^0.16"
      csstype "^3.0.2"
  
  "@types/retry@0.12.0":
    version "0.12.0"
    resolved "https://registry.npmmirror.com/@types/retry/-/retry-0.12.0.tgz#2b35eccfcee7d38cd72ad99232fbd58bffb3c84d"
    integrity sha512-wWKOClTTiizcZhXnPY4wikVAwmdYHp8q6DmC+EJUzAMsycb7HB32Kh9RN4+0gExjmPmZSAQjgURXIGATPegAvA==
  
  "@types/scheduler@^0.16":
    version "0.16.8"
    resolved "https://registry.npmmirror.com/@types/scheduler/-/scheduler-0.16.8.tgz#ce5ace04cfeabe7ef87c0091e50752e36707deff"
    integrity sha512-WZLiwShhwLRmeV6zH+GkbOFT6Z6VklCItrDioxUnv+u4Ll+8vKeFySoFyK/0ctcRpOmwAicELfmys1sDc/Rw+A==
  
  "@types/send@*":
    version "0.17.4"
    resolved "https://registry.npmmirror.com/@types/send/-/send-0.17.4.tgz#6619cd24e7270793702e4e6a4b958a9010cfc57a"
    integrity sha512-x2EM6TJOybec7c52BX0ZspPodMsQUd5L6PRwOunVyVUhXiBSKf3AezDL8Dgvgt5o0UfKNfuA0eMLr2wLT4AiBA==
    dependencies:
      "@types/mime" "^1"
      "@types/node" "*"
  
  "@types/serve-index@^1.9.1":
    version "1.9.4"
    resolved "https://registry.npmmirror.com/@types/serve-index/-/serve-index-1.9.4.tgz#e6ae13d5053cb06ed36392110b4f9a49ac4ec898"
    integrity sha512-qLpGZ/c2fhSs5gnYsQxtDEq3Oy8SXPClIXkW5ghvAvsNuVSA8k+gCONcUCS/UjLEYvYps+e8uBtfgXgvhwfNug==
    dependencies:
      "@types/express" "*"
  
  "@types/serve-static@*", "@types/serve-static@^1.13.10":
    version "1.15.7"
    resolved "https://registry.npmmirror.com/@types/serve-static/-/serve-static-1.15.7.tgz#22174bbd74fb97fe303109738e9b5c2f3064f714"
    integrity sha512-W8Ym+h8nhuRwaKPaDw34QUkwsGi6Rc4yYqvKFo5rm2FUEhCFbzVWrxXUxuKK8TASjWsysJY0nsmNCGhCOIsrOw==
    dependencies:
      "@types/http-errors" "*"
      "@types/node" "*"
      "@types/send" "*"
  
  "@types/sockjs@^0.3.33":
    version "0.3.36"
    resolved "https://registry.npmmirror.com/@types/sockjs/-/sockjs-0.3.36.tgz#ce322cf07bcc119d4cbf7f88954f3a3bd0f67535"
    integrity sha512-MK9V6NzAS1+Ud7JV9lJLFqW85VbC9dq3LmwZCuBe4wBDgKC0Kj/jd8Xl+nSviU+Qc3+m7umHHyHg//2KSa0a0Q==
    dependencies:
      "@types/node" "*"
  
  "@types/warning@^3.0.0":
    version "3.0.3"
    resolved "https://registry.npmmirror.com/@types/warning/-/warning-3.0.3.tgz#d1884c8cc4a426d1ac117ca2611bf333834c6798"
    integrity sha512-D1XC7WK8K+zZEveUPY+cf4+kgauk8N4eHr/XIHXGlGYkHLud6hK9lYfZk1ry1TNh798cZUCgb6MqGEG8DkJt6Q==
  
  "@types/ws@^8.5.5":
    version "8.5.10"
    resolved "https://registry.npmmirror.com/@types/ws/-/ws-8.5.10.tgz#4acfb517970853fa6574a3a6886791d04a396787"
    integrity sha512-vmQSUcfalpIq0R9q7uTo2lXs6eGIpt9wtnLdMv9LVpIjCA/+ufZRozlVoVelIYixx1ugCBKDhn89vnsEGOCx9A==
    dependencies:
      "@types/node" "*"
  
  "@ungap/structured-clone@^1.2.0":
    version "1.2.0"
    resolved "https://registry.npmmirror.com/@ungap/structured-clone/-/structured-clone-1.2.0.tgz#756641adb587851b5ccb3e095daf27ae581c8406"
    integrity sha512-zuVdFrMJiuCDQUMCzQaD6KL28MjnqqN8XnAqiEq9PNm/hCPTSGfrXCOfwj1ow4LFb/tNymJPwsNbVePc1xFqrQ==
  
  "@webassemblyjs/ast@1.12.1", "@webassemblyjs/ast@^1.12.1":
    version "1.12.1"
    resolved "https://registry.npmmirror.com/@webassemblyjs/ast/-/ast-1.12.1.tgz#bb16a0e8b1914f979f45864c23819cc3e3f0d4bb"
    integrity sha512-EKfMUOPRRUTy5UII4qJDGPpqfwjOmZ5jeGFwid9mnoqIFK+e0vqoi1qH56JpmZSzEL53jKnNzScdmftJyG5xWg==
    dependencies:
      "@webassemblyjs/helper-numbers" "1.11.6"
      "@webassemblyjs/helper-wasm-bytecode" "1.11.6"
  
  "@webassemblyjs/floating-point-hex-parser@1.11.6":
    version "1.11.6"
    resolved "https://registry.npmmirror.com/@webassemblyjs/floating-point-hex-parser/-/floating-point-hex-parser-1.11.6.tgz#dacbcb95aff135c8260f77fa3b4c5fea600a6431"
    integrity sha512-ejAj9hfRJ2XMsNHk/v6Fu2dGS+i4UaXBXGemOfQ/JfQ6mdQg/WXtwleQRLLS4OvfDhv8rYnVwH27YJLMyYsxhw==
  
  "@webassemblyjs/helper-api-error@1.11.6":
    version "1.11.6"
    resolved "https://registry.npmmirror.com/@webassemblyjs/helper-api-error/-/helper-api-error-1.11.6.tgz#6132f68c4acd59dcd141c44b18cbebbd9f2fa768"
    integrity sha512-o0YkoP4pVu4rN8aTJgAyj9hC2Sv5UlkzCHhxqWj8butaLvnpdc2jOwh4ewE6CX0txSfLn/UYaV/pheS2Txg//Q==
  
  "@webassemblyjs/helper-buffer@1.12.1":
    version "1.12.1"
    resolved "https://registry.npmmirror.com/@webassemblyjs/helper-buffer/-/helper-buffer-1.12.1.tgz#6df20d272ea5439bf20ab3492b7fb70e9bfcb3f6"
    integrity sha512-nzJwQw99DNDKr9BVCOZcLuJJUlqkJh+kVzVl6Fmq/tI5ZtEyWT1KZMyOXltXLZJmDtvLCDgwsyrkohEtopTXCw==
  
  "@webassemblyjs/helper-numbers@1.11.6":
    version "1.11.6"
    resolved "https://registry.npmmirror.com/@webassemblyjs/helper-numbers/-/helper-numbers-1.11.6.tgz#cbce5e7e0c1bd32cf4905ae444ef64cea919f1b5"
    integrity sha512-vUIhZ8LZoIWHBohiEObxVm6hwP034jwmc9kuq5GdHZH0wiLVLIPcMCdpJzG4C11cHoQ25TFIQj9kaVADVX7N3g==
    dependencies:
      "@webassemblyjs/floating-point-hex-parser" "1.11.6"
      "@webassemblyjs/helper-api-error" "1.11.6"
      "@xtuc/long" "4.2.2"
  
  "@webassemblyjs/helper-wasm-bytecode@1.11.6":
    version "1.11.6"
    resolved "https://registry.npmmirror.com/@webassemblyjs/helper-wasm-bytecode/-/helper-wasm-bytecode-1.11.6.tgz#bb2ebdb3b83aa26d9baad4c46d4315283acd51e9"
    integrity sha512-sFFHKwcmBprO9e7Icf0+gddyWYDViL8bpPjJJl0WHxCdETktXdmtWLGVzoHbqUcY4Be1LkNfwTmXOJUFZYSJdA==
  
  "@webassemblyjs/helper-wasm-section@1.12.1":
    version "1.12.1"
    resolved "https://registry.npmmirror.com/@webassemblyjs/helper-wasm-section/-/helper-wasm-section-1.12.1.tgz#3da623233ae1a60409b509a52ade9bc22a37f7bf"
    integrity sha512-Jif4vfB6FJlUlSbgEMHUyk1j234GTNG9dBJ4XJdOySoj518Xj0oGsNi59cUQF4RRMS9ouBUxDDdyBVfPTypa5g==
    dependencies:
      "@webassemblyjs/ast" "1.12.1"
      "@webassemblyjs/helper-buffer" "1.12.1"
      "@webassemblyjs/helper-wasm-bytecode" "1.11.6"
      "@webassemblyjs/wasm-gen" "1.12.1"
  
  "@webassemblyjs/ieee754@1.11.6":
    version "1.11.6"
    resolved "https://registry.npmmirror.com/@webassemblyjs/ieee754/-/ieee754-1.11.6.tgz#bb665c91d0b14fffceb0e38298c329af043c6e3a"
    integrity sha512-LM4p2csPNvbij6U1f19v6WR56QZ8JcHg3QIJTlSwzFcmx6WSORicYj6I63f9yU1kEUtrpG+kjkiIAkevHpDXrg==
    dependencies:
      "@xtuc/ieee754" "^1.2.0"
  
  "@webassemblyjs/leb128@1.11.6":
    version "1.11.6"
    resolved "https://registry.npmmirror.com/@webassemblyjs/leb128/-/leb128-1.11.6.tgz#70e60e5e82f9ac81118bc25381a0b283893240d7"
    integrity sha512-m7a0FhE67DQXgouf1tbN5XQcdWoNgaAuoULHIfGFIEVKA6tu/edls6XnIlkmS6FrXAquJRPni3ZZKjw6FSPjPQ==
    dependencies:
      "@xtuc/long" "4.2.2"
  
  "@webassemblyjs/utf8@1.11.6":
    version "1.11.6"
    resolved "https://registry.npmmirror.com/@webassemblyjs/utf8/-/utf8-1.11.6.tgz#90f8bc34c561595fe156603be7253cdbcd0fab5a"
    integrity sha512-vtXf2wTQ3+up9Zsg8sa2yWiQpzSsMyXj0qViVP6xKGCUT8p8YJ6HqI7l5eCnWx1T/FYdsv07HQs2wTFbbof/RA==
  
  "@webassemblyjs/wasm-edit@^1.12.1":
    version "1.12.1"
    resolved "https://registry.npmmirror.com/@webassemblyjs/wasm-edit/-/wasm-edit-1.12.1.tgz#9f9f3ff52a14c980939be0ef9d5df9ebc678ae3b"
    integrity sha512-1DuwbVvADvS5mGnXbE+c9NfA8QRcZ6iKquqjjmR10k6o+zzsRVesil54DKexiowcFCPdr/Q0qaMgB01+SQ1u6g==
    dependencies:
      "@webassemblyjs/ast" "1.12.1"
      "@webassemblyjs/helper-buffer" "1.12.1"
      "@webassemblyjs/helper-wasm-bytecode" "1.11.6"
      "@webassemblyjs/helper-wasm-section" "1.12.1"
      "@webassemblyjs/wasm-gen" "1.12.1"
      "@webassemblyjs/wasm-opt" "1.12.1"
      "@webassemblyjs/wasm-parser" "1.12.1"
      "@webassemblyjs/wast-printer" "1.12.1"
  
  "@webassemblyjs/wasm-gen@1.12.1":
    version "1.12.1"
    resolved "https://registry.npmmirror.com/@webassemblyjs/wasm-gen/-/wasm-gen-1.12.1.tgz#a6520601da1b5700448273666a71ad0a45d78547"
    integrity sha512-TDq4Ojh9fcohAw6OIMXqiIcTq5KUXTGRkVxbSo1hQnSy6lAM5GSdfwWeSxpAo0YzgsgF182E/U0mDNhuA0tW7w==
    dependencies:
      "@webassemblyjs/ast" "1.12.1"
      "@webassemblyjs/helper-wasm-bytecode" "1.11.6"
      "@webassemblyjs/ieee754" "1.11.6"
      "@webassemblyjs/leb128" "1.11.6"
      "@webassemblyjs/utf8" "1.11.6"
  
  "@webassemblyjs/wasm-opt@1.12.1":
    version "1.12.1"
    resolved "https://registry.npmmirror.com/@webassemblyjs/wasm-opt/-/wasm-opt-1.12.1.tgz#9e6e81475dfcfb62dab574ac2dda38226c232bc5"
    integrity sha512-Jg99j/2gG2iaz3hijw857AVYekZe2SAskcqlWIZXjji5WStnOpVoat3gQfT/Q5tb2djnCjBtMocY/Su1GfxPBg==
    dependencies:
      "@webassemblyjs/ast" "1.12.1"
      "@webassemblyjs/helper-buffer" "1.12.1"
      "@webassemblyjs/wasm-gen" "1.12.1"
      "@webassemblyjs/wasm-parser" "1.12.1"
  
  "@webassemblyjs/wasm-parser@1.12.1", "@webassemblyjs/wasm-parser@^1.12.1":
    version "1.12.1"
    resolved "https://registry.npmmirror.com/@webassemblyjs/wasm-parser/-/wasm-parser-1.12.1.tgz#c47acb90e6f083391e3fa61d113650eea1e95937"
    integrity sha512-xikIi7c2FHXysxXe3COrVUPSheuBtpcfhbpFj4gmu7KRLYOzANztwUU0IbsqvMqzuNK2+glRGWCEqZo1WCLyAQ==
    dependencies:
      "@webassemblyjs/ast" "1.12.1"
      "@webassemblyjs/helper-api-error" "1.11.6"
      "@webassemblyjs/helper-wasm-bytecode" "1.11.6"
      "@webassemblyjs/ieee754" "1.11.6"
      "@webassemblyjs/leb128" "1.11.6"
      "@webassemblyjs/utf8" "1.11.6"
  
  "@webassemblyjs/wast-printer@1.12.1":
    version "1.12.1"
    resolved "https://registry.npmmirror.com/@webassemblyjs/wast-printer/-/wast-printer-1.12.1.tgz#bcecf661d7d1abdaf989d8341a4833e33e2b31ac"
    integrity sha512-+X4WAlOisVWQMikjbcvY2e0rwPsKQ9F688lksZhBcPycBBuii3O7m8FACbDMWDojpAqvjIncrG8J0XHKyQfVeA==
    dependencies:
      "@webassemblyjs/ast" "1.12.1"
      "@xtuc/long" "4.2.2"
  
  "@webpack-cli/configtest@^2.1.1":
    version "2.1.1"
    resolved "https://registry.npmmirror.com/@webpack-cli/configtest/-/configtest-2.1.1.tgz#3b2f852e91dac6e3b85fb2a314fb8bef46d94646"
    integrity sha512-wy0mglZpDSiSS0XHrVR+BAdId2+yxPSoJW8fsna3ZpYSlufjvxnP4YbKTCBZnNIcGN4r6ZPXV55X4mYExOfLmw==
  
  "@webpack-cli/info@^2.0.2":
    version "2.0.2"
    resolved "https://registry.npmmirror.com/@webpack-cli/info/-/info-2.0.2.tgz#cc3fbf22efeb88ff62310cf885c5b09f44ae0fdd"
    integrity sha512-zLHQdI/Qs1UyT5UBdWNqsARasIA+AaF8t+4u2aS2nEpBQh2mWIVb8qAklq0eUENnC5mOItrIB4LiS9xMtph18A==
  
  "@webpack-cli/serve@^2.0.5":
    version "2.0.5"
    resolved "https://registry.npmmirror.com/@webpack-cli/serve/-/serve-2.0.5.tgz#325db42395cd49fe6c14057f9a900e427df8810e"
    integrity sha512-lqaoKnRYBdo1UgDX8uF24AfGMifWK19TxPmM5FHc2vAGxrJ/qtyUyFBWoY1tISZdelsQ5fBcOusifo5o5wSJxQ==
  
  "@xtuc/ieee754@^1.2.0":
    version "1.2.0"
    resolved "https://registry.npmmirror.com/@xtuc/ieee754/-/ieee754-1.2.0.tgz#eef014a3145ae477a1cbc00cd1e552336dceb790"
    integrity sha512-DX8nKgqcGwsc0eJSqYt5lwP4DH5FlHnmuWWBRy7X0NcaGR0ZtuyeESgMwTYVEtxmsNGY+qit4QYT/MIYTOTPeA==
  
  "@xtuc/long@4.2.2":
    version "4.2.2"
    resolved "https://registry.npmmirror.com/@xtuc/long/-/long-4.2.2.tgz#d291c6a4e97989b5c61d9acf396ae4fe133a718d"
    integrity sha512-NuHqBY1PB/D8xU6s/thBgOAiAP7HOYDQ32+BFZILJ8ivkUkAHQnWfn6WhL79Owj1qmUnoN/YPhktdIoucipkAQ==
  
  accepts@~1.3.4, accepts@~1.3.5, accepts@~1.3.8:
    version "1.3.8"
    resolved "https://registry.npmmirror.com/accepts/-/accepts-1.3.8.tgz#0bf0be125b67014adcb0b0921e62db7bffe16b2e"
    integrity sha512-PYAthTa2m2VKxuvSD3DPC/Gy+U+sOA1LAuT8mkmRuvw+NACSaeXEQ+NHcVF7rONl6qcaxV3Uuemwawk+7+SJLw==
    dependencies:
      mime-types "~2.1.34"
      negotiator "0.6.3"
  
  acorn-import-assertions@^1.9.0:
    version "1.9.0"
    resolved "https://registry.npmmirror.com/acorn-import-assertions/-/acorn-import-assertions-1.9.0.tgz#507276249d684797c84e0734ef84860334cfb1ac"
    integrity sha512-cmMwop9x+8KFhxvKrKfPYmN6/pKTYYHBqLa0DfvVZcKMJWNyWLnaqND7dx/qn66R7ewM1UX5XMaDVP5wlVTaVA==
  
  acorn-jsx@^5.3.2:
    version "5.3.2"
    resolved "https://registry.npmmirror.com/acorn-jsx/-/acorn-jsx-5.3.2.tgz#7ed5bb55908b3b2f1bc55c6af1653bada7f07937"
    integrity sha512-rq9s+JNhf0IChjtDXxllJ7g41oZk5SlXtp0LHwyA5cejwn7vKmKp4pPri6YEePv2PU65sAsegbXtIinmDFDXgQ==
  
  acorn-walk@^8.0.0:
    version "8.3.2"
    resolved "https://registry.npmmirror.com/acorn-walk/-/acorn-walk-8.3.2.tgz#7703af9415f1b6db9315d6895503862e231d34aa"
    integrity sha512-cjkyv4OtNCIeqhHrfS81QWXoCBPExR/J62oyEqepVw8WaQeSqpW2uhuLPh1m9eWhDuOo/jUXVTlifvesOWp/4A==
  
  acorn@^8.0.4, acorn@^8.7.1, acorn@^8.8.2, acorn@^8.9.0:
    version "8.11.3"
    resolved "https://registry.npmmirror.com/acorn/-/acorn-8.11.3.tgz#71e0b14e13a4ec160724b38fb7b0f233b1b81d7a"
    integrity sha512-Y9rRfJG5jcKOE0CLisYbojUjIrIEE7AGMzA/Sm4BslANhbS+cDMpgBdcPT91oJ7OuJ9hYJBx59RjbhxVnrF8Xg==
  
  ahooks-v3-count@^1.0.0:
    version "1.0.0"
    resolved "https://registry.npmmirror.com/ahooks-v3-count/-/ahooks-v3-count-1.0.0.tgz#ddeb392e009ad6e748905b3cbf63a9fd8262ca80"
    integrity sha512-V7uUvAwnimu6eh/PED4mCDjE7tokeZQLKlxg9lCTMPhN+NjsSbtdacByVlR1oluXQzD3MOw55wylDmQo4+S9ZQ==
  
  ahooks@3.1.9:
    version "3.1.9"
    resolved "https://registry.npmmirror.com/ahooks/-/ahooks-3.1.9.tgz#7b04672c9fc2e26e551cb57bd46cfa043e680511"
    integrity sha512-+ei+s0f+K2UKs6PGOUoJzMNKlj74qySO3lLd2xTJsvRUOoLhcLeFMledyJ2dRAvcFL8YFm+2T5Nidrlb8wl2tQ==
    dependencies:
      "@types/js-cookie" "^2.x.x"
      ahooks-v3-count "^1.0.0"
      dayjs "^1.9.1"
      intersection-observer "^0.12.0"
      js-cookie "^2.x.x"
      lodash "^4.17.21"
      resize-observer-polyfill "^1.5.1"
      screenfull "^5.0.0"
  
  ajv-formats@^2.1.1:
    version "2.1.1"
    resolved "https://registry.npmmirror.com/ajv-formats/-/ajv-formats-2.1.1.tgz#6e669400659eb74973bbf2e33327180a0996b520"
    integrity sha512-Wx0Kx52hxE7C18hkMEggYlEifqWZtYaRgouJor+WMdPnQyEK13vgEWyVNup7SoeeoLMsr4kf5h6dOW11I15MUA==
    dependencies:
      ajv "^8.0.0"
  
  ajv-keywords@^3.5.2:
    version "3.5.2"
    resolved "https://registry.npmmirror.com/ajv-keywords/-/ajv-keywords-3.5.2.tgz#31f29da5ab6e00d1c2d329acf7b5929614d5014d"
    integrity sha512-5p6WTN0DdTGVQk6VjcEju19IgaHudalcfabD7yhDGeA6bcQnmL+CpveLJq/3hvfwd1aof6L386Ougkx6RfyMIQ==
  
  ajv-keywords@^5.1.0:
    version "5.1.0"
    resolved "https://registry.npmmirror.com/ajv-keywords/-/ajv-keywords-5.1.0.tgz#69d4d385a4733cdbeab44964a1170a88f87f0e16"
    integrity sha512-YCS/JNFAUyr5vAuhk1DWm1CBxRHW9LbJ2ozWeemrIqpbsqKjHVxYPyi5GC0rjZIT5JxJ3virVTS8wk4i/Z+krw==
    dependencies:
      fast-deep-equal "^3.1.3"
  
  ajv@^6.12.4, ajv@^6.12.5:
    version "6.12.6"
    resolved "https://registry.npmmirror.com/ajv/-/ajv-6.12.6.tgz#baf5a62e802b07d977034586f8c3baf5adf26df4"
    integrity sha512-j3fVLgvTo527anyYyJOGTYJbG+vnnQYvE0m5mmkc1TK+nxAppkCLMIL0aZ4dblVCNoGShhm+kzE4ZUykBoMg4g==
    dependencies:
      fast-deep-equal "^3.1.1"
      fast-json-stable-stringify "^2.0.0"
      json-schema-traverse "^0.4.1"
      uri-js "^4.2.2"
  
  ajv@^8.0.0, ajv@^8.9.0:
    version "8.13.0"
    resolved "https://registry.npmmirror.com/ajv/-/ajv-8.13.0.tgz#a3939eaec9fb80d217ddf0c3376948c023f28c91"
    integrity sha512-PRA911Blj99jR5RMeTunVbNXMF6Lp4vZXnk5GQjcnUWUTsrXtekg/pnmFFI2u/I36Y/2bITGS30GZCXei6uNkA==
    dependencies:
      fast-deep-equal "^3.1.3"
      json-schema-traverse "^1.0.0"
      require-from-string "^2.0.2"
      uri-js "^4.4.1"
  
  ansi-html-community@^0.0.8:
    version "0.0.8"
    resolved "https://registry.npmmirror.com/ansi-html-community/-/ansi-html-community-0.0.8.tgz#69fbc4d6ccbe383f9736934ae34c3f8290f1bf41"
    integrity sha512-1APHAyr3+PCamwNw3bXCPp4HFLONZt/yIH0sZp0/469KWNTEy+qN5jQ3GVX6DMZ1UXAi34yVwtTeaG/HpBuuzw==
  
  ansi-regex@^5.0.1:
    version "5.0.1"
    resolved "https://registry.npmmirror.com/ansi-regex/-/ansi-regex-5.0.1.tgz#082cb2c89c9fe8659a311a53bd6a4dc5301db304"
    integrity sha512-quJQXlTSUGL2LH9SUXo8VwsY4soanhgo6LNSm84E1LBcE8s3O0wpdiRzyR9z/ZZJMlMWv37qOOb9pdJlMUEKFQ==
  
  ansi-styles@^3.2.1:
    version "3.2.1"
    resolved "https://registry.npmmirror.com/ansi-styles/-/ansi-styles-3.2.1.tgz#41fbb20243e50b12be0f04b8dedbf07520ce841d"
    integrity sha512-VT0ZI6kZRdTh8YyJw3SMbYm/u+NqfsAxEpWO0Pf9sq8/e94WxxOpPKx9FR1FlyCtOVDNOQ+8ntlqFxiRc+r5qA==
    dependencies:
      color-convert "^1.9.0"
  
  ansi-styles@^4.1.0:
    version "4.3.0"
    resolved "https://registry.npmmirror.com/ansi-styles/-/ansi-styles-4.3.0.tgz#edd803628ae71c04c85ae7a0906edad34b648937"
    integrity sha512-zbB9rCJAT1rbjiVDb2hqKFHNYLxgtk8NURxZ3IZwD3F6NtxbXZQCnnSi1Lkx+IDohdPlFp222wVALIheZJQSEg==
    dependencies:
      color-convert "^2.0.1"
  
  antd-dayjs-webpack-plugin@^1.0.6:
    version "1.0.6"
    resolved "https://registry.npmmirror.com/antd-dayjs-webpack-plugin/-/antd-dayjs-webpack-plugin-1.0.6.tgz#7d98bcb51422248b8cd4a32e352a0425a3bffa3a"
    integrity sha512-UlK3BfA0iE2c5+Zz/Bd2iPAkT6cICtrKG4/swSik5MZweBHtgmu1aUQCHvICdiv39EAShdZy/edfP6mlkS/xXg==
  
  antd@^4.16.13:
    version "4.24.16"
    resolved "https://registry.npmmirror.com/antd/-/antd-4.24.16.tgz#19206b6082e25a9900ba486655f9a55fe405d672"
    integrity sha512-zZrK4UYxHtU6tGOOf0uG/kBRx1kTvypfuSB3GqE/SBQxFhZ/TZ+yj7Z1qwI8vGfMtUUJdLeuoCAqGDa1zPsXnQ==
    dependencies:
      "@ant-design/colors" "^6.0.0"
      "@ant-design/icons" "^4.8.2"
      "@ant-design/react-slick" "~1.0.2"
      "@babel/runtime" "^7.18.3"
      "@ctrl/tinycolor" "^3.6.1"
      classnames "^2.2.6"
      copy-to-clipboard "^3.2.0"
      lodash "^4.17.21"
      moment "^2.29.2"
      rc-cascader "~3.7.3"
      rc-checkbox "~3.0.1"
      rc-collapse "~3.4.2"
      rc-dialog "~9.0.2"
      rc-drawer "~6.3.0"
      rc-dropdown "~4.0.1"
      rc-field-form "~1.38.2"
      rc-image "~5.13.0"
      rc-input "~0.1.4"
      rc-input-number "~7.3.11"
      rc-mentions "~1.13.1"
      rc-menu "~9.8.4"
      rc-motion "^2.9.0"
      rc-notification "~4.6.1"
      rc-pagination "~3.2.0"
      rc-picker "~2.7.6"
      rc-progress "~3.4.2"
      rc-rate "~2.9.3"
      rc-resize-observer "^1.3.1"
      rc-segmented "~2.3.0"
      rc-select "~14.1.18"
      rc-slider "~10.0.1"
      rc-steps "~5.0.0"
      rc-switch "~3.2.2"
      rc-table "~7.26.0"
      rc-tabs "~12.5.10"
      rc-textarea "~0.4.7"
      rc-tooltip "~5.2.2"
      rc-tree "~5.7.12"
      rc-tree-select "~5.5.5"
      rc-trigger "^5.3.4"
      rc-upload "~4.3.6"
      rc-util "^5.37.0"
      scroll-into-view-if-needed "^2.2.25"
  
  antd@^5.7.3:
    version "5.17.0"
    resolved "https://registry.npmmirror.com/antd/-/antd-5.17.0.tgz#60a4d9489b47a07ccddcee42f014b18a936b28e3"
    integrity sha512-jrzMIcaTJIy12/GJ2PfgchgZGuAlDodlaOKd05/TxEtFilRHnv8oaf0qfqNGG3slvvuy4J/57xn21jM4cLl7Hw==
    dependencies:
      "@ant-design/colors" "^7.0.2"
      "@ant-design/cssinjs" "^1.19.1"
      "@ant-design/icons" "^5.3.6"
      "@ant-design/react-slick" "~1.1.2"
      "@babel/runtime" "^7.24.5"
      "@ctrl/tinycolor" "^3.6.1"
      "@rc-component/color-picker" "~1.5.3"
      "@rc-component/mutate-observer" "^1.1.0"
      "@rc-component/tour" "~1.14.2"
      "@rc-component/trigger" "^2.1.1"
      classnames "^2.5.1"
      copy-to-clipboard "^3.3.3"
      dayjs "^1.11.10"
      qrcode.react "^3.1.0"
      rc-cascader "~3.25.0"
      rc-checkbox "~3.2.0"
      rc-collapse "~3.7.3"
      rc-dialog "~9.4.0"
      rc-drawer "~7.1.0"
      rc-dropdown "~4.2.0"
      rc-field-form "~2.0.0"
      rc-image "~7.6.0"
      rc-input "~1.4.5"
      rc-input-number "~9.0.0"
      rc-mentions "~2.11.1"
      rc-menu "~9.13.0"
      rc-motion "^2.9.0"
      rc-notification "~5.4.0"
      rc-pagination "~4.0.4"
      rc-picker "~4.5.0"
      rc-progress "~4.0.0"
      rc-rate "~2.12.0"
      rc-resize-observer "^1.4.0"
      rc-segmented "~2.3.0"
      rc-select "~14.13.1"
      rc-slider "~10.6.2"
      rc-steps "~6.0.1"
      rc-switch "~4.1.0"
      rc-table "~7.45.5"
      rc-tabs "~15.0.0 "
      rc-textarea "~1.6.3"
      rc-tooltip "~6.2.0"
      rc-tree "~5.8.5"
      rc-tree-select "~5.20.0"
      rc-upload "~4.5.2"
      rc-util "^5.39.1"
      scroll-into-view-if-needed "^3.1.0"
      throttle-debounce "^5.0.0"
  
  anymatch@~3.1.2:
    version "3.1.3"
    resolved "https://registry.npmmirror.com/anymatch/-/anymatch-3.1.3.tgz#790c58b19ba1720a84205b57c618d5ad8524973e"
    integrity sha512-KMReFUr0B4t+D+OBkjR3KYqvocp2XaSzO55UcB6mgQMd3KbcE+mWTyvVV7D/zsdEbNnV6acZUutkiHQXvTr1Rw==
    dependencies:
      normalize-path "^3.0.0"
      picomatch "^2.0.4"
  
  argparse@^1.0.7:
    version "1.0.10"
    resolved "https://registry.npmmirror.com/argparse/-/argparse-1.0.10.tgz#bcd6791ea5ae09725e17e5ad988134cd40b3d911"
    integrity sha512-o5Roy6tNG4SL/FOkCAN6RzjiakZS25RLYFrcMttJqbdd8BWrnA+fGz57iN5Pb06pvBGvl5gQ0B48dJlslXvoTg==
    dependencies:
      sprintf-js "~1.0.2"
  
  argparse@^2.0.1:
    version "2.0.1"
    resolved "https://registry.npmmirror.com/argparse/-/argparse-2.0.1.tgz#246f50f3ca78a3240f6c997e8a9bd1eac49e4b38"
    integrity sha512-8+9WqebbFzpX9OR+Wa6O29asIogeRMzcGtAINdpMHHyAg10f05aSFVBbcEqGf/PXw1EjAZ+q2/bEBg3DvurK3Q==
  
  array-buffer-byte-length@^1.0.1:
    version "1.0.1"
    resolved "https://registry.npmmirror.com/array-buffer-byte-length/-/array-buffer-byte-length-1.0.1.tgz#1e5583ec16763540a27ae52eed99ff899223568f"
    integrity sha512-ahC5W1xgou+KTXix4sAO8Ki12Q+jf4i0+tmk3sC+zgcynshkHxzpXdImBehiUYKKKDwvfFiJl1tZt6ewscS1Mg==
    dependencies:
      call-bind "^1.0.5"
      is-array-buffer "^3.0.4"
  
  array-flatten@1.1.1:
    version "1.1.1"
    resolved "https://registry.npmmirror.com/array-flatten/-/array-flatten-1.1.1.tgz#9a5f699051b1e7073328f2a008968b64ea2955d2"
    integrity sha512-PCVAQswWemu6UdxsDFFX/+gVeYqKAod3D3UVm91jHwynguOwAvYPhx8nNlM++NqRcK6CxxpUafjmhIdKiHibqg==
  
  array-tree-filter@^2.1.0:
    version "2.1.0"
    resolved "https://registry.npmmirror.com/array-tree-filter/-/array-tree-filter-2.1.0.tgz#873ac00fec83749f255ac8dd083814b4f6329190"
    integrity sha512-4ROwICNlNw/Hqa9v+rk5h22KjmzB1JGTMVKP2AKJBOCgb0yL0ASf0+YvCcLNNwquOHNX48jkeZIJ3a+oOQqKcw==
  
  array-union@^1.0.1:
    version "1.0.2"
    resolved "https://registry.npmmirror.com/array-union/-/array-union-1.0.2.tgz#9a34410e4f4e3da23dea375be5be70f24778ec39"
    integrity sha512-Dxr6QJj/RdU/hCaBjOfxW+q6lyuVE6JFWIrAUpuOOhoJJoQ99cUn3igRaHVB5P9WrgFVN0FfArM3x0cueOU8ng==
    dependencies:
      array-uniq "^1.0.1"
  
  array-uniq@^1.0.1:
    version "1.0.3"
    resolved "https://registry.npmmirror.com/array-uniq/-/array-uniq-1.0.3.tgz#af6ac877a25cc7f74e058894753858dfdb24fdb6"
    integrity sha512-MNha4BWQ6JbwhFhj03YK552f7cb3AzoE8SzeljgChvL1dl3IcvggXVz1DilzySZkCja+CXuZbdW7yATchWn8/Q==
  
  array.prototype.reduce@^1.0.6:
    version "1.0.7"
    resolved "https://registry.npmmirror.com/array.prototype.reduce/-/array.prototype.reduce-1.0.7.tgz#6aadc2f995af29cb887eb866d981dc85ab6f7dc7"
    integrity sha512-mzmiUCVwtiD4lgxYP8g7IYy8El8p2CSMePvIbTS7gchKir/L1fgJrk0yDKmAX6mnRQFKNADYIk8nNlTris5H1Q==
    dependencies:
      call-bind "^1.0.7"
      define-properties "^1.2.1"
      es-abstract "^1.23.2"
      es-array-method-boxes-properly "^1.0.0"
      es-errors "^1.3.0"
      es-object-atoms "^1.0.0"
      is-string "^1.0.7"
  
  arraybuffer.prototype.slice@^1.0.3:
    version "1.0.3"
    resolved "https://registry.npmmirror.com/arraybuffer.prototype.slice/-/arraybuffer.prototype.slice-1.0.3.tgz#097972f4255e41bc3425e37dc3f6421cf9aefde6"
    integrity sha512-bMxMKAjg13EBSVscxTaYA4mRc5t1UAXa2kXiGTNfZ079HIWXEkKmkgFrh/nJqamaLSrXO5H4WFFkPEaLJWbs3A==
    dependencies:
      array-buffer-byte-length "^1.0.1"
      call-bind "^1.0.5"
      define-properties "^1.2.1"
      es-abstract "^1.22.3"
      es-errors "^1.2.1"
      get-intrinsic "^1.2.3"
      is-array-buffer "^3.0.4"
      is-shared-array-buffer "^1.0.2"
  
  asap@~2.0.3:
    version "2.0.6"
    resolved "https://registry.npmmirror.com/asap/-/asap-2.0.6.tgz#e50347611d7e690943208bbdafebcbc2fb866d46"
    integrity sha512-BSHWgDSAiKs50o2Re8ppvp3seVHXSRM44cdSsT9FfNEUUZLOGWVCsiWaRPWM1Znn+mqZ1OfVZ3z3DWEzSp7hRA==
  
  async-validator@^4.1.0:
    version "4.2.5"
    resolved "https://registry.npmmirror.com/async-validator/-/async-validator-4.2.5.tgz#c96ea3332a521699d0afaaceed510a54656c6339"
    integrity sha512-7HhHjtERjqlNbZtqNqy2rckN/SpOOlmDliet+lP7k+eKZEjPk3DgyeU9lIXLdeLz0uBbbVp+9Qdow9wJWgwwfg==
  
  autoprefixer@^10.3.4:
    version "10.4.19"
    resolved "https://registry.npmmirror.com/autoprefixer/-/autoprefixer-10.4.19.tgz#ad25a856e82ee9d7898c59583c1afeb3fa65f89f"
    integrity sha512-BaENR2+zBZ8xXhM4pUaKUxlVdxZ0EZhjvbopwnXmxRUfqDmwSpC2lAi/QXvx7NRdPCo1WKEcEF6mV64si1z4Ew==
    dependencies:
      browserslist "^4.23.0"
      caniuse-lite "^1.0.30001599"
      fraction.js "^4.3.7"
      normalize-range "^0.1.2"
      picocolors "^1.0.0"
      postcss-value-parser "^4.2.0"
  
  available-typed-arrays@^1.0.7:
    version "1.0.7"
    resolved "https://registry.npmmirror.com/available-typed-arrays/-/available-typed-arrays-1.0.7.tgz#a5cc375d6a03c2efc87a553f3e0b1522def14846"
    integrity sha512-wvUjBtSGN7+7SjNpq/9M2Tg350UZD3q62IFZLbRAR1bSMlCo1ZaeW+BJ+D090e4hIIZLBcTDWe4Mh4jvUDajzQ==
    dependencies:
      possible-typed-array-names "^1.0.0"
  
  axios@^0.21.4:
    version "0.21.4"
    resolved "https://registry.npmmirror.com/axios/-/axios-0.21.4.tgz#c67b90dc0568e5c1cf2b0b858c43ba28e2eda575"
    integrity sha512-ut5vewkiu8jjGBdqpM44XxjuCjq9LAKeHVmoVfHVzy8eHgxxq8SbAVQNovDA8mVi05kP0Ea/n/UzcSHcTJQfNg==
    dependencies:
      follow-redirects "^1.14.0"
  
  babel-eslint@10.1.0:
    version "10.1.0"
    resolved "https://registry.npmmirror.com/babel-eslint/-/babel-eslint-10.1.0.tgz#6968e568a910b78fb3779cdd8b6ac2f479943232"
    integrity sha512-ifWaTHQ0ce+448CYop8AdrQiBsGrnC+bMgfyKFdi6EsPLTAWG+QfyDeM6OH+FmWnKvEq5NnBMLvlBUPKQZoDSg==
    dependencies:
      "@babel/code-frame" "^7.0.0"
      "@babel/parser" "^7.7.0"
      "@babel/traverse" "^7.7.0"
      "@babel/types" "^7.7.0"
      eslint-visitor-keys "^1.0.0"
      resolve "^1.12.0"
  
  babel-loader@^9.1.2:
    version "9.1.3"
    resolved "https://registry.npmmirror.com/babel-loader/-/babel-loader-9.1.3.tgz#3d0e01b4e69760cc694ee306fe16d358aa1c6f9a"
    integrity sha512-xG3ST4DglodGf8qSwv0MdeWLhrDsw/32QMdTO5T1ZIp9gQur0HkCyFs7Awskr10JKXFXwpAhiCuYX5oGXnRGbw==
    dependencies:
      find-cache-dir "^4.0.0"
      schema-utils "^4.0.0"
  
  babel-plugin-import@^1.13.3:
    version "1.13.8"
    resolved "https://registry.npmmirror.com/babel-plugin-import/-/babel-plugin-import-1.13.8.tgz#782c517f6bbf2de3b1f75aaafd6d20a491c4878c"
    integrity sha512-36babpjra5m3gca44V6tSTomeBlPA7cHUynrE2WiQIm3rEGD9xy28MKsx5IdO45EbnpJY7Jrgd00C6Dwt/l/2Q==
    dependencies:
      "@babel/helper-module-imports" "^7.0.0"
  
  babel-plugin-polyfill-corejs2@^0.4.10:
    version "0.4.11"
    resolved "https://registry.npmmirror.com/babel-plugin-polyfill-corejs2/-/babel-plugin-polyfill-corejs2-0.4.11.tgz#30320dfe3ffe1a336c15afdcdafd6fd615b25e33"
    integrity sha512-sMEJ27L0gRHShOh5G54uAAPaiCOygY/5ratXuiyb2G46FmlSpc9eFCzYVyDiPxfNbwzA7mYahmjQc5q+CZQ09Q==
    dependencies:
      "@babel/compat-data" "^7.22.6"
      "@babel/helper-define-polyfill-provider" "^0.6.2"
      semver "^6.3.1"
  
  babel-plugin-polyfill-corejs3@^0.10.4:
    version "0.10.4"
    resolved "https://registry.npmmirror.com/babel-plugin-polyfill-corejs3/-/babel-plugin-polyfill-corejs3-0.10.4.tgz#789ac82405ad664c20476d0233b485281deb9c77"
    integrity sha512-25J6I8NGfa5YkCDogHRID3fVCadIR8/pGl1/spvCkzb6lVn6SR3ojpx9nOn9iEBcUsjY24AmdKm5khcfKdylcg==
    dependencies:
      "@babel/helper-define-polyfill-provider" "^0.6.1"
      core-js-compat "^3.36.1"
  
  babel-plugin-polyfill-regenerator@^0.6.1:
    version "0.6.2"
    resolved "https://registry.npmmirror.com/babel-plugin-polyfill-regenerator/-/babel-plugin-polyfill-regenerator-0.6.2.tgz#addc47e240edd1da1058ebda03021f382bba785e"
    integrity sha512-2R25rQZWP63nGwaAswvDazbPXfrM3HwVoBXK6HcqeKrSrL/JqcC/rDcf95l4r7LXLyxDXc8uQDa064GubtCABg==
    dependencies:
      "@babel/helper-define-polyfill-provider" "^0.6.2"
  
  balanced-match@^1.0.0:
    version "1.0.2"
    resolved "https://registry.npmmirror.com/balanced-match/-/balanced-match-1.0.2.tgz#e83e3a7e3f300b34cb9d87f615fa0cbf357690ee"
    integrity sha512-3oSeUO0TMV67hN1AmbXsK4yaqU7tjiHlbxRDZOpH0KW9+CeX4bRAaX0Anxt0tx2MrpRpWwQaPwIlISEJhYU5Pw==
  
  base64-js@^1.3.1:
    version "1.5.1"
    resolved "https://registry.npmmirror.com/base64-js/-/base64-js-1.5.1.tgz#1b1b440160a5bf7ad40b650f095963481903930a"
    integrity sha512-AKpaYlHn8t4SVbOHCy+b5+KKgvR4vrsD8vbvrbiQJps7fKDTkjkDry6ji0rUJjC0kzbNePLwzxq8iypo41qeWA==
  
  batch@0.6.1:
    version "0.6.1"
    resolved "https://registry.npmmirror.com/batch/-/batch-0.6.1.tgz#dc34314f4e679318093fc760272525f94bf25c16"
    integrity sha512-x+VAiMRL6UPkx+kudNvxTl6hB2XNNCG2r+7wixVfIYwu/2HKRXimwQyaumLjMveWvT2Hkd/cAJw+QBMfJ/EKVw==
  
  big.js@^5.2.2:
    version "5.2.2"
    resolved "https://registry.npmmirror.com/big.js/-/big.js-5.2.2.tgz#65f0af382f578bcdc742bd9c281e9cb2d7768328"
    integrity sha512-vyL2OymJxmarO8gxMr0mhChsO9QGwhynfuu4+MHTAW6czfq9humCB7rKpUjDd9YUiDPU4mzpyupFSvOClAwbmQ==
  
  binary-extensions@^2.0.0:
    version "2.3.0"
    resolved "https://registry.npmmirror.com/binary-extensions/-/binary-extensions-2.3.0.tgz#f6e14a97858d327252200242d4ccfe522c445522"
    integrity sha512-Ceh+7ox5qe7LJuLHoY0feh3pHuUDHAcRUeyL2VYghZwfpkNIy/+8Ocg0a3UuSoYzavmylwuLWQOf3hl0jjMMIw==
  
  body-parser@1.20.2:
    version "1.20.2"
    resolved "https://registry.npmmirror.com/body-parser/-/body-parser-1.20.2.tgz#6feb0e21c4724d06de7ff38da36dad4f57a747fd"
    integrity sha512-ml9pReCu3M61kGlqoTm2umSXTlRTuGTx0bfYj+uIUKKYycG5NtSbeetV3faSU6R7ajOPw0g/J1PvK4qNy7s5bA==
    dependencies:
      bytes "3.1.2"
      content-type "~1.0.5"
      debug "2.6.9"
      depd "2.0.0"
      destroy "1.2.0"
      http-errors "2.0.0"
      iconv-lite "0.4.24"
      on-finished "2.4.1"
      qs "6.11.0"
      raw-body "2.5.2"
      type-is "~1.6.18"
      unpipe "1.0.0"
  
  bonjour-service@^1.0.11:
    version "1.2.1"
    resolved "https://registry.npmmirror.com/bonjour-service/-/bonjour-service-1.2.1.tgz#eb41b3085183df3321da1264719fbada12478d02"
    integrity sha512-oSzCS2zV14bh2kji6vNe7vrpJYCHGvcZnlffFQ1MEoX/WOeQ/teD8SYWKR942OI3INjq8OMNJlbPK5LLLUxFDw==
    dependencies:
      fast-deep-equal "^3.1.3"
      multicast-dns "^7.2.5"
  
  boolbase@^1.0.0, boolbase@~1.0.0:
    version "1.0.0"
    resolved "https://registry.npmmirror.com/boolbase/-/boolbase-1.0.0.tgz#68dff5fbe60c51eb37725ea9e3ed310dcc1e776e"
    integrity sha512-JZOSA7Mo9sNGB8+UjSgzdLtokWAky1zbztM3WRLCbZ70/3cTANmQmOdR7y2g+J0e2WXywy1yS468tY+IruqEww==
  
  bowser@^1.7.3:
    version "1.9.4"
    resolved "https://registry.npmmirror.com/bowser/-/bowser-1.9.4.tgz#890c58a2813a9d3243704334fa81b96a5c150c9a"
    integrity sha512-9IdMmj2KjigRq6oWhmwv1W36pDuA4STQZ8q6YO9um+x07xgYNCD3Oou+WP/3L1HNz7iqythGet3/p4wvc8AAwQ==
  
  brace-expansion@^1.1.7:
    version "1.1.11"
    resolved "https://registry.npmmirror.com/brace-expansion/-/brace-expansion-1.1.11.tgz#3c7fcbf529d87226f3d2f52b966ff5271eb441dd"
    integrity sha512-iCuPHDFgrHX7H2vEI/5xpz07zSHB00TpugqhmYtVmMO6518mCuRMoOYFldEBl0g187ufozdaHgWKcYFb61qGiA==
    dependencies:
      balanced-match "^1.0.0"
      concat-map "0.0.1"
  
  braces@^3.0.2, braces@~3.0.2:
    version "3.0.2"
    resolved "https://registry.npmmirror.com/braces/-/braces-3.0.2.tgz#3454e1a462ee8d599e236df336cd9ea4f8afe107"
    integrity sha512-b8um+L1RzM3WDSzvhm6gIz1yfTbBt6YTlcEKAvsmqCZZFw46z626lVj9j1yEPW33H5H+lBQpZMP1k8l+78Ha0A==
    dependencies:
      fill-range "^7.0.1"
  
  browserslist@^4.21.10, browserslist@^4.22.2, browserslist@^4.23.0:
    version "4.23.0"
    resolved "https://registry.npmmirror.com/browserslist/-/browserslist-4.23.0.tgz#8f3acc2bbe73af7213399430890f86c63a5674ab"
    integrity sha512-QW8HiM1shhT2GuzkvklfjcKDiWFXHOeFCIA/huJPwHsslwcydgk7X+z2zXpEijP98UCY7HbubZt5J2Zgvf0CaQ==
    dependencies:
      caniuse-lite "^1.0.30001587"
      electron-to-chromium "^1.4.668"
      node-releases "^2.0.14"
      update-browserslist-db "^1.0.13"
  
  buffer-from@^1.0.0:
    version "1.1.2"
    resolved "https://registry.npmmirror.com/buffer-from/-/buffer-from-1.1.2.tgz#2b146a6fd72e80b4f55d255f35ed59a3a9a41bd5"
    integrity sha512-E+XQCRwSbaaiChtv6k6Dwgc+bx+Bs6vuKJHHl5kox/BaKbhiXzqQOwK4cO22yElGp2OCmjwVhT3HmxgyPGnJfQ==
  
  buffer@^5.0.3:
    version "5.7.1"
    resolved "https://registry.npmmirror.com/buffer/-/buffer-5.7.1.tgz#ba62e7c13133053582197160851a8f648e99eed0"
    integrity sha512-EHcyIPBQ4BSGlvjB16k5KgAJ27CIsHY/2JBmCRReo48y9rQ3MaUzWX3KVlBa4U7MyX02HdVj0K7C3WaB3ju7FQ==
    dependencies:
      base64-js "^1.3.1"
      ieee754 "^1.1.13"
  
  bytes@3.0.0:
    version "3.0.0"
    resolved "https://registry.npmmirror.com/bytes/-/bytes-3.0.0.tgz#d32815404d689699f85a4ea4fa8755dd13a96048"
    integrity sha512-pMhOfFDPiv9t5jjIXkHosWmkSyQbvsgEVNkz0ERHbuLh2T/7j4Mqqpz523Fe8MVY89KC6Sh/QfS2sM+SjgFDcw==
  
  bytes@3.1.2:
    version "3.1.2"
    resolved "https://registry.npmmirror.com/bytes/-/bytes-3.1.2.tgz#8b0beeb98605adf1b128fa4386403c009e0221a5"
    integrity sha512-/Nf7TyzTx6S3yRJObOAV7956r8cr2+Oj8AC5dt8wSP3BQAoeX58NoHyCU8P8zGkNXStjTSi6fzO6F0pBdcYbEg==
  
  call-bind@^1.0.2, call-bind@^1.0.5, call-bind@^1.0.6, call-bind@^1.0.7:
    version "1.0.7"
    resolved "https://registry.npmmirror.com/call-bind/-/call-bind-1.0.7.tgz#06016599c40c56498c18769d2730be242b6fa3b9"
    integrity sha512-GHTSNSYICQ7scH7sZ+M2rFopRoLh8t2bLSW6BbgrtLsahOIB5iyAVJf9GjWK3cYTDaMj4XdBpM1cA6pIS0Kv2w==
    dependencies:
      es-define-property "^1.0.0"
      es-errors "^1.3.0"
      function-bind "^1.1.2"
      get-intrinsic "^1.2.4"
      set-function-length "^1.2.1"
  
  callsites@^3.0.0:
    version "3.1.0"
    resolved "https://registry.npmmirror.com/callsites/-/callsites-3.1.0.tgz#b3630abd8943432f54b3f0519238e33cd7df2f73"
    integrity sha512-P8BjAsXvZS+VIDUI11hHCQEv74YT67YUi5JJFNWIqL235sBmjX4+qx9Muvls5ivyNENctx46xQLQ3aTuE7ssaQ==
  
  camelcase@^6.2.0:
    version "6.3.0"
    resolved "https://registry.npmmirror.com/camelcase/-/camelcase-6.3.0.tgz#5685b95eb209ac9c0c177467778c9c84df58ba9a"
    integrity sha512-Gmy6FhYlCY7uOElZUSbxo2UCDH8owEk996gkbrpsgGtrJLM3J7jGxl9Ic7Qwwj4ivOE5AWZWRMecDdF7hqGjFA==
  
  camelize@^1.0.0:
    version "1.0.1"
    resolved "https://registry.npmmirror.com/camelize/-/camelize-1.0.1.tgz#89b7e16884056331a35d6b5ad064332c91daa6c3"
    integrity sha512-dU+Tx2fsypxTgtLoE36npi3UqcjSSMNYfkqgmoEhtZrraP5VWq0K7FkWVTYa8eMPtnU/G2txVsfdCJTn9uzpuQ==
  
  caniuse-lite@^1.0.30001587, caniuse-lite@^1.0.30001599:
    version "1.0.30001616"
    resolved "https://registry.npmmirror.com/caniuse-lite/-/caniuse-lite-1.0.30001616.tgz#4342712750d35f71ebba9fcac65e2cf8870013c3"
    integrity sha512-RHVYKov7IcdNjVHJFNY/78RdG4oGVjbayxv8u5IO74Wv7Hlq4PnJE6mo/OjFijjVFNy5ijnCt6H3IIo4t+wfEw==
  
  chalk@^2.4.1, chalk@^2.4.2:
    version "2.4.2"
    resolved "https://registry.npmmirror.com/chalk/-/chalk-2.4.2.tgz#cd42541677a54333cf541a49108c1432b44c9424"
    integrity sha512-Mti+f9lpJNcwF4tWV8/OrTTtF1gZi+f8FqlyAdouralcFWFQWF2+NgCHShjkCb+IFBLq9buZwE1xckQU4peSuQ==
    dependencies:
      ansi-styles "^3.2.1"
      escape-string-regexp "^1.0.5"
      supports-color "^5.3.0"
  
  chalk@^4.0.0, chalk@^4.1.0:
    version "4.1.2"
    resolved "https://registry.npmmirror.com/chalk/-/chalk-4.1.2.tgz#aac4e2b7734a740867aeb16bf02aad556a1e7a01"
    integrity sha512-oKnbhFyRIXpUuez8iBMmyEa4nbj4IOQyuhc/wy9kY7/WVPcwIO9VA668Pu8RkO7+0G76SLROeyw9CpQ061i4mA==
    dependencies:
      ansi-styles "^4.1.0"
      supports-color "^7.1.0"
  
  chokidar@^3.5.3:
    version "3.6.0"
    resolved "https://registry.npmmirror.com/chokidar/-/chokidar-3.6.0.tgz#197c6cc669ef2a8dc5e7b4d97ee4e092c3eb0d5b"
    integrity sha512-7VT13fmjotKpGipCW9JEQAusEPE+Ei8nl6/g4FBAmIm0GOOLMua9NDDo/DWp0ZAxCr3cPq5ZpBqmPAQgDda2Pw==
    dependencies:
      anymatch "~3.1.2"
      braces "~3.0.2"
      glob-parent "~5.1.2"
      is-binary-path "~2.1.0"
      is-glob "~4.0.1"
      normalize-path "~3.0.0"
      readdirp "~3.6.0"
    optionalDependencies:
      fsevents "~2.3.2"
  
  chrome-trace-event@^1.0.2:
    version "1.0.3"
    resolved "https://registry.npmmirror.com/chrome-trace-event/-/chrome-trace-event-1.0.3.tgz#1015eced4741e15d06664a957dbbf50d041e26ac"
    integrity sha512-p3KULyQg4S7NIHixdwbGX+nFHkoBiA4YQmyWtjb8XngSKV124nJmRysgAeujbUVb15vh+RvFUfCPqU7rXk+hZg==
  
  classnames@2.x, classnames@^2.2.1, classnames@^2.2.3, classnames@^2.2.5, classnames@^2.2.6, classnames@^2.3.1, classnames@^2.3.2, classnames@^2.5.1:
    version "2.5.1"
    resolved "https://registry.npmmirror.com/classnames/-/classnames-2.5.1.tgz#ba774c614be0f016da105c858e7159eae8e7687b"
    integrity sha512-saHYOzhIQs6wy2sVxTM6bUDsQO4F50V9RQ22qBpEdCW+I+/Wmke2HOl6lS6dTpdxVhb88/I6+Hs+438c3lfUow==
  
  clean-webpack-plugin@^4.0.0:
    version "4.0.0"
    resolved "https://registry.npmmirror.com/clean-webpack-plugin/-/clean-webpack-plugin-4.0.0.tgz#72947d4403d452f38ed61a9ff0ada8122aacd729"
    integrity sha512-WuWE1nyTNAyW5T7oNyys2EN0cfP2fdRxhxnIQWiAp0bMabPdHhoGxM8A6YL2GhqwgrPnnaemVE7nv5XJ2Fhh2w==
    dependencies:
      del "^4.1.1"
  
  clone-deep@^4.0.1:
    version "4.0.1"
    resolved "https://registry.npmmirror.com/clone-deep/-/clone-deep-4.0.1.tgz#c19fd9bdbbf85942b4fd979c84dcf7d5f07c2387"
    integrity sha512-neHB9xuzh/wk0dIHweyAXv2aPGZIVk3pLMe+/RNzINf17fe0OG96QroktYAUm7SM1PBnzTabaLboqqxDyMU+SQ==
    dependencies:
      is-plain-object "^2.0.4"
      kind-of "^6.0.2"
      shallow-clone "^3.0.0"
  
  coa@^2.0.2:
    version "2.0.2"
    resolved "https://registry.npmmirror.com/coa/-/coa-2.0.2.tgz#43f6c21151b4ef2bf57187db0d73de229e3e7ec3"
    integrity sha512-q5/jG+YQnSy4nRTV4F7lPepBJZ8qBNJJDBuJdoejDyLXgmL7IEo+Le2JDZudFTFt7mrCqIRaSjws4ygRCTCAXA==
    dependencies:
      "@types/q" "^1.5.1"
      chalk "^2.4.1"
      q "^1.1.2"
  
  color-convert@^1.9.0:
    version "1.9.3"
    resolved "https://registry.npmmirror.com/color-convert/-/color-convert-1.9.3.tgz#bb71850690e1f136567de629d2d5471deda4c1e8"
    integrity sha512-QfAUtd+vFdAtFQcC8CCyYt1fYWxSqAiK2cSD6zDB8N3cpsEBAvRxp9zOGg6G/SHHJYAT88/az/IuDGALsNVbGg==
    dependencies:
      color-name "1.1.3"
  
  color-convert@^2.0.1:
    version "2.0.1"
    resolved "https://registry.npmmirror.com/color-convert/-/color-convert-2.0.1.tgz#72d3a68d598c9bdb3af2ad1e84f21d896abd4de3"
    integrity sha512-RRECPsj7iu/xb5oKYcsFHSppFNnsj/52OVTRKb4zP5onXwVF3zVmmToNcOfGC+CRDpfK/U584fMg38ZHCaElKQ==
    dependencies:
      color-name "~1.1.4"
  
  color-name@1.1.3:
    version "1.1.3"
    resolved "https://registry.npmmirror.com/color-name/-/color-name-1.1.3.tgz#a7d0558bd89c42f795dd42328f740831ca53bc25"
    integrity sha512-72fSenhMw2HZMTVHeCA9KCmpEIbzWiQsjN+BHcBbS9vr1mtt+vJjPdksIBNUmKAW8TFUDPJK5SUU3QhE9NEXDw==
  
  color-name@~1.1.4:
    version "1.1.4"
    resolved "https://registry.npmmirror.com/color-name/-/color-name-1.1.4.tgz#c2a09a87acbde69543de6f63fa3995c826c536a2"
    integrity sha512-dOy+3AuW3a2wNbZHIuMZpTcgjGuLU/uBL/ubcZF9OXbDo8ff4O8yVp5Bf0efS8uEoYo5q4Fx7dY9OgQGXgAsQA==
  
  colorette@^2.0.10, colorette@^2.0.14:
    version "2.0.20"
    resolved "https://registry.npmmirror.com/colorette/-/colorette-2.0.20.tgz#9eb793e6833067f7235902fcd3b09917a000a95a"
    integrity sha512-IfEDxwoWIjkeXL1eXcDiow4UbKjhLdq6/EuSVR9GMN7KVH3r9gQ83e73hsz1Nd1T3ijd5xv1wcWRYO+D6kCI2w==
  
  commander@^10.0.1:
    version "10.0.1"
    resolved "https://registry.npmmirror.com/commander/-/commander-10.0.1.tgz#881ee46b4f77d1c1dccc5823433aa39b022cbe06"
    integrity sha512-y4Mg2tXshplEbSGzx7amzPwKKOCGuoSRP/CjEdwwk0FOGlUbq6lKuoyDZTNZkmxHdJtp54hdfY/JUrdL7Xfdug==
  
  commander@^2.20.0:
    version "2.20.3"
    resolved "https://registry.npmmirror.com/commander/-/commander-2.20.3.tgz#fd485e84c03eb4881c20722ba48035e8531aeb33"
    integrity sha512-GpVkmM8vF2vQUkj2LvZmD35JxeJOLCwJ9cUkugyk2nuhbv3+mJvpLYYt+0+USMxE+oj+ey/lJEnhZw75x/OMcQ==
  
  commander@^7.2.0:
    version "7.2.0"
    resolved "https://registry.npmmirror.com/commander/-/commander-7.2.0.tgz#a36cb57d0b501ce108e4d20559a150a391d97ab7"
    integrity sha512-QrWXB+ZQSVPmIWIhtEO9H+gwHaMGYiF5ChvoJ+K9ZGHG/sVsa6yiesAD1GC/x46sET00Xlwo1u49RVVVzvcSkw==
  
  common-path-prefix@^3.0.0:
    version "3.0.0"
    resolved "https://registry.npmmirror.com/common-path-prefix/-/common-path-prefix-3.0.0.tgz#7d007a7e07c58c4b4d5f433131a19141b29f11e0"
    integrity sha512-QE33hToZseCH3jS0qN96O/bSh3kaw/h+Tq7ngyY9eWDUnTlTNUyqfqvCXioLe5Na5jFsL78ra/wuBU4iuEgd4w==
  
  compressible@~2.0.16:
    version "2.0.18"
    resolved "https://registry.npmmirror.com/compressible/-/compressible-2.0.18.tgz#af53cca6b070d4c3c0750fbd77286a6d7cc46fba"
    integrity sha512-AF3r7P5dWxL8MxyITRMlORQNaOA2IkAFaTr4k7BUumjPtRpGDTZpl0Pb1XCO6JeDCBdp126Cgs9sMxqSjgYyRg==
    dependencies:
      mime-db ">= 1.43.0 < 2"
  
  compression@^1.7.4:
    version "1.7.4"
    resolved "https://registry.npmmirror.com/compression/-/compression-1.7.4.tgz#95523eff170ca57c29a0ca41e6fe131f41e5bb8f"
    integrity sha512-jaSIDzP9pZVS4ZfQ+TzvtiWhdpFhE2RDHz8QJkpX9SIpLq88VueF5jJw6t+6CUQcAoA6t+x89MLrWAqpfDE8iQ==
    dependencies:
      accepts "~1.3.5"
      bytes "3.0.0"
      compressible "~2.0.16"
      debug "2.6.9"
      on-headers "~1.0.2"
      safe-buffer "5.1.2"
      vary "~1.1.2"
  
  compute-scroll-into-view@^1.0.20:
    version "1.0.20"
    resolved "https://registry.npmmirror.com/compute-scroll-into-view/-/compute-scroll-into-view-1.0.20.tgz#1768b5522d1172754f5d0c9b02de3af6be506a43"
    integrity sha512-UCB0ioiyj8CRjtrvaceBLqqhZCVP+1B8+NWQhmdsm0VXOJtobBCf1dBQmebCCo34qZmUwZfIH2MZLqNHazrfjg==
  
  compute-scroll-into-view@^3.0.2:
    version "3.1.0"
    resolved "https://registry.npmmirror.com/compute-scroll-into-view/-/compute-scroll-into-view-3.1.0.tgz#753f11d972596558d8fe7c6bcbc8497690ab4c87"
    integrity sha512-rj8l8pD4bJ1nx+dAkMhV1xB5RuZEyVysfxJqB1pRchh1KVvwOv9b7CGB8ZfjTImVv2oF+sYMUkMZq6Na5Ftmbg==
  
  concat-map@0.0.1:
    version "0.0.1"
    resolved "https://registry.npmmirror.com/concat-map/-/concat-map-0.0.1.tgz#d8a96bd77fd68df7793a73036a3ba0d5405d477b"
    integrity sha512-/Srv4dswyQNBfohGpz9o6Yb3Gz3SrUDqBH5rTuhGR7ahtlbYKnVxw2bCFMRljaA7EXHaXZ8wsHdodFvbkhKmqg==
  
  connect-history-api-fallback@^2.0.0:
    version "2.0.0"
    resolved "https://registry.npmmirror.com/connect-history-api-fallback/-/connect-history-api-fallback-2.0.0.tgz#647264845251a0daf25b97ce87834cace0f5f1c8"
    integrity sha512-U73+6lQFmfiNPrYbXqr6kZ1i1wiRqXnp2nhMsINseWXO8lDau0LGEffJ8kQi4EjLZympVgRdvqjAgiZ1tgzDDA==
  
  consola@^2.15.3:
    version "2.15.3"
    resolved "https://registry.npmmirror.com/consola/-/consola-2.15.3.tgz#2e11f98d6a4be71ff72e0bdf07bd23e12cb61550"
    integrity sha512-9vAdYbHj6x2fLKC4+oPH0kFzY/orMZyG2Aj+kNylHxKGJ/Ed4dpNyAQYwJOdqO4zdM7XpVHmyejQDcQHrnuXbw==
  
  content-disposition@0.5.4:
    version "0.5.4"
    resolved "https://registry.npmmirror.com/content-disposition/-/content-disposition-0.5.4.tgz#8b82b4efac82512a02bb0b1dcec9d2c5e8eb5bfe"
    integrity sha512-FveZTNuGw04cxlAiWbzi6zTAL/lhehaWbTtgluJh4/E95DqMwTmha3KZN1aAWA8cFIhHzMZUvLevkw5Rqk+tSQ==
    dependencies:
      safe-buffer "5.2.1"
  
  content-type@~1.0.4, content-type@~1.0.5:
    version "1.0.5"
    resolved "https://registry.npmmirror.com/content-type/-/content-type-1.0.5.tgz#8b773162656d1d1086784c8f23a54ce6d73d7918"
    integrity sha512-nTjqfcBFEipKdXCv4YDQWCfmcLZKm81ldF0pAopTvyrFGVbcR6P/VAAd5G7N+0tTr8QqiU0tFadD6FK4NtJwOA==
  
  convert-source-map@^2.0.0:
    version "2.0.0"
    resolved "https://registry.npmmirror.com/convert-source-map/-/convert-source-map-2.0.0.tgz#4b560f649fc4e918dd0ab75cf4961e8bc882d82a"
    integrity sha512-Kvp459HrV2FEJ1CAsi1Ku+MY3kasH19TFykTz2xWmMeq6bk2NU3XXvfJ+Q61m0xktWwt+1HSYf3JZsTms3aRJg==
  
  cookie-signature@1.0.6:
    version "1.0.6"
    resolved "https://registry.npmmirror.com/cookie-signature/-/cookie-signature-1.0.6.tgz#e303a882b342cc3ee8ca513a79999734dab3ae2c"
    integrity sha512-QADzlaHc8icV8I7vbaJXJwod9HWYp8uCqf1xa4OfNu1T7JVxQIrUgOWtHdNDtPiywmFbiS12VjotIXLrKM3orQ==
  
  cookie@0.6.0:
    version "0.6.0"
    resolved "https://registry.npmmirror.com/cookie/-/cookie-0.6.0.tgz#2798b04b071b0ecbff0dbb62a505a8efa4e19051"
    integrity sha512-U71cyTamuh1CRNCfpGY6to28lxvNwPG4Guz/EVjgf3Jmzv0vlDp1atT9eS5dDjMYHucpHbWns6Lwf3BKz6svdw==
  
  copy-anything@^2.0.1:
    version "2.0.6"
    resolved "https://registry.npmmirror.com/copy-anything/-/copy-anything-2.0.6.tgz#092454ea9584a7b7ad5573062b2a87f5900fc480"
    integrity sha512-1j20GZTsvKNkc4BY3NpMOM8tt///wY3FpIzozTOFO2ffuZcV61nojHXVKIy3WM+7ADCy5FVhdZYHYDdgTU0yJw==
    dependencies:
      is-what "^3.14.1"
  
  copy-to-clipboard@^3.2.0, copy-to-clipboard@^3.3.3:
    version "3.3.3"
    resolved "https://registry.npmmirror.com/copy-to-clipboard/-/copy-to-clipboard-3.3.3.tgz#55ac43a1db8ae639a4bd99511c148cdd1b83a1b0"
    integrity sha512-2KV8NhB5JqC3ky0r9PMCAZKbUHSwtEo4CwCs0KXgruG43gX5PMqDEBbVU4OUzw2MuAWUfsuFmWvEKG5QRfSnJA==
    dependencies:
      toggle-selection "^1.0.6"
  
  core-js-compat@^3.31.0, core-js-compat@^3.36.1:
    version "3.37.0"
    resolved "https://registry.npmmirror.com/core-js-compat/-/core-js-compat-3.37.0.tgz#d9570e544163779bb4dff1031c7972f44918dc73"
    integrity sha512-vYq4L+T8aS5UuFg4UwDhc7YNRWVeVZwltad9C/jV3R2LgVOpS9BDr7l/WL6BN0dbV3k1XejPTHqqEzJgsa0frA==
    dependencies:
      browserslist "^4.23.0"
  
  core-js@^1.0.0:
    version "1.2.7"
    resolved "https://registry.npmmirror.com/core-js/-/core-js-1.2.7.tgz#652294c14651db28fa93bd2d5ff2983a4f08c636"
    integrity sha512-ZiPp9pZlgxpWRu0M+YWbm6+aQ84XEfH1JRXvfOc/fILWI0VKhLC2LX13X1NYq4fULzLMq7Hfh43CSo2/aIaUPA==
  
  core-util-is@~1.0.0:
    version "1.0.3"
    resolved "https://registry.npmmirror.com/core-util-is/-/core-util-is-1.0.3.tgz#a6042d3634c2b27e9328f837b965fac83808db85"
    integrity sha512-ZQBvi1DcpJ4GDqanjucZ2Hj3wEO5pZDS89BWbkcrvdxksJorwUDDZamX9ldFkp9aw2lmBDLgkObEA4DWNJ9FYQ==
  
  cosmiconfig@^7.0.0:
    version "7.1.0"
    resolved "https://registry.npmmirror.com/cosmiconfig/-/cosmiconfig-7.1.0.tgz#1443b9afa596b670082ea46cbd8f6a62b84635f6"
    integrity sha512-AdmX6xUzdNASswsFtmwSt7Vj8po9IuqXm0UXz7QKPuEUmPB4XyjGfaAr2PSuELMwkRMVH1EpIkX5bTZGRB3eCA==
    dependencies:
      "@types/parse-json" "^4.0.0"
      import-fresh "^3.2.1"
      parse-json "^5.0.0"
      path-type "^4.0.0"
      yaml "^1.10.0"
  
  cosmiconfig@^8.3.5:
    version "8.3.6"
    resolved "https://registry.npmmirror.com/cosmiconfig/-/cosmiconfig-8.3.6.tgz#060a2b871d66dba6c8538ea1118ba1ac16f5fae3"
    integrity sha512-kcZ6+W5QzcJ3P1Mt+83OUv/oHFqZHIx8DuxG6eZ5RGMERoLqp4BuGjhHLYGK+Kf5XVkQvqBSmAy/nGWN3qDgEA==
    dependencies:
      import-fresh "^3.3.0"
      js-yaml "^4.1.0"
      parse-json "^5.2.0"
      path-type "^4.0.0"
  
  cross-env@^7.0.3:
    version "7.0.3"
    resolved "https://registry.npmmirror.com/cross-env/-/cross-env-7.0.3.tgz#865264b29677dc015ba8418918965dd232fc54cf"
    integrity sha512-+/HKd6EgcQCJGh2PSjZuUitQBQynKor4wrFbRg4DtAgS1aWO+gU52xpH7M9ScGgXSYmAVS9bIJ8EzuaGw0oNAw==
    dependencies:
      cross-spawn "^7.0.1"
  
  cross-spawn@^7.0.1, cross-spawn@^7.0.2, cross-spawn@^7.0.3:
    version "7.0.3"
    resolved "https://registry.npmmirror.com/cross-spawn/-/cross-spawn-7.0.3.tgz#f73a85b9d5d41d045551c177e2882d4ac85728a6"
    integrity sha512-iRDPJKUPVEND7dHPO8rkbOnPpyDygcDFtWjpeWNCgy8WP2rXcxXL8TskReQl6OrB2G7+UJrags1q15Fudc7G6w==
    dependencies:
      path-key "^3.1.0"
      shebang-command "^2.0.0"
      which "^2.0.1"
  
  css-box-model@^1.2.0:
    version "1.2.1"
    resolved "https://registry.npmmirror.com/css-box-model/-/css-box-model-1.2.1.tgz#59951d3b81fd6b2074a62d49444415b0d2b4d7c1"
    integrity sha512-a7Vr4Q/kd/aw96bnJG332W9V9LkJO69JRcaCYDUqjp6/z0w6VcZjgAcTbgFxEPfBgdnAwlh3iwu+hLopa+flJw==
    dependencies:
      tiny-invariant "^1.0.6"
  
  css-color-keywords@^1.0.0:
    version "1.0.0"
    resolved "https://registry.npmmirror.com/css-color-keywords/-/css-color-keywords-1.0.0.tgz#fea2616dc676b2962686b3af8dbdbe180b244e05"
    integrity sha512-FyyrDHZKEjXDpNJYvVsV960FiqQyXc/LlYmsxl2BcdMb2WPx0OGRVgTg55rPSyLSNMqP52R9r8geSp7apN3Ofg==
  
  css-in-js-utils@^2.0.0:
    version "2.0.1"
    resolved "https://registry.npmmirror.com/css-in-js-utils/-/css-in-js-utils-2.0.1.tgz#3b472b398787291b47cfe3e44fecfdd9e914ba99"
    integrity sha512-PJF0SpJT+WdbVVt0AOYp9C8GnuruRlL/UFW7932nLWmFLQTaWEzTBQEx7/hn4BuV+WON75iAViSUJLiU3PKbpA==
    dependencies:
      hyphenate-style-name "^1.0.2"
      isobject "^3.0.1"
  
  css-loader@^6.2.0:
    version "6.11.0"
    resolved "https://registry.npmmirror.com/css-loader/-/css-loader-6.11.0.tgz#33bae3bf6363d0a7c2cf9031c96c744ff54d85ba"
    integrity sha512-CTJ+AEQJjq5NzLga5pE39qdiSV56F8ywCIsqNIRF0r7BDgWsN25aazToqAFg7ZrtA/U016xudB3ffgweORxX7g==
    dependencies:
      icss-utils "^5.1.0"
      postcss "^8.4.33"
      postcss-modules-extract-imports "^3.1.0"
      postcss-modules-local-by-default "^4.0.5"
      postcss-modules-scope "^3.2.0"
      postcss-modules-values "^4.0.0"
      postcss-value-parser "^4.2.0"
      semver "^7.5.4"
  
  css-select-base-adapter@^0.1.1:
    version "0.1.1"
    resolved "https://registry.npmmirror.com/css-select-base-adapter/-/css-select-base-adapter-0.1.1.tgz#3b2ff4972cc362ab88561507a95408a1432135d7"
    integrity sha512-jQVeeRG70QI08vSTwf1jHxp74JoZsr2XSgETae8/xC8ovSnL2WF87GTLO86Sbwdt2lK4Umg4HnnwMO4YF3Ce7w==
  
  css-select@^2.0.0:
    version "2.1.0"
    resolved "https://registry.npmmirror.com/css-select/-/css-select-2.1.0.tgz#6a34653356635934a81baca68d0255432105dbef"
    integrity sha512-Dqk7LQKpwLoH3VovzZnkzegqNSuAziQyNZUcrdDM401iY+R5NkGBXGmtO05/yaXQziALuPogeG0b7UAgjnTJTQ==
    dependencies:
      boolbase "^1.0.0"
      css-what "^3.2.1"
      domutils "^1.7.0"
      nth-check "^1.0.2"
  
  css-to-react-native@^2.0.3:
    version "2.3.2"
    resolved "https://registry.npmmirror.com/css-to-react-native/-/css-to-react-native-2.3.2.tgz#e75e2f8f7aa385b4c3611c52b074b70a002f2e7d"
    integrity sha512-VOFaeZA053BqvvvqIA8c9n0+9vFppVBAHCp6JgFTtTMU3Mzi+XnelJ9XC9ul3BqFzZyQ5N+H0SnwsWT2Ebchxw==
    dependencies:
      camelize "^1.0.0"
      css-color-keywords "^1.0.0"
      postcss-value-parser "^3.3.0"
  
  css-tree@1.0.0-alpha.37:
    version "1.0.0-alpha.37"
    resolved "https://registry.npmmirror.com/css-tree/-/css-tree-1.0.0-alpha.37.tgz#98bebd62c4c1d9f960ec340cf9f7522e30709a22"
    integrity sha512-DMxWJg0rnz7UgxKT0Q1HU/L9BeJI0M6ksor0OgqOnF+aRCDWg/N2641HmVyU9KVIu0OVVWOb2IpC9A+BJRnejg==
    dependencies:
      mdn-data "2.0.4"
      source-map "^0.6.1"
  
  css-tree@^1.1.2:
    version "1.1.3"
    resolved "https://registry.npmmirror.com/css-tree/-/css-tree-1.1.3.tgz#eb4870fb6fd7707327ec95c2ff2ab09b5e8db91d"
    integrity sha512-tRpdppF7TRazZrjJ6v3stzv93qxRcSsFmW6cX0Zm2NVKpxE1WV1HblnghVv9TreireHkqI/VDEsfolRF1p6y7Q==
    dependencies:
      mdn-data "2.0.14"
      source-map "^0.6.1"
  
  css-what@^3.2.1:
    version "3.4.2"
    resolved "https://registry.npmmirror.com/css-what/-/css-what-3.4.2.tgz#ea7026fcb01777edbde52124e21f327e7ae950e4"
    integrity sha512-ACUm3L0/jiZTqfzRM3Hi9Q8eZqd6IK37mMWPLz9PJxkLWllYeRf+EHUSHYEtFop2Eqytaq1FizFVh7XfBnXCDQ==
  
  cssesc@^3.0.0:
    version "3.0.0"
    resolved "https://registry.npmmirror.com/cssesc/-/cssesc-3.0.0.tgz#37741919903b868565e1c09ea747445cd18983ee"
    integrity sha512-/Tb/JcjK111nNScGob5MNtsntNM1aCNUDipB/TkwZFhyDrrE47SOx/18wF2bbjgc3ZzCSKW1T5nt5EbFoAz/Vg==
  
  csso@^4.0.2:
    version "4.2.0"
    resolved "https://registry.npmmirror.com/csso/-/csso-4.2.0.tgz#ea3a561346e8dc9f546d6febedd50187cf389529"
    integrity sha512-wvlcdIbf6pwKEk7vHj8/Bkc0B4ylXZruLvOgs9doS5eOsOpuodOV2zJChSpkp+pRpYQLQMeF04nr3Z68Sta9jA==
    dependencies:
      css-tree "^1.1.2"
  
  csstype@^3.0.2, csstype@^3.1.3:
    version "3.1.3"
    resolved "https://registry.npmmirror.com/csstype/-/csstype-3.1.3.tgz#d80ff294d114fb0e6ac500fbf85b60137d7eff81"
    integrity sha512-M1uQkMl8rQK/szD0LNhtqxIPLpimGm8sOBwU7lLnCpSbTyY3yeU1Vc7l4KT5zT4s/yOxHH5O7tIuuLOCnLADRw==
  
  data-view-buffer@^1.0.1:
    version "1.0.1"
    resolved "https://registry.npmmirror.com/data-view-buffer/-/data-view-buffer-1.0.1.tgz#8ea6326efec17a2e42620696e671d7d5a8bc66b2"
    integrity sha512-0lht7OugA5x3iJLOWFhWK/5ehONdprk0ISXqVFn/NFrDu+cuc8iADFrGQz5BnRK7LLU3JmkbXSxaqX+/mXYtUA==
    dependencies:
      call-bind "^1.0.6"
      es-errors "^1.3.0"
      is-data-view "^1.0.1"
  
  data-view-byte-length@^1.0.1:
    version "1.0.1"
    resolved "https://registry.npmmirror.com/data-view-byte-length/-/data-view-byte-length-1.0.1.tgz#90721ca95ff280677eb793749fce1011347669e2"
    integrity sha512-4J7wRJD3ABAzr8wP+OcIcqq2dlUKp4DVflx++hs5h5ZKydWMI6/D/fAot+yh6g2tHh8fLFTvNOaVN357NvSrOQ==
    dependencies:
      call-bind "^1.0.7"
      es-errors "^1.3.0"
      is-data-view "^1.0.1"
  
  data-view-byte-offset@^1.0.0:
    version "1.0.0"
    resolved "https://registry.npmmirror.com/data-view-byte-offset/-/data-view-byte-offset-1.0.0.tgz#5e0bbfb4828ed2d1b9b400cd8a7d119bca0ff18a"
    integrity sha512-t/Ygsytq+R995EJ5PZlD4Cu56sWa8InXySaViRzw9apusqsOO2bQP+SbYzAhR0pFKoB+43lYy8rWban9JSuXnA==
    dependencies:
      call-bind "^1.0.6"
      es-errors "^1.3.0"
      is-data-view "^1.0.1"
  
  date-fns@2.x:
    version "2.30.0"
    resolved "https://registry.npmmirror.com/date-fns/-/date-fns-2.30.0.tgz#f367e644839ff57894ec6ac480de40cae4b0f4d0"
    integrity sha512-fnULvOpxnC5/Vg3NCiWelDsLiUc9bRwAPs/+LfTLNvetFCtCTN+yQz15C/fs4AwX1R9K5GLtLfn8QW+dWisaAw==
    dependencies:
      "@babel/runtime" "^7.21.0"
  
  dayjs@1.x, dayjs@^1.10.8, dayjs@^1.11.10, dayjs@^1.11.5, dayjs@^1.9.1:
    version "1.11.11"
    resolved "https://registry.npmmirror.com/dayjs/-/dayjs-1.11.11.tgz#dfe0e9d54c5f8b68ccf8ca5f72ac603e7e5ed59e"
    integrity sha512-okzr3f11N6WuqYtZSvm+F776mB41wRZMhKP+hc34YdW+KmtYYK9iqvHSwo2k9FEH3fhGXvOPV6yz2IcSrfRUDg==
  
  debounce@^1.2.1:
    version "1.2.1"
    resolved "https://registry.npmmirror.com/debounce/-/debounce-1.2.1.tgz#38881d8f4166a5c5848020c11827b834bcb3e0a5"
    integrity sha512-XRRe6Glud4rd/ZGQfiV1ruXSfbvfJedlV9Y6zOlP+2K04vBYiJEte6stfFkCP03aMnY5tsipamumUjL14fofug==
  
  debug@2.6.9:
    version "2.6.9"
    resolved "https://registry.npmmirror.com/debug/-/debug-2.6.9.tgz#5d128515df134ff327e90a4c93f4e077a536341f"
    integrity sha512-bC7ElrdJaJnPbAP+1EotYvqZsb3ecl5wi6Bfi6BJTUcNowp6cvspg0jXznRTKDjm/E7AdgFBVeAPVMNcKGsHMA==
    dependencies:
      ms "2.0.0"
  
  debug@^4.1.0, debug@^4.1.1, debug@^4.3.1, debug@^4.3.2, debug@^4.3.3:
    version "4.3.4"
    resolved "https://registry.npmmirror.com/debug/-/debug-4.3.4.tgz#1319f6579357f2338d3337d2cdd4914bb5dcc865"
    integrity sha512-PRWFHuSU3eDtQJPvnNY7Jcket1j0t5OuOsFzPPzsekD52Zl8qUfFIPEiswXqIvHWGVHOgX+7G/vCNNhehwxfkQ==
    dependencies:
      ms "2.1.2"
  
  deep-is@^0.1.3:
    version "0.1.4"
    resolved "https://registry.npmmirror.com/deep-is/-/deep-is-0.1.4.tgz#a6f2dce612fadd2ef1f519b73551f17e85199831"
    integrity sha512-oIPzksmTg4/MriiaYGO+okXDT7ztn/w3Eptv/+gSIdMdKsJo0u4CfYNFJPy+4SKMuCqGw2wxnA+URMg3t8a/bQ==
  
  deepmerge@^2.1.1:
    version "2.2.1"
    resolved "https://registry.npmmirror.com/deepmerge/-/deepmerge-2.2.1.tgz#5d3ff22a01c00f645405a2fbc17d0778a1801170"
    integrity sha512-R9hc1Xa/NOBi9WRVUWg19rl1UB7Tt4kuPd+thNJgFZoxXsTz7ncaPaeIm+40oSGuP33DfMb4sZt1QIGiJzC4EA==
  
  deepmerge@^4.2.2:
    version "4.3.1"
    resolved "https://registry.npmmirror.com/deepmerge/-/deepmerge-4.3.1.tgz#44b5f2147cd3b00d4b56137685966f26fd25dd4a"
    integrity sha512-3sUqbMEc77XqpdNO7FRyRog+eW3ph+GYCbj+rK+uYyRMuwsVy0rMiVtPn+QJlKFvWP/1PYpapqYn0Me2knFn+A==
  
  default-gateway@^6.0.3:
    version "6.0.3"
    resolved "https://registry.npmmirror.com/default-gateway/-/default-gateway-6.0.3.tgz#819494c888053bdb743edbf343d6cdf7f2943a71"
    integrity sha512-fwSOJsbbNzZ/CUFpqFBqYfYNLj1NbMPm8MMCIzHjC83iSJRBEGmDUxU+WP661BaBQImeC2yHwXtz+P/O9o+XEg==
    dependencies:
      execa "^5.0.0"
  
  define-data-property@^1.0.1, define-data-property@^1.1.4:
    version "1.1.4"
    resolved "https://registry.npmmirror.com/define-data-property/-/define-data-property-1.1.4.tgz#894dc141bb7d3060ae4366f6a0107e68fbe48c5e"
    integrity sha512-rBMvIzlpA8v6E+SJZoo++HAYqsLrkg7MSfIinMPFhmkorw7X+dOXVJQs+QT69zGkzMyfDnIMN2Wid1+NbL3T+A==
    dependencies:
      es-define-property "^1.0.0"
      es-errors "^1.3.0"
      gopd "^1.0.1"
  
  define-lazy-prop@^2.0.0:
    version "2.0.0"
    resolved "https://registry.npmmirror.com/define-lazy-prop/-/define-lazy-prop-2.0.0.tgz#3f7ae421129bcaaac9bc74905c98a0009ec9ee7f"
    integrity sha512-Ds09qNh8yw3khSjiJjiUInaGX9xlqZDY7JVryGxdxV7NPeuqQfplOpQ66yJFZut3jLa5zOwkXw1g9EI2uKh4Og==
  
  define-properties@^1.1.3, define-properties@^1.2.0, define-properties@^1.2.1:
    version "1.2.1"
    resolved "https://registry.npmmirror.com/define-properties/-/define-properties-1.2.1.tgz#10781cc616eb951a80a034bafcaa7377f6af2b6c"
    integrity sha512-8QmQKqEASLd5nx0U1B1okLElbUuuttJ/AnYmRXbbbGDWh6uS208EjD4Xqq/I9wK7u0v6O08XhTWnt5XtEbR6Dg==
    dependencies:
      define-data-property "^1.0.1"
      has-property-descriptors "^1.0.0"
      object-keys "^1.1.1"
  
  del@^4.1.1:
    version "4.1.1"
    resolved "https://registry.npmmirror.com/del/-/del-4.1.1.tgz#9e8f117222ea44a31ff3a156c049b99052a9f0b4"
    integrity sha512-QwGuEUouP2kVwQenAsOof5Fv8K9t3D8Ca8NxcXKrIpEHjTXK5J2nXLdP+ALI1cgv8wj7KuwBhTwBkOZSJKM5XQ==
    dependencies:
      "@types/glob" "^7.1.1"
      globby "^6.1.0"
      is-path-cwd "^2.0.0"
      is-path-in-cwd "^2.0.0"
      p-map "^2.0.0"
      pify "^4.0.1"
      rimraf "^2.6.3"
  
  depd@2.0.0:
    version "2.0.0"
    resolved "https://registry.npmmirror.com/depd/-/depd-2.0.0.tgz#b696163cc757560d09cf22cc8fad1571b79e76df"
    integrity sha512-g7nH6P6dyDioJogAAGprGpCtVImJhpPk/roCzdb3fIh61/s/nPsfR6onyMwkCAR/OlC3yBC0lESvUoQEAssIrw==
  
  depd@~1.1.2:
    version "1.1.2"
    resolved "https://registry.npmmirror.com/depd/-/depd-1.1.2.tgz#9bcd52e14c097763e749b274c4346ed2e560b5a9"
    integrity sha512-7emPTl6Dpo6JRXOXjLRxck+FlLRX5847cLKEn00PLAgc3g2hTZZgr+e4c2v6QpSmLeFP3n5yUo7ft6avBK/5jQ==
  
  dequal@^2.0.3:
    version "2.0.3"
    resolved "https://registry.npmmirror.com/dequal/-/dequal-2.0.3.tgz#2644214f1997d39ed0ee0ece72335490a7ac67be"
    integrity sha512-0je+qPKHEMohvfRTCEo3CrPG6cAzAYgmzKyxRiYSSDkS6eGJdyVJm7WaYA5ECaAD9wLB2T4EEeymA5aFVcYXCA==
  
  destroy@1.2.0:
    version "1.2.0"
    resolved "https://registry.npmmirror.com/destroy/-/destroy-1.2.0.tgz#4803735509ad8be552934c67df614f94e66fa015"
    integrity sha512-2sJGJTaXIIaR1w4iJSNoN0hnMY7Gpc/n8D4qSCJw8QqFWXf7cuAgnEHxBpweaVcPevC2l3KpjYCx3NypQQgaJg==
  
  detect-node@^2.0.4:
    version "2.1.0"
    resolved "https://registry.npmmirror.com/detect-node/-/detect-node-2.1.0.tgz#c9c70775a49c3d03bc2c06d9a73be550f978f8b1"
    integrity sha512-T0NIuQpnTvFDATNuHN5roPwSBG83rFsuO+MXXH9/3N1eFbn4wcPjttvjMLEPWJ0RGUYgQE7cGgS3tNxbqCGM7g==
  
  dlv@^1.1.3:
    version "1.1.3"
    resolved "https://registry.npmmirror.com/dlv/-/dlv-1.1.3.tgz#5c198a8a11453596e751494d49874bc7732f2e79"
    integrity sha512-+HlytyjlPKnIG8XuRG8WvmBP8xs8P71y+SKKS6ZXWoEgLuePxtDoUEiH7WkdePWrQ5JBpE6aoVqfZfJUQkjXwA==
  
  dnd-core@15.1.2:
    version "15.1.2"
    resolved "https://registry.npmmirror.com/dnd-core/-/dnd-core-15.1.2.tgz#0983bce555c4985f58b731ffe1faed31e1ea7f6f"
    integrity sha512-EOec1LyJUuGRFg0LDa55rSRAUe97uNVKVkUo8iyvzQlcECYTuPblVQfRWXWj1OyPseFIeebWpNmKFy0h6BcF1A==
    dependencies:
      "@react-dnd/asap" "4.0.1"
      "@react-dnd/invariant" "3.0.1"
      redux "^4.1.2"
  
  dns-packet@^5.2.2:
    version "5.6.1"
    resolved "https://registry.npmmirror.com/dns-packet/-/dns-packet-5.6.1.tgz#ae888ad425a9d1478a0674256ab866de1012cf2f"
    integrity sha512-l4gcSouhcgIKRvyy99RNVOgxXiicE+2jZoNmaNmZ6JXiGajBOJAesk1OBlJuM5k2c+eudGdLxDqXuPCKIj6kpw==
    dependencies:
      "@leichtgewicht/ip-codec" "^2.0.1"
  
  doctrine@^3.0.0:
    version "3.0.0"
    resolved "https://registry.npmmirror.com/doctrine/-/doctrine-3.0.0.tgz#addebead72a6574db783639dc87a121773973961"
    integrity sha512-yS+Q5i3hBf7GBkd4KG8a7eBNNWNGLTaEwwYWUijIYM7zrlYDM0BFXHjjPWlWZ1Rg7UaddZeIDmi9jF3HmqiQ2w==
    dependencies:
      esutils "^2.0.2"
  
  dom-align@^1.7.0:
    version "1.12.4"
    resolved "https://registry.npmmirror.com/dom-align/-/dom-align-1.12.4.tgz#3503992eb2a7cfcb2ed3b2a6d21e0b9c00d54511"
    integrity sha512-R8LUSEay/68zE5c8/3BDxiTEvgb4xZTF0RKmAHfiEVN3klfIpXfi2/QCoiWPccVQ0J/ZGdz9OjzL4uJEP/MRAw==
  
  dom-helpers@^5.2.0:
    version "5.2.1"
    resolved "https://registry.npmmirror.com/dom-helpers/-/dom-helpers-5.2.1.tgz#d9400536b2bf8225ad98fe052e029451ac40e902"
    integrity sha512-nRCa7CK3VTrM2NmGkIy4cbK7IZlgBE/PYMn55rrXefr5xXDP0LdtfPnblFDoVdcAfslJ7or6iqAUnx0CCGIWQA==
    dependencies:
      "@babel/runtime" "^7.8.7"
      csstype "^3.0.2"
  
  dom-serializer@0:
    version "0.2.2"
    resolved "https://registry.npmmirror.com/dom-serializer/-/dom-serializer-0.2.2.tgz#1afb81f533717175d478655debc5e332d9f9bb51"
    integrity sha512-2/xPb3ORsQ42nHYiSunXkDjPLBaEj/xTwUO4B7XCZQTRk7EBtTOPaygh10YAAh2OI1Qrp6NWfpAhzswj0ydt9g==
    dependencies:
      domelementtype "^2.0.1"
      entities "^2.0.0"
  
  domelementtype@1:
    version "1.3.1"
    resolved "https://registry.npmmirror.com/domelementtype/-/domelementtype-1.3.1.tgz#d048c44b37b0d10a7f2a3d5fee3f4333d790481f"
    integrity sha512-BSKB+TSpMpFI/HOxCNr1O8aMOTZ8hT3pM3GQ0w/mWRmkhEDSFJkkyzz4XQsBV44BChwGkrDfMyjVD0eA2aFV3w==
  
  domelementtype@^2.0.1:
    version "2.3.0"
    resolved "https://registry.npmmirror.com/domelementtype/-/domelementtype-2.3.0.tgz#5c45e8e869952626331d7aab326d01daf65d589d"
    integrity sha512-OLETBj6w0OsagBwdXnPdN0cnMfF9opN69co+7ZrbfPGrdpPVNBUj02spi6B1N7wChLQiPn4CSH/zJvXw56gmHw==
  
  domutils@^1.7.0:
    version "1.7.0"
    resolved "https://registry.npmmirror.com/domutils/-/domutils-1.7.0.tgz#56ea341e834e06e6748af7a1cb25da67ea9f8c2a"
    integrity sha512-Lgd2XcJ/NjEw+7tFvfKxOzCYKZsdct5lczQ2ZaQY8Djz7pfAD3Gbp8ySJWtreII/vDlMVmxwa6pHmdxIYgttDg==
    dependencies:
      dom-serializer "0"
      domelementtype "1"
  
  dotenv@^16.0.3:
    version "16.4.5"
    resolved "https://registry.npmmirror.com/dotenv/-/dotenv-16.4.5.tgz#cdd3b3b604cb327e286b4762e13502f717cb099f"
    integrity sha512-ZmdL2rui+eB2YwhsWzjInR8LldtZHGDoQ1ugH85ppHKwpUHL7j7rN0Ti9NCnGiQbhaZ11FpR+7ao1dNsmduNUg==
  
  duplexer@^0.1.2:
    version "0.1.2"
    resolved "https://registry.npmmirror.com/duplexer/-/duplexer-0.1.2.tgz#3abe43aef3835f8ae077d136ddce0f276b0400e6"
    integrity sha512-jtD6YG370ZCIi/9GTaJKQxWTZD045+4R4hTk/x1UyoqadyJ9x9CgSi1RlVDQF8U2sxLLSnFkCaMihqljHIWgMg==
  
  echarts@^5.3.3:
    version "5.5.0"
    resolved "https://registry.npmmirror.com/echarts/-/echarts-5.5.0.tgz#c13945a7f3acdd67c134d8a9ac67e917830113ac"
    integrity sha512-rNYnNCzqDAPCr4m/fqyUFv7fD9qIsd50S6GDFgO1DxZhncCsNsG7IfUlAlvZe5oSEQxtsjnHiUuppzccry93Xw==
    dependencies:
      tslib "2.3.0"
      zrender "5.5.0"
  
  ee-first@1.1.1:
    version "1.1.1"
    resolved "https://registry.npmmirror.com/ee-first/-/ee-first-1.1.1.tgz#590c61156b0ae2f4f0255732a158b266bc56b21d"
    integrity sha512-WMwm9LhRUo+WUaRN+vRuETqG89IgZphVSNkdFgeb6sS/E4OrDIN7t48CAewSHXc6C8lefD8KKfr5vY61brQlow==
  
  electron-to-chromium@^1.4.668:
    version "1.4.758"
    resolved "https://registry.npmmirror.com/electron-to-chromium/-/electron-to-chromium-1.4.758.tgz#f39e530cae2ca4329a0f0e1840629d8d1da73156"
    integrity sha512-/o9x6TCdrYZBMdGeTifAP3wlF/gVT+TtWJe3BSmtNh92Mw81U9hrYwW9OAGUh+sEOX/yz5e34sksqRruZbjYrw==
  
  emojis-list@^3.0.0:
    version "3.0.0"
    resolved "https://registry.npmmirror.com/emojis-list/-/emojis-list-3.0.0.tgz#5570662046ad29e2e916e71aae260abdff4f6a78"
    integrity sha512-/kyM18EfinwXZbno9FyUGeFh87KC8HRQBQGildHZbEuRyWFOmv1U10o9BBp8XVZDVNNuQKyIGIu5ZYAAXJ0V2Q==
  
  encodeurl@~1.0.2:
    version "1.0.2"
    resolved "https://registry.npmmirror.com/encodeurl/-/encodeurl-1.0.2.tgz#ad3ff4c86ec2d029322f5a02c3a9a606c95b3f59"
    integrity sha512-TPJXq8JqFaVYm2CWmPvnP2Iyo4ZSM7/QKcSmuMLDObfpH5fi7RUGmd/rTDf+rut/saiDiQEeVTNgAmJEdAOx0w==
  
  encoding@^0.1.11:
    version "0.1.13"
    resolved "https://registry.npmmirror.com/encoding/-/encoding-0.1.13.tgz#56574afdd791f54a8e9b2785c0582a2d26210fa9"
    integrity sha512-ETBauow1T35Y/WZMkio9jiM0Z5xjHHmJ4XmjZOq1l/dXz3lr2sRn87nJy20RupqSh1F2m3HHPSp8ShIPQJrJ3A==
    dependencies:
      iconv-lite "^0.6.2"
  
  enhanced-resolve@^5.0.0, enhanced-resolve@^5.16.0:
    version "5.16.1"
    resolved "https://registry.npmmirror.com/enhanced-resolve/-/enhanced-resolve-5.16.1.tgz#e8bc63d51b826d6f1cbc0a150ecb5a8b0c62e567"
    integrity sha512-4U5pNsuDl0EhuZpq46M5xPslstkviJuhrdobaRDBk2Jy2KO37FDAJl4lb2KlNabxT0m4MTK2UHNrsAcphE8nyw==
    dependencies:
      graceful-fs "^4.2.4"
      tapable "^2.2.0"
  
  entities@^2.0.0:
    version "2.2.0"
    resolved "https://registry.npmmirror.com/entities/-/entities-2.2.0.tgz#098dc90ebb83d8dffa089d55256b351d34c4da55"
    integrity sha512-p92if5Nz619I0w+akJrLZH0MX0Pb5DX39XOwQTtXSdQQOaYH03S1uIQp4mhOZtAXrxq4ViO67YTiLBo2638o9A==
  
  envinfo@^7.7.3:
    version "7.13.0"
    resolved "https://registry.npmmirror.com/envinfo/-/envinfo-7.13.0.tgz#81fbb81e5da35d74e814941aeab7c325a606fb31"
    integrity sha512-cvcaMr7KqXVh4nyzGTVqTum+gAiL265x5jUWQIDLq//zOGbW+gSW/C+OWLleY/rs9Qole6AZLMXPbtIFQbqu+Q==
  
  errno@^0.1.1:
    version "0.1.8"
    resolved "https://registry.npmmirror.com/errno/-/errno-0.1.8.tgz#8bb3e9c7d463be4976ff888f76b4809ebc2e811f"
    integrity sha512-dJ6oBr5SQ1VSd9qkk7ByRgb/1SH4JZjCHSW/mr63/QcXO9zLVxvJ6Oy13nio03rxpSnVDDjFor75SjVeZWPW/A==
    dependencies:
      prr "~1.0.1"
  
  error-ex@^1.3.1:
    version "1.3.2"
    resolved "https://registry.npmmirror.com/error-ex/-/error-ex-1.3.2.tgz#b4ac40648107fdcdcfae242f428bea8a14d4f1bf"
    integrity sha512-7dFHNmqeFSEt2ZBsCriorKnn3Z2pj+fd9kmI6QoWw4//DL+icEBfc0U7qJCisqrTsKTjw4fNFy2pW9OqStD84g==
    dependencies:
      is-arrayish "^0.2.1"
  
  es-abstract@^1.17.2, es-abstract@^1.22.1, es-abstract@^1.22.3, es-abstract@^1.23.0, es-abstract@^1.23.2:
    version "1.23.3"
    resolved "https://registry.npmmirror.com/es-abstract/-/es-abstract-1.23.3.tgz#8f0c5a35cd215312573c5a27c87dfd6c881a0aa0"
    integrity sha512-e+HfNH61Bj1X9/jLc5v1owaLYuHdeHHSQlkhCBiTK8rBvKaULl/beGMxwrMXjpYrv4pz22BlY570vVePA2ho4A==
    dependencies:
      array-buffer-byte-length "^1.0.1"
      arraybuffer.prototype.slice "^1.0.3"
      available-typed-arrays "^1.0.7"
      call-bind "^1.0.7"
      data-view-buffer "^1.0.1"
      data-view-byte-length "^1.0.1"
      data-view-byte-offset "^1.0.0"
      es-define-property "^1.0.0"
      es-errors "^1.3.0"
      es-object-atoms "^1.0.0"
      es-set-tostringtag "^2.0.3"
      es-to-primitive "^1.2.1"
      function.prototype.name "^1.1.6"
      get-intrinsic "^1.2.4"
      get-symbol-description "^1.0.2"
      globalthis "^1.0.3"
      gopd "^1.0.1"
      has-property-descriptors "^1.0.2"
      has-proto "^1.0.3"
      has-symbols "^1.0.3"
      hasown "^2.0.2"
      internal-slot "^1.0.7"
      is-array-buffer "^3.0.4"
      is-callable "^1.2.7"
      is-data-view "^1.0.1"
      is-negative-zero "^2.0.3"
      is-regex "^1.1.4"
      is-shared-array-buffer "^1.0.3"
      is-string "^1.0.7"
      is-typed-array "^1.1.13"
      is-weakref "^1.0.2"
      object-inspect "^1.13.1"
      object-keys "^1.1.1"
      object.assign "^4.1.5"
      regexp.prototype.flags "^1.5.2"
      safe-array-concat "^1.1.2"
      safe-regex-test "^1.0.3"
      string.prototype.trim "^1.2.9"
      string.prototype.trimend "^1.0.8"
      string.prototype.trimstart "^1.0.8"
      typed-array-buffer "^1.0.2"
      typed-array-byte-length "^1.0.1"
      typed-array-byte-offset "^1.0.2"
      typed-array-length "^1.0.6"
      unbox-primitive "^1.0.2"
      which-typed-array "^1.1.15"
  
  es-array-method-boxes-properly@^1.0.0:
    version "1.0.0"
    resolved "https://registry.npmmirror.com/es-array-method-boxes-properly/-/es-array-method-boxes-properly-1.0.0.tgz#873f3e84418de4ee19c5be752990b2e44718d09e"
    integrity sha512-wd6JXUmyHmt8T5a2xreUwKcGPq6f1f+WwIJkijUqiGcJz1qqnZgP6XIK+QyIWU5lT7imeNxUll48bziG+TSYcA==
  
  es-define-property@^1.0.0:
    version "1.0.0"
    resolved "https://registry.npmmirror.com/es-define-property/-/es-define-property-1.0.0.tgz#c7faefbdff8b2696cf5f46921edfb77cc4ba3845"
    integrity sha512-jxayLKShrEqqzJ0eumQbVhTYQM27CfT1T35+gCgDFoL82JLsXqTJ76zv6A0YLOgEnLUMvLzsDsGIrl8NFpT2gQ==
    dependencies:
      get-intrinsic "^1.2.4"
  
  es-errors@^1.2.1, es-errors@^1.3.0:
    version "1.3.0"
    resolved "https://registry.npmmirror.com/es-errors/-/es-errors-1.3.0.tgz#05f75a25dab98e4fb1dcd5e1472c0546d5057c8f"
    integrity sha512-Zf5H2Kxt2xjTvbJvP2ZWLEICxA6j+hAmMzIlypy4xcBg1vKVnx89Wy0GbS+kf5cwCVFFzdCFh2XSCFNULS6csw==
  
  es-module-lexer@^1.2.1:
    version "1.5.2"
    resolved "https://registry.npmmirror.com/es-module-lexer/-/es-module-lexer-1.5.2.tgz#00b423304f2500ac59359cc9b6844951f372d497"
    integrity sha512-l60ETUTmLqbVbVHv1J4/qj+M8nq7AwMzEcg3kmJDt9dCNrTk+yHcYFf/Kw75pMDwd9mPcIGCG5LcS20SxYRzFA==
  
  es-object-atoms@^1.0.0:
    version "1.0.0"
    resolved "https://registry.npmmirror.com/es-object-atoms/-/es-object-atoms-1.0.0.tgz#ddb55cd47ac2e240701260bc2a8e31ecb643d941"
    integrity sha512-MZ4iQ6JwHOBQjahnjwaC1ZtIBH+2ohjamzAO3oaHcXYup7qxjF2fixyH+Q71voWHeOkI2q/TnJao/KfXYIZWbw==
    dependencies:
      es-errors "^1.3.0"
  
  es-set-tostringtag@^2.0.3:
    version "2.0.3"
    resolved "https://registry.npmmirror.com/es-set-tostringtag/-/es-set-tostringtag-2.0.3.tgz#8bb60f0a440c2e4281962428438d58545af39777"
    integrity sha512-3T8uNMC3OQTHkFUsFq8r/BwAXLHvU/9O9mE0fBc/MY5iq/8H7ncvO947LmYA6ldWw9Uh8Yhf25zu6n7nML5QWQ==
    dependencies:
      get-intrinsic "^1.2.4"
      has-tostringtag "^1.0.2"
      hasown "^2.0.1"
  
  es-to-primitive@^1.2.1:
    version "1.2.1"
    resolved "https://registry.npmmirror.com/es-to-primitive/-/es-to-primitive-1.2.1.tgz#e55cd4c9cdc188bcefb03b366c736323fc5c898a"
    integrity sha512-QCOllgZJtaUo9miYBcLChTUaHNjJF3PYs1VidD7AwiEj1kYxKeQTctLAezAOH5ZKRH0g2IgPn6KwB4IT8iRpvA==
    dependencies:
      is-callable "^1.1.4"
      is-date-object "^1.0.1"
      is-symbol "^1.0.2"
  
  escalade@^3.1.2:
    version "3.1.2"
    resolved "https://registry.npmmirror.com/escalade/-/escalade-3.1.2.tgz#54076e9ab29ea5bf3d8f1ed62acffbb88272df27"
    integrity sha512-ErCHMCae19vR8vQGe50xIsVomy19rg6gFu3+r3jkEO46suLMWBksvVyoGgQV+jOfl84ZSOSlmv6Gxa89PmTGmA==
  
  escape-html@~1.0.3:
    version "1.0.3"
    resolved "https://registry.npmmirror.com/escape-html/-/escape-html-1.0.3.tgz#0258eae4d3d0c0974de1c169188ef0051d1d1988"
    integrity sha512-NiSupZ4OeuGwr68lGIeym/ksIZMJodUGOSCZ/FSnTxcrekbvqrgdUxlJOMpijaKZVjAJrWrGs/6Jy8OMuyj9ow==
  
  escape-string-regexp@^1.0.5:
    version "1.0.5"
    resolved "https://registry.npmmirror.com/escape-string-regexp/-/escape-string-regexp-1.0.5.tgz#1b61c0562190a8dff6ae3bb2cf0200ca130b86d4"
    integrity sha512-vbRorB5FUQWvla16U8R/qgaFIya2qGzwDrNmCZuYKrbdSUMG6I1ZCGQRefkRVhuOkIGVne7BQ35DSfo1qvJqFg==
  
  escape-string-regexp@^4.0.0:
    version "4.0.0"
    resolved "https://registry.npmmirror.com/escape-string-regexp/-/escape-string-regexp-4.0.0.tgz#14ba83a5d373e3d311e5afca29cf5bfad965bf34"
    integrity sha512-TtpcNJ3XAzx3Gq8sWRzJaVajRs0uVxA2YAkdb1jm2YkPz4G6egUFAyA3n5vtEIZefPk5Wa4UXbKuS5fKkJWdgA==
  
  eslint-scope@5.1.1:
    version "5.1.1"
    resolved "https://registry.npmmirror.com/eslint-scope/-/eslint-scope-5.1.1.tgz#e786e59a66cb92b3f6c1fb0d508aab174848f48c"
    integrity sha512-2NxwbF/hZ0KpepYN0cNbo+FN6XoK7GaHlQhgx/hIZl6Va0bF45RQOOwhLIy8lQDbuCiadSLCBnH2CFYquit5bw==
    dependencies:
      esrecurse "^4.3.0"
      estraverse "^4.1.1"
  
  eslint-scope@^7.2.2:
    version "7.2.2"
    resolved "https://registry.npmmirror.com/eslint-scope/-/eslint-scope-7.2.2.tgz#deb4f92563390f32006894af62a22dba1c46423f"
    integrity sha512-dOt21O7lTMhDM+X9mB4GX+DZrZtCUJPL/wlcTqxyrx5IvO0IYtILdtrQGQp+8n5S0gwSVmOf9NQrjMOgfQZlIg==
    dependencies:
      esrecurse "^4.3.0"
      estraverse "^5.2.0"
  
  eslint-visitor-keys@^1.0.0:
    version "1.3.0"
    resolved "https://registry.npmmirror.com/eslint-visitor-keys/-/eslint-visitor-keys-1.3.0.tgz#30ebd1ef7c2fdff01c3a4f151044af25fab0523e"
    integrity sha512-6J72N8UNa462wa/KFODt/PJ3IU60SDpC3QXC1Hjc1BXXpfL2C9R5+AU7jhe0F6GREqVMh4Juu+NY7xn+6dipUQ==
  
  eslint-visitor-keys@^3.3.0, eslint-visitor-keys@^3.4.1, eslint-visitor-keys@^3.4.3:
    version "3.4.3"
    resolved "https://registry.npmmirror.com/eslint-visitor-keys/-/eslint-visitor-keys-3.4.3.tgz#0cd72fe8550e3c2eae156a96a4dddcd1c8ac5800"
    integrity sha512-wpc+LXeiyiisxPlEkUzU6svyS1frIO3Mgxj1fdy7Pm8Ygzguax2N3Fa/D/ag1WqbOprdI+uY6wMUl8/a2G+iag==
  
  eslint@^8.23.1:
    version "8.57.0"
    resolved "https://registry.npmmirror.com/eslint/-/eslint-8.57.0.tgz#c786a6fd0e0b68941aaf624596fb987089195668"
    integrity sha512-dZ6+mexnaTIbSBZWgou51U6OmzIhYM2VcNdtiTtI7qPNZm35Akpr0f6vtw3w1Kmn5PYo+tZVfh13WrhpS6oLqQ==
    dependencies:
      "@eslint-community/eslint-utils" "^4.2.0"
      "@eslint-community/regexpp" "^4.6.1"
      "@eslint/eslintrc" "^2.1.4"
      "@eslint/js" "8.57.0"
      "@humanwhocodes/config-array" "^0.11.14"
      "@humanwhocodes/module-importer" "^1.0.1"
      "@nodelib/fs.walk" "^1.2.8"
      "@ungap/structured-clone" "^1.2.0"
      ajv "^6.12.4"
      chalk "^4.0.0"
      cross-spawn "^7.0.2"
      debug "^4.3.2"
      doctrine "^3.0.0"
      escape-string-regexp "^4.0.0"
      eslint-scope "^7.2.2"
      eslint-visitor-keys "^3.4.3"
      espree "^9.6.1"
      esquery "^1.4.2"
      esutils "^2.0.2"
      fast-deep-equal "^3.1.3"
      file-entry-cache "^6.0.1"
      find-up "^5.0.0"
      glob-parent "^6.0.2"
      globals "^13.19.0"
      graphemer "^1.4.0"
      ignore "^5.2.0"
      imurmurhash "^0.1.4"
      is-glob "^4.0.0"
      is-path-inside "^3.0.3"
      js-yaml "^4.1.0"
      json-stable-stringify-without-jsonify "^1.0.1"
      levn "^0.4.1"
      lodash.merge "^4.6.2"
      minimatch "^3.1.2"
      natural-compare "^1.4.0"
      optionator "^0.9.3"
      strip-ansi "^6.0.1"
      text-table "^0.2.0"
  
  espree@^9.6.0, espree@^9.6.1:
    version "9.6.1"
    resolved "https://registry.npmmirror.com/espree/-/espree-9.6.1.tgz#a2a17b8e434690a5432f2f8018ce71d331a48c6f"
    integrity sha512-oruZaFkjorTpF32kDSI5/75ViwGeZginGGy2NoOSg3Q9bnwlnmDm4HLnkl0RE3n+njDXR037aY1+x58Z/zFdwQ==
    dependencies:
      acorn "^8.9.0"
      acorn-jsx "^5.3.2"
      eslint-visitor-keys "^3.4.1"
  
  esprima@^4.0.0:
    version "4.0.1"
    resolved "https://registry.npmmirror.com/esprima/-/esprima-4.0.1.tgz#13b04cdb3e6c5d19df91ab6987a8695619b0aa71"
    integrity sha512-eGuFFw7Upda+g4p+QHvnW0RyTX/SVeJBDM/gCtMARO0cLuT2HcEKnTPvhjV6aGeqrCB/sbNop0Kszm0jsaWU4A==
  
  esquery@^1.4.2:
    version "1.5.0"
    resolved "https://registry.npmmirror.com/esquery/-/esquery-1.5.0.tgz#6ce17738de8577694edd7361c57182ac8cb0db0b"
    integrity sha512-YQLXUplAwJgCydQ78IMJywZCceoqk1oH01OERdSAJc/7U2AylwjhSCLDEtqwg811idIS/9fIU5GjG73IgjKMVg==
    dependencies:
      estraverse "^5.1.0"
  
  esrecurse@^4.3.0:
    version "4.3.0"
    resolved "https://registry.npmmirror.com/esrecurse/-/esrecurse-4.3.0.tgz#7ad7964d679abb28bee72cec63758b1c5d2c9921"
    integrity sha512-KmfKL3b6G+RXvP8N1vr3Tq1kL/oCFgn2NYXEtqP8/L3pKapUA4G8cFVaoF3SU323CD4XypR/ffioHmkti6/Tag==
    dependencies:
      estraverse "^5.2.0"
  
  estraverse@^4.1.1:
    version "4.3.0"
    resolved "https://registry.npmmirror.com/estraverse/-/estraverse-4.3.0.tgz#398ad3f3c5a24948be7725e83d11a7de28cdbd1d"
    integrity sha512-39nnKffWz8xN1BU/2c79n9nB9HDzo0niYUqx6xyqUnyoAnQyyWpOTdZEeiCch8BBu515t4wp9ZmgVfVhn9EBpw==
  
  estraverse@^5.1.0, estraverse@^5.2.0:
    version "5.3.0"
    resolved "https://registry.npmmirror.com/estraverse/-/estraverse-5.3.0.tgz#2eea5290702f26ab8fe5370370ff86c965d21123"
    integrity sha512-MMdARuVEQziNTeJD8DgMqmhwR11BRQ/cBP+pLtYdSTnf3MIO8fFeiINEbX36ZdNlfU/7A9f3gUw49B3oQsvwBA==
  
  esutils@^2.0.2:
    version "2.0.3"
    resolved "https://registry.npmmirror.com/esutils/-/esutils-2.0.3.tgz#74d2eb4de0b8da1293711910d50775b9b710ef64"
    integrity sha512-kVscqXk4OCp68SZ0dkgEKVi6/8ij300KBWTJq32P/dYeWTSwK41WyTxalN1eRmA5Z9UU/LX9D7FWSmV9SAYx6g==
  
  etag@~1.8.1:
    version "1.8.1"
    resolved "https://registry.npmmirror.com/etag/-/etag-1.8.1.tgz#41ae2eeb65efa62268aebfea83ac7d79299b0887"
    integrity sha512-aIL5Fx7mawVa300al2BnEE4iNvo1qETxLrPI/o05L7z6go7fCw1J6EQmbK4FmJ2AS7kgVF/KEZWufBfdClMcPg==
  
  eventemitter3@^4.0.0:
    version "4.0.7"
    resolved "https://registry.npmmirror.com/eventemitter3/-/eventemitter3-4.0.7.tgz#2de9b68f6528d5644ef5c59526a1b4a07306169f"
    integrity sha512-8guHBZCwKnFhYdHr2ysuRWErTwhoN2X8XELRlrRwpmfeY2jjuUN4taQMsULKUVo1K4DvZl+0pgfyoysHxvmvEw==
  
  events@^3.2.0:
    version "3.3.0"
    resolved "https://registry.npmmirror.com/events/-/events-3.3.0.tgz#31a95ad0a924e2d2c419a813aeb2c4e878ea7400"
    integrity sha512-mQw+2fkQbALzQ7V0MY0IqdnXNOeTtP4r0lN9z7AAawCXgqea7bDii20AYrIBrFd/Hx0M2Ocz6S111CaFkUcb0Q==
  
  execa@^5.0.0:
    version "5.1.1"
    resolved "https://registry.npmmirror.com/execa/-/execa-5.1.1.tgz#f80ad9cbf4298f7bd1d4c9555c21e93741c411dd"
    integrity sha512-8uSpZZocAZRBAPIEINJj3Lo9HyGitllczc27Eh5YYojjMFMn8yHMDMaUHE2Jqfq05D/wucwI4JGURyXt1vchyg==
    dependencies:
      cross-spawn "^7.0.3"
      get-stream "^6.0.0"
      human-signals "^2.1.0"
      is-stream "^2.0.0"
      merge-stream "^2.0.0"
      npm-run-path "^4.0.1"
      onetime "^5.1.2"
      signal-exit "^3.0.3"
      strip-final-newline "^2.0.0"
  
  exenv@^1.2.1:
    version "1.2.2"
    resolved "https://registry.npmmirror.com/exenv/-/exenv-1.2.2.tgz#2ae78e85d9894158670b03d47bec1f03bd91bb9d"
    integrity sha512-Z+ktTxTwv9ILfgKCk32OX3n/doe+OcLTRtqK9pcL+JsP3J1/VW8Uvl4ZjLlKqeW4rzK4oesDOGMEMRIZqtP4Iw==
  
  express@^4.17.3:
    version "4.19.2"
    resolved "https://registry.npmmirror.com/express/-/express-4.19.2.tgz#e25437827a3aa7f2a827bc8171bbbb664a356465"
    integrity sha512-5T6nhjsT+EOMzuck8JjBHARTHfMht0POzlA60WV2pMD3gyXw2LZnZ+ueGdNxG+0calOJcWKbpFcuzLZ91YWq9Q==
    dependencies:
      accepts "~1.3.8"
      array-flatten "1.1.1"
      body-parser "1.20.2"
      content-disposition "0.5.4"
      content-type "~1.0.4"
      cookie "0.6.0"
      cookie-signature "1.0.6"
      debug "2.6.9"
      depd "2.0.0"
      encodeurl "~1.0.2"
      escape-html "~1.0.3"
      etag "~1.8.1"
      finalhandler "1.2.0"
      fresh "0.5.2"
      http-errors "2.0.0"
      merge-descriptors "1.0.1"
      methods "~1.1.2"
      on-finished "2.4.1"
      parseurl "~1.3.3"
      path-to-regexp "0.1.7"
      proxy-addr "~2.0.7"
      qs "6.11.0"
      range-parser "~1.2.1"
      safe-buffer "5.2.1"
      send "0.18.0"
      serve-static "1.15.0"
      setprototypeof "1.2.0"
      statuses "2.0.1"
      type-is "~1.6.18"
      utils-merge "1.0.1"
      vary "~1.1.2"
  
  fast-deep-equal@^3.1.1, fast-deep-equal@^3.1.3:
    version "3.1.3"
    resolved "https://registry.npmmirror.com/fast-deep-equal/-/fast-deep-equal-3.1.3.tgz#3a7d56b559d6cbc3eb512325244e619a65c6c525"
    integrity sha512-f3qQ9oQy9j2AhBe/H9VC91wLmKBCCU/gDOnKNAYG5hswO7BLKj09Hc5HYNz9cGI++xlpDCIgDaitVs03ATR84Q==
  
  fast-json-stable-stringify@^2.0.0:
    version "2.1.0"
    resolved "https://registry.npmmirror.com/fast-json-stable-stringify/-/fast-json-stable-stringify-2.1.0.tgz#874bf69c6f404c2b5d99c481341399fd55892633"
    integrity sha512-lhd/wF+Lk98HZoTCtlVraHtfh5XYijIjalXck7saUtuanSDyLMxnHhSXEDJqHxD7msR8D0uCmqlkwjCV8xvwHw==
  
  fast-levenshtein@^2.0.6:
    version "2.0.6"
    resolved "https://registry.npmmirror.com/fast-levenshtein/-/fast-levenshtein-2.0.6.tgz#3d8a5c66883a16a30ca8643e851f19baa7797917"
    integrity sha512-DCXu6Ifhqcks7TZKY3Hxp3y6qphY5SJZmrWMDrKcERSOXWQdMhU9Ig/PYrzyw/ul9jOIyh0N4M0tbC5hodg8dw==
  
  fastest-levenshtein@^1.0.12:
    version "1.0.16"
    resolved "https://registry.npmmirror.com/fastest-levenshtein/-/fastest-levenshtein-1.0.16.tgz#210e61b6ff181de91ea9b3d1b84fdedd47e034e5"
    integrity sha512-eRnCtTTtGZFpQCwhJiUOuxPQWRXVKYDn0b2PeHfXL6/Zi53SLAzAHfVhVWK2AryC/WH05kGfxhFIPvTF0SXQzg==
  
  fastq@^1.6.0:
    version "1.17.1"
    resolved "https://registry.npmmirror.com/fastq/-/fastq-1.17.1.tgz#2a523f07a4e7b1e81a42b91b8bf2254107753b47"
    integrity sha512-sRVD3lWVIXWg6By68ZN7vho9a1pQcN/WBFaAAsDDFzlJjvoGx0P8z7V1t72grFJfJhu3YPZBuu25f7Kaw2jN1w==
    dependencies:
      reusify "^1.0.4"
  
  faye-websocket@^0.11.3:
    version "0.11.4"
    resolved "https://registry.npmmirror.com/faye-websocket/-/faye-websocket-0.11.4.tgz#7f0d9275cfdd86a1c963dc8b65fcc451edcbb1da"
    integrity sha512-CzbClwlXAuiRQAlUyfqPgvPoNKTckTPGfwZV4ZdAhVcP2lh9KUxJg2b5GkE7XbjKQ3YJnQ9z6D9ntLAlB+tP8g==
    dependencies:
      websocket-driver ">=0.5.1"
  
  fbjs@^0.8.16:
    version "0.8.18"
    resolved "https://registry.npmmirror.com/fbjs/-/fbjs-0.8.18.tgz#9835e0addb9aca2eff53295cd79ca1cfc7c9662a"
    integrity sha512-EQaWFK+fEPSoibjNy8IxUtaFOMXcWsY0JaVrQoZR9zC8N2Ygf9iDITPWjUTVIax95b6I742JFLqASHfsag/vKA==
    dependencies:
      core-js "^1.0.0"
      isomorphic-fetch "^2.1.1"
      loose-envify "^1.0.0"
      object-assign "^4.1.0"
      promise "^7.1.1"
      setimmediate "^1.0.5"
      ua-parser-js "^0.7.30"
  
  file-entry-cache@^6.0.1:
    version "6.0.1"
    resolved "https://registry.npmmirror.com/file-entry-cache/-/file-entry-cache-6.0.1.tgz#211b2dd9659cb0394b073e7323ac3c933d522027"
    integrity sha512-7Gps/XWymbLk2QLYK4NzpMOrYjMhdIxXuIvy2QBsLE6ljuodKvdkWs/cpyJJ3CVIVpH0Oi1Hvg1ovbMzLdFBBg==
    dependencies:
      flat-cache "^3.0.4"
  
  fill-range@^7.0.1:
    version "7.0.1"
    resolved "https://registry.npmmirror.com/fill-range/-/fill-range-7.0.1.tgz#1919a6a7c75fe38b2c7c77e5198535da9acdda40"
    integrity sha512-qOo9F+dMUmC2Lcb4BbVvnKJxTPjCm+RRpe4gDuGrzkL7mEVl/djYSu2OdQ2Pa302N4oqkSg9ir6jaLWJ2USVpQ==
    dependencies:
      to-regex-range "^5.0.1"
  
  finalhandler@1.2.0:
    version "1.2.0"
    resolved "https://registry.npmmirror.com/finalhandler/-/finalhandler-1.2.0.tgz#7d23fe5731b207b4640e4fcd00aec1f9207a7b32"
    integrity sha512-5uXcUVftlQMFnWC9qu/svkWv3GTd2PfUhK/3PLkYNAe7FbqJMt3515HaxE6eRL74GdsriiwujiawdaB1BpEISg==
    dependencies:
      debug "2.6.9"
      encodeurl "~1.0.2"
      escape-html "~1.0.3"
      on-finished "2.4.1"
      parseurl "~1.3.3"
      statuses "2.0.1"
      unpipe "~1.0.0"
  
  find-cache-dir@^4.0.0:
    version "4.0.0"
    resolved "https://registry.npmmirror.com/find-cache-dir/-/find-cache-dir-4.0.0.tgz#a30ee0448f81a3990708f6453633c733e2f6eec2"
    integrity sha512-9ZonPT4ZAK4a+1pUPVPZJapbi7O5qbbJPdYw/NOQWZZbVLdDTYM3A4R9z/DpAM08IDaFGsvPgiGZ82WEwUDWjg==
    dependencies:
      common-path-prefix "^3.0.0"
      pkg-dir "^7.0.0"
  
  find-matching-bracket@^1.0.3:
    version "1.0.3"
    resolved "https://registry.npmmirror.com/find-matching-bracket/-/find-matching-bracket-1.0.3.tgz#f96a1dee39ec756c9798cc795760b9acec4924ac"
    integrity sha512-GZzxZa/G9gTIwV6MPuQcRL7utE2iWTmJuUgb8iAap7HcudnR8aSb1G/490lqtLyh6Seg+ZUidKoqP0z8SIOxzw==
  
  find-up@^4.0.0:
    version "4.1.0"
    resolved "https://registry.npmmirror.com/find-up/-/find-up-4.1.0.tgz#97afe7d6cdc0bc5928584b7c8d7b16e8a9aa5d19"
    integrity sha512-PpOwAdQ/YlXQ2vj8a3h8IipDuYRi3wceVQQGYWxNINccq40Anw7BlsEXCMbt1Zt+OLA6Fq9suIpIWD0OsnISlw==
    dependencies:
      locate-path "^5.0.0"
      path-exists "^4.0.0"
  
  find-up@^5.0.0:
    version "5.0.0"
    resolved "https://registry.npmmirror.com/find-up/-/find-up-5.0.0.tgz#4c92819ecb7083561e4f4a240a86be5198f536fc"
    integrity sha512-78/PXT1wlLLDgTzDs7sjq9hzz0vXD+zn+7wypEe4fXQxCmdmqfGsEPQxmiCSQI3ajFV91bVSsvNtrJRiW6nGng==
    dependencies:
      locate-path "^6.0.0"
      path-exists "^4.0.0"
  
  find-up@^6.3.0:
    version "6.3.0"
    resolved "https://registry.npmmirror.com/find-up/-/find-up-6.3.0.tgz#2abab3d3280b2dc7ac10199ef324c4e002c8c790"
    integrity sha512-v2ZsoEuVHYy8ZIlYqwPe/39Cy+cFDzp4dXPaxNvkEuouymu+2Jbz0PxpKarJHYJTmv2HWT3O382qY8l4jMWthw==
    dependencies:
      locate-path "^7.1.0"
      path-exists "^5.0.0"
  
  flat-cache@^3.0.4:
    version "3.2.0"
    resolved "https://registry.npmmirror.com/flat-cache/-/flat-cache-3.2.0.tgz#2c0c2d5040c99b1632771a9d105725c0115363ee"
    integrity sha512-CYcENa+FtcUKLmhhqyctpclsq7QF38pKjZHsGNiSQF5r4FtoKDWabFDl3hzaEQMvT1LHEysw5twgLvpYYb4vbw==
    dependencies:
      flatted "^3.2.9"
      keyv "^4.5.3"
      rimraf "^3.0.2"
  
  flat@^5.0.2:
    version "5.0.2"
    resolved "https://registry.npmmirror.com/flat/-/flat-5.0.2.tgz#8ca6fe332069ffa9d324c327198c598259ceb241"
    integrity sha512-b6suED+5/3rTpUBdG1gupIl8MPFCAMA0QXwmljLhvCUKcUvdE4gWky9zpuGCcXHOsz4J9wPGNWq6OKpmIzz3hQ==
  
  flatted@^3.2.9:
    version "3.3.1"
    resolved "https://registry.npmmirror.com/flatted/-/flatted-3.3.1.tgz#21db470729a6734d4997002f439cb308987f567a"
    integrity sha512-X8cqMLLie7KsNUDSdzeN8FYK9rEt4Dt67OsG/DNGnYTSDBG4uFAJFBnUeiV+zCVAvwFy56IjM9sH51jVaEhNxw==
  
  follow-redirects@^1.0.0, follow-redirects@^1.14.0:
    version "1.15.6"
    resolved "https://registry.npmmirror.com/follow-redirects/-/follow-redirects-1.15.6.tgz#7f815c0cda4249c74ff09e95ef97c23b5fd0399b"
    integrity sha512-wWN62YITEaOpSK584EZXJafH1AGpO8RVgElfkuXbTOrPX4fIfOyEpW/CsiNd8JdYrAoOvafRTOEnvsO++qCqFA==
  
  for-each@^0.3.3:
    version "0.3.3"
    resolved "https://registry.npmmirror.com/for-each/-/for-each-0.3.3.tgz#69b447e88a0a5d32c3e7084f3f1710034b21376e"
    integrity sha512-jqYfLp7mo9vIyQf8ykW2v7A+2N4QjeCeI5+Dz9XraiO1ign81wjiH7Fb9vSOWvQfNtmSa4H2RoQTrrXivdUZmw==
    dependencies:
      is-callable "^1.1.3"
  
  formik@^2.2.9:
    version "2.4.6"
    resolved "https://registry.npmmirror.com/formik/-/formik-2.4.6.tgz#4da75ca80f1a827ab35b08fd98d5a76e928c9686"
    integrity sha512-A+2EI7U7aG296q2TLGvNapDNTZp1khVt5Vk0Q/fyfSROss0V/V6+txt2aJnwEos44IxTCW/LYAi/zgWzlevj+g==
    dependencies:
      "@types/hoist-non-react-statics" "^3.3.1"
      deepmerge "^2.1.1"
      hoist-non-react-statics "^3.3.0"
      lodash "^4.17.21"
      lodash-es "^4.17.21"
      react-fast-compare "^2.0.1"
      tiny-warning "^1.0.2"
      tslib "^2.0.0"
  
  forwarded@0.2.0:
    version "0.2.0"
    resolved "https://registry.npmmirror.com/forwarded/-/forwarded-0.2.0.tgz#2269936428aad4c15c7ebe9779a84bf0b2a81811"
    integrity sha512-buRG0fpBtRHSTCOASe6hD258tEubFoRLb4ZNA6NxMVHNw2gOcwHo9wyablzMzOA5z9xA9L1KNjk/Nt6MT9aYow==
  
  fraction.js@^4.3.7:
    version "4.3.7"
    resolved "https://registry.npmmirror.com/fraction.js/-/fraction.js-4.3.7.tgz#06ca0085157e42fda7f9e726e79fefc4068840f7"
    integrity sha512-ZsDfxO51wGAXREY55a7la9LScWpwv9RxIrYABrlvOFBlH/ShPnrtsXeuUIfXKKOVicNxQ+o8JTbJvjS4M89yew==
  
  fresh@0.5.2:
    version "0.5.2"
    resolved "https://registry.npmmirror.com/fresh/-/fresh-0.5.2.tgz#3d8cadd90d976569fa835ab1f8e4b23a105605a7"
    integrity sha512-zJ2mQYM18rEFOudeV4GShTGIQ7RbzA7ozbU9I/XBpm7kqgMywgmylMwXHxZJmkVoYkna9d2pVXVXPdYTP9ej8Q==
  
  fs-monkey@^1.0.4:
    version "1.0.6"
    resolved "https://registry.npmmirror.com/fs-monkey/-/fs-monkey-1.0.6.tgz#8ead082953e88d992cf3ff844faa907b26756da2"
    integrity sha512-b1FMfwetIKymC0eioW7mTywihSQE4oLzQn1dB6rZB5fx/3NpNEdAWeCSMB+60/AeT0TCXsxzAlcYVEFCTAksWg==
  
  fs.realpath@^1.0.0:
    version "1.0.0"
    resolved "https://registry.npmmirror.com/fs.realpath/-/fs.realpath-1.0.0.tgz#1504ad2523158caa40db4a2787cb01411994ea4f"
    integrity sha512-OO0pH2lK6a0hZnAdau5ItzHPI6pUlvI7jMVnxUQRtw4owF2wk8lOSabtGDCTP4Ggrg2MbGnWO9X8K1t4+fGMDw==
  
  fsevents@~2.3.2:
    version "2.3.3"
    resolved "https://registry.npmmirror.com/fsevents/-/fsevents-2.3.3.tgz#cac6407785d03675a2a5e1a5305c697b347d90d6"
    integrity sha512-5xoDfX+fL7faATnagmWPpbFtwh/R77WmMMqqHGS65C3vvB0YHrgF+B1YmZ3441tMj5n63k0212XNoJwzlhffQw==
  
  function-bind@^1.1.2:
    version "1.1.2"
    resolved "https://registry.npmmirror.com/function-bind/-/function-bind-1.1.2.tgz#2c02d864d97f3ea6c8830c464cbd11ab6eab7a1c"
    integrity sha512-7XHNxH7qX9xG5mIwxkhumTox/MIRNcOgDrxWsMt2pAr23WHp6MrRlN7FBSFpCpr+oVO0F744iUgR82nJMfG2SA==
  
  function.prototype.name@^1.1.6:
    version "1.1.6"
    resolved "https://registry.npmmirror.com/function.prototype.name/-/function.prototype.name-1.1.6.tgz#cdf315b7d90ee77a4c6ee216c3c3362da07533fd"
    integrity sha512-Z5kx79swU5P27WEayXM1tBi5Ze/lbIyiNgU3qyXUOf9b2rgXYyF9Dy9Cx+IQv/Lc8WCG6L82zwUPpSS9hGehIg==
    dependencies:
      call-bind "^1.0.2"
      define-properties "^1.2.0"
      es-abstract "^1.22.1"
      functions-have-names "^1.2.3"
  
  functions-have-names@^1.2.3:
    version "1.2.3"
    resolved "https://registry.npmmirror.com/functions-have-names/-/functions-have-names-1.2.3.tgz#0404fe4ee2ba2f607f0e0ec3c80bae994133b834"
    integrity sha512-xckBUXyTIqT97tq2x2AMb+g163b5JFysYk0x4qxNFwbfQkmNZoiRHb6sPzI9/QV33WeuvVYBUIiD4NzNIyqaRQ==
  
  gensync@^1.0.0-beta.2:
    version "1.0.0-beta.2"
    resolved "https://registry.npmmirror.com/gensync/-/gensync-1.0.0-beta.2.tgz#32a6ee76c3d7f52d46b2b1ae5d93fea8580a25e0"
    integrity sha512-3hN7NaskYvMDLQY55gnW3NQ+mesEAepTqlg+VEbj7zzqEMBVNhzcGYYeqFo/TlYz6eQiFcp1HcsCZO+nGgS8zg==
  
  get-intrinsic@^1.1.3, get-intrinsic@^1.2.1, get-intrinsic@^1.2.3, get-intrinsic@^1.2.4:
    version "1.2.4"
    resolved "https://registry.npmmirror.com/get-intrinsic/-/get-intrinsic-1.2.4.tgz#e385f5a4b5227d449c3eabbad05494ef0abbeadd"
    integrity sha512-5uYhsJH8VJBTv7oslg4BznJYhDoRI6waYCxMmCdnTrcCrHA/fCFKoTFz2JKKE0HdDFUF7/oQuhzumXJK7paBRQ==
    dependencies:
      es-errors "^1.3.0"
      function-bind "^1.1.2"
      has-proto "^1.0.1"
      has-symbols "^1.0.3"
      hasown "^2.0.0"
  
  get-stream@^6.0.0:
    version "6.0.1"
    resolved "https://registry.npmmirror.com/get-stream/-/get-stream-6.0.1.tgz#a262d8eef67aced57c2852ad6167526a43cbf7b7"
    integrity sha512-ts6Wi+2j3jQjqi70w5AlN8DFnkSwC+MqmxEzdEALB2qXZYV3X/b1CTfgPLGJNMeAWxdPfU8FO1ms3NUfaHCPYg==
  
  get-symbol-description@^1.0.2:
    version "1.0.2"
    resolved "https://registry.npmmirror.com/get-symbol-description/-/get-symbol-description-1.0.2.tgz#533744d5aa20aca4e079c8e5daf7fd44202821f5"
    integrity sha512-g0QYk1dZBxGwk+Ngc+ltRH2IBp2f7zBkBMBJZCDerh6EhlhSR6+9irMCuT/09zD6qkarHUSn529sK/yL4S27mg==
    dependencies:
      call-bind "^1.0.5"
      es-errors "^1.3.0"
      get-intrinsic "^1.2.4"
  
  glob-parent@^6.0.2:
    version "6.0.2"
    resolved "https://registry.npmmirror.com/glob-parent/-/glob-parent-6.0.2.tgz#6d237d99083950c79290f24c7642a3de9a28f9e3"
    integrity sha512-XxwI8EOhVQgWp6iDL+3b0r86f4d6AX6zSU55HfB4ydCEuXLXc5FcYeOu+nnGftS4TEju/11rt4KJPTMgbfmv4A==
    dependencies:
      is-glob "^4.0.3"
  
  glob-parent@~5.1.2:
    version "5.1.2"
    resolved "https://registry.npmmirror.com/glob-parent/-/glob-parent-5.1.2.tgz#869832c58034fe68a4093c17dc15e8340d8401c4"
    integrity sha512-AOIgSQCepiJYwP3ARnGx+5VnTu2HBYdzbGP45eLw1vr3zB3vZLeyed1sC9hnbcOc9/SrMyM5RPQrkGz4aS9Zow==
    dependencies:
      is-glob "^4.0.1"
  
  glob-to-regexp@^0.4.1:
    version "0.4.1"
    resolved "https://registry.npmmirror.com/glob-to-regexp/-/glob-to-regexp-0.4.1.tgz#c75297087c851b9a578bd217dd59a92f59fe546e"
    integrity sha512-lkX1HJXwyMcprw/5YUZc2s7DrpAiHB21/V+E1rHUrVNokkvB6bqMzT0VfV6/86ZNabt1k14YOIaT7nDvOX3Iiw==
  
  glob@^7.0.3, glob@^7.0.5, glob@^7.1.3, glob@^7.2.0:
    version "7.2.3"
    resolved "https://registry.npmmirror.com/glob/-/glob-7.2.3.tgz#b8df0fb802bbfa8e89bd1d938b4e16578ed44f2b"
    integrity sha512-nFR0zLpU2YCaRxwoCJvL6UvCH2JFyFVIvwTLsIf21AuHlMskA1hhTdk+LlYJtOlYt9v6dvszD2BGRqBL+iQK9Q==
    dependencies:
      fs.realpath "^1.0.0"
      inflight "^1.0.4"
      inherits "2"
      minimatch "^3.1.1"
      once "^1.3.0"
      path-is-absolute "^1.0.0"
  
  globals@^11.1.0:
    version "11.12.0"
    resolved "https://registry.npmmirror.com/globals/-/globals-11.12.0.tgz#ab8795338868a0babd8525758018c2a7eb95c42e"
    integrity sha512-WOBp/EEGUiIsJSp7wcv/y6MO+lV9UoncWqxuFfm8eBwzWNgyfBd6Gz+IeKQ9jCmyhoH99g15M3T+QaVHFjizVA==
  
  globals@^13.19.0:
    version "13.24.0"
    resolved "https://registry.npmmirror.com/globals/-/globals-13.24.0.tgz#8432a19d78ce0c1e833949c36adb345400bb1171"
    integrity sha512-AhO5QUcj8llrbG09iWhPU2B204J1xnPeL8kQmVorSsy+Sjj1sk8gIyh6cUocGmH4L0UuhAJy+hJMRA4mgA4mFQ==
    dependencies:
      type-fest "^0.20.2"
  
  globalthis@^1.0.3:
    version "1.0.4"
    resolved "https://registry.npmmirror.com/globalthis/-/globalthis-1.0.4.tgz#7430ed3a975d97bfb59bcce41f5cabbafa651236"
    integrity sha512-DpLKbNU4WylpxJykQujfCcwYWiV/Jhm50Goo0wrVILAv5jOr9d+H+UR3PhSCD2rCCEIg0uc+G+muBTwD54JhDQ==
    dependencies:
      define-properties "^1.2.1"
      gopd "^1.0.1"
  
  globby@^6.1.0:
    version "6.1.0"
    resolved "https://registry.npmmirror.com/globby/-/globby-6.1.0.tgz#f5a6d70e8395e21c858fb0489d64df02424d506c"
    integrity sha512-KVbFv2TQtbzCoxAnfD6JcHZTYCzyliEaaeM/gH8qQdkKr5s0OP9scEgvdcngyk7AVdY6YVW/TJHd+lQ/Df3Daw==
    dependencies:
      array-union "^1.0.1"
      glob "^7.0.3"
      object-assign "^4.0.1"
      pify "^2.0.0"
      pinkie-promise "^2.0.0"
  
  gopd@^1.0.1:
    version "1.0.1"
    resolved "https://registry.npmmirror.com/gopd/-/gopd-1.0.1.tgz#29ff76de69dac7489b7c0918a5788e56477c332c"
    integrity sha512-d65bNlIadxvpb/A2abVdlqKqV563juRnZ1Wtk6s1sIR8uNsXR70xqIzVqxVf1eTqDunwT2MkczEeaezCKTZhwA==
    dependencies:
      get-intrinsic "^1.1.3"
  
  graceful-fs@^4.1.2, graceful-fs@^4.2.11, graceful-fs@^4.2.4, graceful-fs@^4.2.6:
    version "4.2.11"
    resolved "https://registry.npmmirror.com/graceful-fs/-/graceful-fs-4.2.11.tgz#4183e4e8bf08bb6e05bbb2f7d2e0c8f712ca40e3"
    integrity sha512-RbJ5/jmFcNNCcDV5o9eTnBLJ/HszWV0P73bc+Ff4nS/rJj+YaS6IGyiOL0VoBYX+l1Wrl3k63h/KrH+nhJ0XvQ==
  
  graphemer@^1.4.0:
    version "1.4.0"
    resolved "https://registry.npmmirror.com/graphemer/-/graphemer-1.4.0.tgz#fb2f1d55e0e3a1849aeffc90c4fa0dd53a0e66c6"
    integrity sha512-EtKwoO6kxCL9WO5xipiHTZlSzBm7WLT627TqC/uVRd0HKmq8NXyebnNYxDoBi7wt8eTWrUrKXCOVaFq9x1kgag==
  
  gzip-size@^6.0.0:
    version "6.0.0"
    resolved "https://registry.npmmirror.com/gzip-size/-/gzip-size-6.0.0.tgz#065367fd50c239c0671cbcbad5be3e2eeb10e462"
    integrity sha512-ax7ZYomf6jqPTQ4+XCpUGyXKHk5WweS+e05MBO4/y3WJ5RkmPXNKvX+bx1behVILVwr6JSQvZAku021CHPXG3Q==
    dependencies:
      duplexer "^0.1.2"
  
  hamt_plus@1.0.2:
    version "1.0.2"
    resolved "https://registry.npmmirror.com/hamt_plus/-/hamt_plus-1.0.2.tgz#e21c252968c7e33b20f6a1b094cd85787a265601"
    integrity sha512-t2JXKaehnMb9paaYA7J0BX8QQAY8lwfQ9Gjf4pg/mk4krt+cmwmU652HOoWonf+7+EQV97ARPMhhVgU1ra2GhA==
  
  handle-thing@^2.0.0:
    version "2.0.1"
    resolved "https://registry.npmmirror.com/handle-thing/-/handle-thing-2.0.1.tgz#857f79ce359580c340d43081cc648970d0bb234e"
    integrity sha512-9Qn4yBxelxoh2Ow62nP+Ka/kMnOXRi8BXnRaUwezLNhqelnN49xKz4F/dPP8OYLxLxq6JDtZb2i9XznUQbNPTg==
  
  has-bigints@^1.0.1, has-bigints@^1.0.2:
    version "1.0.2"
    resolved "https://registry.npmmirror.com/has-bigints/-/has-bigints-1.0.2.tgz#0871bd3e3d51626f6ca0966668ba35d5602d6eaa"
    integrity sha512-tSvCKtBr9lkF0Ex0aQiP9N+OpV4zi2r/Nee5VkRDbaqv35RLYMzbwQfFSZZH0kR+Rd6302UJZ2p/bJCEoR3VoQ==
  
  has-flag@^1.0.0:
    version "1.0.0"
    resolved "https://registry.npmmirror.com/has-flag/-/has-flag-1.0.0.tgz#9d9e793165ce017a00f00418c43f942a7b1d11fa"
    integrity sha512-DyYHfIYwAJmjAjSSPKANxI8bFY9YtFrgkAfinBojQ8YJTOuOuav64tMUJv584SES4xl74PmuaevIyaLESHdTAA==
  
  has-flag@^3.0.0:
    version "3.0.0"
    resolved "https://registry.npmmirror.com/has-flag/-/has-flag-3.0.0.tgz#b5d454dc2199ae225699f3467e5a07f3b955bafd"
    integrity sha512-sKJf1+ceQBr4SMkvQnBDNDtf4TXpVhVGateu0t918bl30FnbE2m4vNLX+VWe/dpjlb+HugGYzW7uQXH98HPEYw==
  
  has-flag@^4.0.0:
    version "4.0.0"
    resolved "https://registry.npmmirror.com/has-flag/-/has-flag-4.0.0.tgz#944771fd9c81c81265c4d6941860da06bb59479b"
    integrity sha512-EykJT/Q1KjTWctppgIAgfSO0tKVuZUjhgMr17kqTumMl6Afv3EISleU7qZUzoXDFTAHTDC4NOoG/ZxU3EvlMPQ==
  
  has-property-descriptors@^1.0.0, has-property-descriptors@^1.0.2:
    version "1.0.2"
    resolved "https://registry.npmmirror.com/has-property-descriptors/-/has-property-descriptors-1.0.2.tgz#963ed7d071dc7bf5f084c5bfbe0d1b6222586854"
    integrity sha512-55JNKuIW+vq4Ke1BjOTjM2YctQIvCT7GFzHwmfZPGo5wnrgkid0YQtnAleFSqumZm4az3n2BS+erby5ipJdgrg==
    dependencies:
      es-define-property "^1.0.0"
  
  has-proto@^1.0.1, has-proto@^1.0.3:
    version "1.0.3"
    resolved "https://registry.npmmirror.com/has-proto/-/has-proto-1.0.3.tgz#b31ddfe9b0e6e9914536a6ab286426d0214f77fd"
    integrity sha512-SJ1amZAJUiZS+PhsVLf5tGydlaVB8EdFpaSO4gmiUKUOxk8qzn5AIy4ZeJUmh22znIdk/uMAUT2pl3FxzVUH+Q==
  
  has-symbols@^1.0.1, has-symbols@^1.0.2, has-symbols@^1.0.3:
    version "1.0.3"
    resolved "https://registry.npmmirror.com/has-symbols/-/has-symbols-1.0.3.tgz#bb7b2c4349251dce87b125f7bdf874aa7c8b39f8"
    integrity sha512-l3LCuF6MgDNwTDKkdYGEihYjt5pRPbEg46rtlmnSPlUbgmB8LOIrKJbYYFBSbnPaJexMKtiPO8hmeRjRz2Td+A==
  
  has-tostringtag@^1.0.0, has-tostringtag@^1.0.2:
    version "1.0.2"
    resolved "https://registry.npmmirror.com/has-tostringtag/-/has-tostringtag-1.0.2.tgz#2cdc42d40bef2e5b4eeab7c01a73c54ce7ab5abc"
    integrity sha512-NqADB8VjPFLM2V0VvHUewwwsw0ZWBaIdgo+ieHtK3hasLz4qeCRjYcqfB6AQrBggRKppKF8L52/VqdVsO47Dlw==
    dependencies:
      has-symbols "^1.0.3"
  
  hasha@^5.2.2:
    version "5.2.2"
    resolved "https://registry.npmmirror.com/hasha/-/hasha-5.2.2.tgz#a48477989b3b327aea3c04f53096d816d97522a1"
    integrity sha512-Hrp5vIK/xr5SkeN2onO32H0MgNZ0f17HRNH39WfL0SYUNOTZ5Lz1TJ8Pajo/87dYGEFlLMm7mIc/k/s6Bvz9HQ==
    dependencies:
      is-stream "^2.0.0"
      type-fest "^0.8.0"
  
  hasown@^2.0.0, hasown@^2.0.1, hasown@^2.0.2:
    version "2.0.2"
    resolved "https://registry.npmmirror.com/hasown/-/hasown-2.0.2.tgz#003eaf91be7adc372e84ec59dc37252cedb80003"
    integrity sha512-0hJU9SCPvmMzIBdZFqNPXWa6dqh7WdH0cII9y+CyS8rG3nL48Bclra9HmKhVVUHyPWNH5Y7xDwAB7bfgSjkUMQ==
    dependencies:
      function-bind "^1.1.2"
  
  history@^4.9.0:
    version "4.10.1"
    resolved "https://registry.npmmirror.com/history/-/history-4.10.1.tgz#33371a65e3a83b267434e2b3f3b1b4c58aad4cf3"
    integrity sha512-36nwAD620w12kuzPAsyINPWJqlNbij+hpK1k9XRloDtym8mxzGYl2c17LnV6IAGB2Dmg4tEa7G7DlawS0+qjew==
    dependencies:
      "@babel/runtime" "^7.1.2"
      loose-envify "^1.2.0"
      resolve-pathname "^3.0.0"
      tiny-invariant "^1.0.2"
      tiny-warning "^1.0.0"
      value-equal "^1.0.1"
  
  hoist-non-react-statics@^2.5.0:
    version "2.5.5"
    resolved "https://registry.npmmirror.com/hoist-non-react-statics/-/hoist-non-react-statics-2.5.5.tgz#c5903cf409c0dfd908f388e619d86b9c1174cb47"
    integrity sha512-rqcy4pJo55FTTLWt+bU8ukscqHeE/e9KWvsOW2b/a3afxQZhwkQdT1rPPCJ0rYXdj4vNcasY8zHTH+jF/qStxw==
  
  hoist-non-react-statics@^3.1.0, hoist-non-react-statics@^3.3.0, hoist-non-react-statics@^3.3.2:
    version "3.3.2"
    resolved "https://registry.npmmirror.com/hoist-non-react-statics/-/hoist-non-react-statics-3.3.2.tgz#ece0acaf71d62c2969c2ec59feff42a4b1a85b45"
    integrity sha512-/gGivxi8JPKWNm/W0jSmzcMPpfpPLc3dY/6GxhX2hQ9iGj3aDfklV4ET7NjKpSinLpJ5vafa9iiGIEZg10SfBw==
    dependencies:
      react-is "^16.7.0"
  
  hpack.js@^2.1.6:
    version "2.1.6"
    resolved "https://registry.npmmirror.com/hpack.js/-/hpack.js-2.1.6.tgz#87774c0949e513f42e84575b3c45681fade2a0b2"
    integrity sha512-zJxVehUdMGIKsRaNt7apO2Gqp0BdqW5yaiGHXXmbpvxgBYVZnAql+BJb4RO5ad2MgpbZKn5G6nMnegrH1FcNYQ==
    dependencies:
      inherits "^2.0.1"
      obuf "^1.0.0"
      readable-stream "^2.0.1"
      wbuf "^1.1.0"
  
  html-entities@^2.3.2:
    version "2.5.2"
    resolved "https://registry.npmmirror.com/html-entities/-/html-entities-2.5.2.tgz#201a3cf95d3a15be7099521620d19dfb4f65359f"
    integrity sha512-K//PSRMQk4FZ78Kyau+mZurHn3FH0Vwr+H36eE0rPbeYkRRi9YxceYPhuN60UwWorxyKHhqoAJl2OFKa4BVtaA==
  
  html-escaper@^2.0.2:
    version "2.0.2"
    resolved "https://registry.npmmirror.com/html-escaper/-/html-escaper-2.0.2.tgz#dfd60027da36a36dfcbe236262c00a5822681453"
    integrity sha512-H2iMtd0I4Mt5eYiapRdIDjp+XzelXQ0tFE4JS7YFwFevXXMmOp9myNrUvCg0D6ws8iqkRPBfKHgbwig1SmlLfg==
  
  http-deceiver@^1.2.7:
    version "1.2.7"
    resolved "https://registry.npmmirror.com/http-deceiver/-/http-deceiver-1.2.7.tgz#fa7168944ab9a519d337cb0bec7284dc3e723d87"
    integrity sha512-LmpOGxTfbpgtGVxJrj5k7asXHCgNZp5nLfp+hWc8QQRqtb7fUy6kRY3BO1h9ddF6yIPYUARgxGOwB42DnxIaNw==
  
  http-errors@2.0.0:
    version "2.0.0"
    resolved "https://registry.npmmirror.com/http-errors/-/http-errors-2.0.0.tgz#b7774a1486ef73cf7667ac9ae0858c012c57b9d3"
    integrity sha512-FtwrG/euBzaEjYeRqOgly7G0qviiXoJWnvEH2Z1plBdXgbyjv34pHTSb9zoeHMyDy33+DWy5Wt9Wo+TURtOYSQ==
    dependencies:
      depd "2.0.0"
      inherits "2.0.4"
      setprototypeof "1.2.0"
      statuses "2.0.1"
      toidentifier "1.0.1"
  
  http-errors@~1.6.2:
    version "1.6.3"
    resolved "https://registry.npmmirror.com/http-errors/-/http-errors-1.6.3.tgz#8b55680bb4be283a0b5bf4ea2e38580be1d9320d"
    integrity sha512-lks+lVC8dgGyh97jxvxeYTWQFvh4uw4yC12gVl63Cg30sjPX4wuGcdkICVXDAESr6OJGjqGA8Iz5mkeN6zlD7A==
    dependencies:
      depd "~1.1.2"
      inherits "2.0.3"
      setprototypeof "1.1.0"
      statuses ">= 1.4.0 < 2"
  
  http-parser-js@>=0.5.1:
    version "0.5.8"
    resolved "https://registry.npmmirror.com/http-parser-js/-/http-parser-js-0.5.8.tgz#af23090d9ac4e24573de6f6aecc9d84a48bf20e3"
    integrity sha512-SGeBX54F94Wgu5RH3X5jsDtf4eHyRogWX1XGT3b4HuW3tQPM4AaBzoUji/4AAJNXCEOWZ5O0DgZmJw1947gD5Q==
  
  http-proxy-middleware@^2.0.3:
    version "2.0.6"
    resolved "https://registry.npmmirror.com/http-proxy-middleware/-/http-proxy-middleware-2.0.6.tgz#e1a4dd6979572c7ab5a4e4b55095d1f32a74963f"
    integrity sha512-ya/UeJ6HVBYxrgYotAZo1KvPWlgB48kUJLDePFeneHsVujFaW5WNj2NgWCAE//B1Dl02BIfYlpNgBy8Kf8Rjmw==
    dependencies:
      "@types/http-proxy" "^1.17.8"
      http-proxy "^1.18.1"
      is-glob "^4.0.1"
      is-plain-obj "^3.0.0"
      micromatch "^4.0.2"
  
  http-proxy@^1.18.1:
    version "1.18.1"
    resolved "https://registry.npmmirror.com/http-proxy/-/http-proxy-1.18.1.tgz#401541f0534884bbf95260334e72f88ee3976549"
    integrity sha512-7mz/721AbnJwIVbnaSv1Cz3Am0ZLT/UBwkC92VlxhXv/k/BBQfM2fXElQNC27BVGr0uwUpplYPQM9LnaBMR5NQ==
    dependencies:
      eventemitter3 "^4.0.0"
      follow-redirects "^1.0.0"
      requires-port "^1.0.0"
  
  human-signals@^2.1.0:
    version "2.1.0"
    resolved "https://registry.npmmirror.com/human-signals/-/human-signals-2.1.0.tgz#dc91fcba42e4d06e4abaed33b3e7a3c02f514ea0"
    integrity sha512-B4FFZ6q/T2jhhksgkbEW3HBvWIfDW85snkQgawt07S7J5QXTk6BkNV+0yAeZrM5QpMAdYlocGoljn0sJ/WQkFw==
  
  hyphenate-style-name@^1.0.2:
    version "1.0.4"
    resolved "https://registry.npmmirror.com/hyphenate-style-name/-/hyphenate-style-name-1.0.4.tgz#691879af8e220aea5750e8827db4ef62a54e361d"
    integrity sha512-ygGZLjmXfPHj+ZWh6LwbC37l43MhfztxetbFCoYTM2VjkIUpeHgSNn7QIyVFj7YQ1Wl9Cbw5sholVJPzWvC2MQ==
  
  iconv-lite@0.4.24:
    version "0.4.24"
    resolved "https://registry.npmmirror.com/iconv-lite/-/iconv-lite-0.4.24.tgz#2022b4b25fbddc21d2f524974a474aafe733908b"
    integrity sha512-v3MXnZAcvnywkTUEZomIActle7RXXeedOR31wwl7VlyoXO4Qi9arvSenNQWne1TcRwhCL1HwLI21bEqdpj8/rA==
    dependencies:
      safer-buffer ">= 2.1.2 < 3"
  
  iconv-lite@^0.6.2, iconv-lite@^0.6.3:
    version "0.6.3"
    resolved "https://registry.npmmirror.com/iconv-lite/-/iconv-lite-0.6.3.tgz#a52f80bf38da1952eb5c681790719871a1a72501"
    integrity sha512-4fCk79wshMdzMp2rH06qWrJE4iolqLhCUH+OiuIgU++RB0+94NlDL81atO7GX55uUKueo0txHNtvEyI6D7WdMw==
    dependencies:
      safer-buffer ">= 2.1.2 < 3.0.0"
  
  icss-utils@^5.0.0, icss-utils@^5.1.0:
    version "5.1.0"
    resolved "https://registry.npmmirror.com/icss-utils/-/icss-utils-5.1.0.tgz#c6be6858abd013d768e98366ae47e25d5887b1ae"
    integrity sha512-soFhflCVWLfRNOPU3iv5Z9VUdT44xFRbzjLsEzSr5AQmgqPMTHdU3PMT1Cf1ssx8fLNJDA1juftYl+PUcv3MqA==
  
  ieee754@^1.1.13:
    version "1.2.1"
    resolved "https://registry.npmmirror.com/ieee754/-/ieee754-1.2.1.tgz#8eb7a10a63fff25d15a57b001586d177d1b0d352"
    integrity sha512-dcyqhDvX1C46lXZcVqCpK+FtMRQVdIMN6/Df5js2zouUsqG7I6sFxitIC+7KYK29KdXOLHdu9zL4sFnoVQnqaA==
  
  ignore@^5.2.0:
    version "5.3.1"
    resolved "https://registry.npmmirror.com/ignore/-/ignore-5.3.1.tgz#5073e554cd42c5b33b394375f538b8593e34d4ef"
    integrity sha512-5Fytz/IraMjqpwfd34ke28PTVMjZjJG2MPn5t7OE4eUCUNf8BAa7b5WUS9/Qvr6mwOQS7Mk6vdsMno5he+T8Xw==
  
  image-size@~0.5.0:
    version "0.5.5"
    resolved "https://registry.npmmirror.com/image-size/-/image-size-0.5.5.tgz#09dfd4ab9d20e29eb1c3e80b8990378df9e3cb9c"
    integrity sha512-6TDAlDPZxUFCv+fuOkIoXT/V/f3Qbq8e37p+YOiYrUv3v9cc3/6x78VdfPgFVaB9dZYeLUfKgHRebpkm/oP2VQ==
  
  import-fresh@^3.2.1, import-fresh@^3.3.0:
    version "3.3.0"
    resolved "https://registry.npmmirror.com/import-fresh/-/import-fresh-3.3.0.tgz#37162c25fcb9ebaa2e6e53d5b4d88ce17d9e0c2b"
    integrity sha512-veYYhQa+D1QBKznvhUHxb8faxlrwUnxseDAbAp457E0wLNio2bOSKnjYDhMj+YiAq61xrMGhQk9iXVk5FzgQMw==
    dependencies:
      parent-module "^1.0.0"
      resolve-from "^4.0.0"
  
  import-html-entry@^1.15.1:
    version "1.15.2"
    resolved "https://registry.npmmirror.com/import-html-entry/-/import-html-entry-1.15.2.tgz#8cd276141c1d02fdec5ae1acdd328a19eab0fe61"
    integrity sha512-XXtXpGAq811qBgFVdOU6LoOC67rirwv7qwz/zuz1KxbpAM7QYX6kMvELOdSfhjZ9ntQnsdEOXT2zV7xMYaky6w==
    dependencies:
      "@babel/runtime" "^7.7.2"
  
  import-local@^3.0.2:
    version "3.1.0"
    resolved "https://registry.npmmirror.com/import-local/-/import-local-3.1.0.tgz#b4479df8a5fd44f6cdce24070675676063c95cb4"
    integrity sha512-ASB07uLtnDs1o6EHjKpX34BKYDSqnFerfTOJL2HvMqF70LnxpjkzDB8J44oT9pu4AMPkQwf8jl6szgvNd2tRIg==
    dependencies:
      pkg-dir "^4.2.0"
      resolve-cwd "^3.0.0"
  
  imurmurhash@^0.1.4:
    version "0.1.4"
    resolved "https://registry.npmmirror.com/imurmurhash/-/imurmurhash-0.1.4.tgz#9218b9b2b928a238b13dc4fb6b6d576f231453ea"
    integrity sha512-JmXMZ6wuvDmLiHEml9ykzqO6lwFbof0GG4IkcGaENdCRDDmMVnny7s5HsIgHCbaq0w2MyPhDqkhTUgS2LU2PHA==
  
  inflight@^1.0.4:
    version "1.0.6"
    resolved "https://registry.npmmirror.com/inflight/-/inflight-1.0.6.tgz#49bd6331d7d02d0c09bc910a1075ba8165b56df9"
    integrity sha512-k92I/b08q4wvFscXCLvqfsHCrjrF7yiXsQuIVvVE7N82W3+aqpzuUdBbfhWcy/FZR3/4IgflMgKLOsvPDrGCJA==
    dependencies:
      once "^1.3.0"
      wrappy "1"
  
  inherits@2, inherits@2.0.4, inherits@^2.0.1, inherits@^2.0.3, inherits@~2.0.3:
    version "2.0.4"
    resolved "https://registry.npmmirror.com/inherits/-/inherits-2.0.4.tgz#0fa2c64f932917c3433a0ded55363aae37416b7c"
    integrity sha512-k/vGaX4/Yla3WzyMCvTQOXYeIHvqOKtnqBduzTHpzpQZzAskKMhZ2K+EnBiSM9zGSoIFeMpXKxa4dYeZIQqewQ==
  
  inherits@2.0.3:
    version "2.0.3"
    resolved "https://registry.npmmirror.com/inherits/-/inherits-2.0.3.tgz#633c2c83e3da42a502f52466022480f4208261de"
    integrity sha512-x00IRNXNy63jwGkJmzPigoySHbaqpNuzKbBOmzK+g2OdZpQ9w+sxCN+VSB3ja7IAge2OP2qpfxTjeNcyjmW1uw==
  
  inline-style-prefixer@^4.0.0:
    version "4.0.2"
    resolved "https://registry.npmmirror.com/inline-style-prefixer/-/inline-style-prefixer-4.0.2.tgz#d390957d26f281255fe101da863158ac6eb60911"
    integrity sha512-N8nVhwfYga9MiV9jWlwfdj1UDIaZlBFu4cJSJkIr7tZX7sHpHhGR5su1qdpW+7KPL8ISTvCIkcaFi/JdBknvPg==
    dependencies:
      bowser "^1.7.3"
      css-in-js-utils "^2.0.0"
  
  internal-slot@^1.0.7:
    version "1.0.7"
    resolved "https://registry.npmmirror.com/internal-slot/-/internal-slot-1.0.7.tgz#c06dcca3ed874249881007b0a5523b172a190802"
    integrity sha512-NGnrKwXzSms2qUUih/ILZ5JBqNTSa1+ZmP6flaIp6KmSElgE9qdndzS3cqjrDovwFdmwsGsLdeFgB6suw+1e9g==
    dependencies:
      es-errors "^1.3.0"
      hasown "^2.0.0"
      side-channel "^1.0.4"
  
  interpret@^3.1.1:
    version "3.1.1"
    resolved "https://registry.npmmirror.com/interpret/-/interpret-3.1.1.tgz#5be0ceed67ca79c6c4bc5cf0d7ee843dcea110c4"
    integrity sha512-6xwYfHbajpoF0xLW+iwLkhwgvLoZDfjYfoFNu8ftMoXINzwuymNLd9u/KmwtdT2GbR+/Cz66otEGEVVUHX9QLQ==
  
  intersection-observer@^0.12.0:
    version "0.12.2"
    resolved "https://registry.npmmirror.com/intersection-observer/-/intersection-observer-0.12.2.tgz#4a45349cc0cd91916682b1f44c28d7ec737dc375"
    integrity sha512-7m1vEcPCxXYI8HqnL8CKI6siDyD+eIWSwgB3DZA+ZTogxk9I4CDnj4wilt9x/+/QbHI4YG5YZNmC6458/e9Ktg==
  
  invariant@^2.2.4:
    version "2.2.4"
    resolved "https://registry.npmmirror.com/invariant/-/invariant-2.2.4.tgz#610f3c92c9359ce1db616e538008d23ff35158e6"
    integrity sha512-phJfQVBuaJM5raOpJjSfkiD6BpbCE4Ns//LaXl6wGYtUBY83nWS6Rf9tXm2e8VaK60JEjYldbPif/A2B1C2gNA==
    dependencies:
      loose-envify "^1.0.0"
  
  ipaddr.js@1.9.1:
    version "1.9.1"
    resolved "https://registry.npmmirror.com/ipaddr.js/-/ipaddr.js-1.9.1.tgz#bff38543eeb8984825079ff3a2a8e6cbd46781b3"
    integrity sha512-0KI/607xoxSToH7GjN1FfSbLoU0+btTicjsQSWQlh/hZykN8KpmMf7uYwPW3R+akZ6R/w18ZlXSHBYXiYUPO3g==
  
  ipaddr.js@^2.0.1:
    version "2.2.0"
    resolved "https://registry.npmmirror.com/ipaddr.js/-/ipaddr.js-2.2.0.tgz#d33fa7bac284f4de7af949638c9d68157c6b92e8"
    integrity sha512-Ag3wB2o37wslZS19hZqorUnrnzSkpOVy+IiiDEiTqNubEYpYuHWIf6K4psgN2ZWKExS4xhVCrRVfb/wfW8fWJA==
  
  is-array-buffer@^3.0.4:
    version "3.0.4"
    resolved "https://registry.npmmirror.com/is-array-buffer/-/is-array-buffer-3.0.4.tgz#7a1f92b3d61edd2bc65d24f130530ea93d7fae98"
    integrity sha512-wcjaerHw0ydZwfhiKbXJWLDY8A7yV7KhjQOpb83hGgGfId/aQa4TOvwyzn2PuswW2gPCYEL/nEAiSVpdOj1lXw==
    dependencies:
      call-bind "^1.0.2"
      get-intrinsic "^1.2.1"
  
  is-arrayish@^0.2.1:
    version "0.2.1"
    resolved "https://registry.npmmirror.com/is-arrayish/-/is-arrayish-0.2.1.tgz#77c99840527aa8ecb1a8ba697b80645a7a926a9d"
    integrity sha512-zz06S8t0ozoDXMG+ube26zeCTNXcKIPJZJi8hBrF4idCLms4CG9QtK7qBl1boi5ODzFpjswb5JPmHCbMpjaYzg==
  
  is-bigint@^1.0.1:
    version "1.0.4"
    resolved "https://registry.npmmirror.com/is-bigint/-/is-bigint-1.0.4.tgz#08147a1875bc2b32005d41ccd8291dffc6691df3"
    integrity sha512-zB9CruMamjym81i2JZ3UMn54PKGsQzsJeo6xvN3HJJ4CAsQNB6iRutp2To77OfCNuoxspsIhzaPoO1zyCEhFOg==
    dependencies:
      has-bigints "^1.0.1"
  
  is-binary-path@~2.1.0:
    version "2.1.0"
    resolved "https://registry.npmmirror.com/is-binary-path/-/is-binary-path-2.1.0.tgz#ea1f7f3b80f064236e83470f86c09c254fb45b09"
    integrity sha512-ZMERYes6pDydyuGidse7OsHxtbI7WVeUEozgR/g7rd0xUimYNlvZRE/K2MgZTjWy725IfelLeVcEM97mmtRGXw==
    dependencies:
      binary-extensions "^2.0.0"
  
  is-boolean-object@^1.1.0:
    version "1.1.2"
    resolved "https://registry.npmmirror.com/is-boolean-object/-/is-boolean-object-1.1.2.tgz#5c6dc200246dd9321ae4b885a114bb1f75f63719"
    integrity sha512-gDYaKHJmnj4aWxyj6YHyXVpdQawtVLHU5cb+eztPGczf6cjuTdwve5ZIEfgXqH4e57An1D1AKf8CZ3kYrQRqYA==
    dependencies:
      call-bind "^1.0.2"
      has-tostringtag "^1.0.0"
  
  is-callable@^1.1.3, is-callable@^1.1.4, is-callable@^1.2.7:
    version "1.2.7"
    resolved "https://registry.npmmirror.com/is-callable/-/is-callable-1.2.7.tgz#3bc2a85ea742d9e36205dcacdd72ca1fdc51b055"
    integrity sha512-1BC0BVFhS/p0qtw6enp8e+8OD0UrK0oFLztSjNzhcKA3WDuJxxAPXzPuPtKkjEY9UUoEWlX/8fgKeu2S8i9JTA==
  
  is-core-module@^2.13.0:
    version "2.13.1"
    resolved "https://registry.npmmirror.com/is-core-module/-/is-core-module-2.13.1.tgz#ad0d7532c6fea9da1ebdc82742d74525c6273384"
    integrity sha512-hHrIjvZsftOsvKSn2TRYl63zvxsgE0K+0mYMoH6gD4omR5IWB2KynivBQczo3+wF1cCkjzvptnI9Q0sPU66ilw==
    dependencies:
      hasown "^2.0.0"
  
  is-data-view@^1.0.1:
    version "1.0.1"
    resolved "https://registry.npmmirror.com/is-data-view/-/is-data-view-1.0.1.tgz#4b4d3a511b70f3dc26d42c03ca9ca515d847759f"
    integrity sha512-AHkaJrsUVW6wq6JS8y3JnM/GJF/9cf+k20+iDzlSaJrinEo5+7vRiteOSwBhHRiAyQATN1AmY4hwzxJKPmYf+w==
    dependencies:
      is-typed-array "^1.1.13"
  
  is-date-object@^1.0.1:
    version "1.0.5"
    resolved "https://registry.npmmirror.com/is-date-object/-/is-date-object-1.0.5.tgz#0841d5536e724c25597bf6ea62e1bd38298df31f"
    integrity sha512-9YQaSxsAiSwcvS33MBk3wTCVnWK+HhF8VZR2jRxehM16QcVOdHqPn4VPHmRK4lSr38n9JriurInLcP90xsYNfQ==
    dependencies:
      has-tostringtag "^1.0.0"
  
  is-docker@^2.0.0, is-docker@^2.1.1:
    version "2.2.1"
    resolved "https://registry.npmmirror.com/is-docker/-/is-docker-2.2.1.tgz#33eeabe23cfe86f14bde4408a02c0cfb853acdaa"
    integrity sha512-F+i2BKsFrH66iaUFc0woD8sLy8getkwTwtOBjvs56Cx4CgJDeKQeqfz8wAYiSb8JOprWhHH5p77PbmYCvvUuXQ==
  
  is-extglob@^2.1.1:
    version "2.1.1"
    resolved "https://registry.npmmirror.com/is-extglob/-/is-extglob-2.1.1.tgz#a88c02535791f02ed37c76a1b9ea9773c833f8c2"
    integrity sha512-SbKbANkN603Vi4jEZv49LeVJMn4yGwsbzZworEoyEiutsN3nJYdbO36zfhGJ6QEDpOZIFkDtnq5JRxmvl3jsoQ==
  
  is-glob@^4.0.0, is-glob@^4.0.1, is-glob@^4.0.3, is-glob@~4.0.1:
    version "4.0.3"
    resolved "https://registry.npmmirror.com/is-glob/-/is-glob-4.0.3.tgz#64f61e42cbbb2eec2071a9dac0b28ba1e65d5084"
    integrity sha512-xelSayHH36ZgE7ZWhli7pW34hNbNl8Ojv5KVmkJD4hBdD3th8Tfk9vYasLM+mXWOZhFkgZfxhLSnrwRr4elSSg==
    dependencies:
      is-extglob "^2.1.1"
  
  is-negative-zero@^2.0.3:
    version "2.0.3"
    resolved "https://registry.npmmirror.com/is-negative-zero/-/is-negative-zero-2.0.3.tgz#ced903a027aca6381b777a5743069d7376a49747"
    integrity sha512-5KoIu2Ngpyek75jXodFvnafB6DJgr3u8uuK0LEZJjrU19DrMD3EVERaR8sjz8CCGgpZvxPl9SuE1GMVPFHx1mw==
  
  is-number-object@^1.0.4:
    version "1.0.7"
    resolved "https://registry.npmmirror.com/is-number-object/-/is-number-object-1.0.7.tgz#59d50ada4c45251784e9904f5246c742f07a42fc"
    integrity sha512-k1U0IRzLMo7ZlYIfzRu23Oh6MiIFasgpb9X76eqfFZAqwH44UI4KTBvBYIZ1dSL9ZzChTB9ShHfLkR4pdW5krQ==
    dependencies:
      has-tostringtag "^1.0.0"
  
  is-number@^7.0.0:
    version "7.0.0"
    resolved "https://registry.npmmirror.com/is-number/-/is-number-7.0.0.tgz#7535345b896734d5f80c4d06c50955527a14f12b"
    integrity sha512-41Cifkg6e8TylSpdtTpeLVMqvSBEVzTttHvERD741+pnZ8ANv0004MRL43QKPDlK9cGvNp6NZWZUBlbGXYxxng==
  
  is-path-cwd@^2.0.0:
    version "2.2.0"
    resolved "https://registry.npmmirror.com/is-path-cwd/-/is-path-cwd-2.2.0.tgz#67d43b82664a7b5191fd9119127eb300048a9fdb"
    integrity sha512-w942bTcih8fdJPJmQHFzkS76NEP8Kzzvmw92cXsazb8intwLqPibPPdXf4ANdKV3rYMuuQYGIWtvz9JilB3NFQ==
  
  is-path-in-cwd@^2.0.0:
    version "2.1.0"
    resolved "https://registry.npmmirror.com/is-path-in-cwd/-/is-path-in-cwd-2.1.0.tgz#bfe2dca26c69f397265a4009963602935a053acb"
    integrity sha512-rNocXHgipO+rvnP6dk3zI20RpOtrAM/kzbB258Uw5BWr3TpXi861yzjo16Dn4hUox07iw5AyeMLHWsujkjzvRQ==
    dependencies:
      is-path-inside "^2.1.0"
  
  is-path-inside@^2.1.0:
    version "2.1.0"
    resolved "https://registry.npmmirror.com/is-path-inside/-/is-path-inside-2.1.0.tgz#7c9810587d659a40d27bcdb4d5616eab059494b2"
    integrity sha512-wiyhTzfDWsvwAW53OBWF5zuvaOGlZ6PwYxAbPVDhpm+gM09xKQGjBq/8uYN12aDvMxnAnq3dxTyoSoRNmg5YFg==
    dependencies:
      path-is-inside "^1.0.2"
  
  is-path-inside@^3.0.3:
    version "3.0.3"
    resolved "https://registry.npmmirror.com/is-path-inside/-/is-path-inside-3.0.3.tgz#d231362e53a07ff2b0e0ea7fed049161ffd16283"
    integrity sha512-Fd4gABb+ycGAmKou8eMftCupSir5lRxqf4aD/vd0cD2qc4HL07OjCeuHMr8Ro4CoMaeCKDB0/ECBOVWjTwUvPQ==
  
  is-plain-obj@^3.0.0:
    version "3.0.0"
    resolved "https://registry.npmmirror.com/is-plain-obj/-/is-plain-obj-3.0.0.tgz#af6f2ea14ac5a646183a5bbdb5baabbc156ad9d7"
    integrity sha512-gwsOE28k+23GP1B6vFl1oVh/WOzmawBrKwo5Ev6wMKzPkaXaCDIQKzLnvsA42DRlbVTWorkgTKIviAKCWkfUwA==
  
  is-plain-object@^2.0.4:
    version "2.0.4"
    resolved "https://registry.npmmirror.com/is-plain-object/-/is-plain-object-2.0.4.tgz#2c163b3fafb1b606d9d17928f05c2a1c38e07677"
    integrity sha512-h5PpgXkWitc38BBMYawTYMWJHFZJVnBquFE57xFpjB8pJFiF6gZ+bU+WyI/yqXiFR5mdLsgYNaPe8uao6Uv9Og==
    dependencies:
      isobject "^3.0.1"
  
  is-regex@^1.1.4:
    version "1.1.4"
    resolved "https://registry.npmmirror.com/is-regex/-/is-regex-1.1.4.tgz#eef5663cd59fa4c0ae339505323df6854bb15958"
    integrity sha512-kvRdxDsxZjhzUX07ZnLydzS1TU/TJlTUHHY4YLL87e37oUA49DfkLqgy+VjFocowy29cKvcSiu+kIv728jTTVg==
    dependencies:
      call-bind "^1.0.2"
      has-tostringtag "^1.0.0"
  
  is-shared-array-buffer@^1.0.2, is-shared-array-buffer@^1.0.3:
    version "1.0.3"
    resolved "https://registry.npmmirror.com/is-shared-array-buffer/-/is-shared-array-buffer-1.0.3.tgz#1237f1cba059cdb62431d378dcc37d9680181688"
    integrity sha512-nA2hv5XIhLR3uVzDDfCIknerhx8XUKnstuOERPNNIinXG7v9u+ohXF67vxm4TPTEPU6lm61ZkwP3c9PCB97rhg==
    dependencies:
      call-bind "^1.0.7"
  
  is-stream@^1.0.1:
    version "1.1.0"
    resolved "https://registry.npmmirror.com/is-stream/-/is-stream-1.1.0.tgz#12d4a3dd4e68e0b79ceb8dbc84173ae80d91ca44"
    integrity sha512-uQPm8kcs47jx38atAcWTVxyltQYoPT68y9aWYdV6yWXSyW8mzSat0TL6CiWdZeCdF3KrAvpVtnHbTv4RN+rqdQ==
  
  is-stream@^2.0.0:
    version "2.0.1"
    resolved "https://registry.npmmirror.com/is-stream/-/is-stream-2.0.1.tgz#fac1e3d53b97ad5a9d0ae9cef2389f5810a5c077"
    integrity sha512-hFoiJiTl63nn+kstHGBtewWSKnQLpyb155KHheA1l39uvtO9nWIop1p3udqPcUd/xbF1VLMO4n7OI6p7RbngDg==
  
  is-string@^1.0.5, is-string@^1.0.7:
    version "1.0.7"
    resolved "https://registry.npmmirror.com/is-string/-/is-string-1.0.7.tgz#0dd12bf2006f255bb58f695110eff7491eebc0fd"
    integrity sha512-tE2UXzivje6ofPW7l23cjDOMa09gb7xlAqG6jG5ej6uPV32TlWP3NKPigtaGeHNu9fohccRYvIiZMfOOnOYUtg==
    dependencies:
      has-tostringtag "^1.0.0"
  
  is-symbol@^1.0.2, is-symbol@^1.0.3:
    version "1.0.4"
    resolved "https://registry.npmmirror.com/is-symbol/-/is-symbol-1.0.4.tgz#a6dac93b635b063ca6872236de88910a57af139c"
    integrity sha512-C/CPBqKWnvdcxqIARxyOh4v1UUEOCHpgDa0WYgpKDFMszcrPcffg5uhwSgPCLD2WWxmq6isisz87tzT01tuGhg==
    dependencies:
      has-symbols "^1.0.2"
  
  is-typed-array@^1.1.13:
    version "1.1.13"
    resolved "https://registry.npmmirror.com/is-typed-array/-/is-typed-array-1.1.13.tgz#d6c5ca56df62334959322d7d7dd1cca50debe229"
    integrity sha512-uZ25/bUAlUY5fR4OKT4rZQEBrzQWYV9ZJYGGsUmEJ6thodVJ1HX64ePQ6Z0qPWP+m+Uq6e9UugrE38jeYsDSMw==
    dependencies:
      which-typed-array "^1.1.14"
  
  is-weakref@^1.0.2:
    version "1.0.2"
    resolved "https://registry.npmmirror.com/is-weakref/-/is-weakref-1.0.2.tgz#9529f383a9338205e89765e0392efc2f100f06f2"
    integrity sha512-qctsuLZmIQ0+vSSMfoVvyFe2+GSEvnmZ2ezTup1SBse9+twCCeial6EEi3Nc2KFcf6+qz2FBPnjXsk8xhKSaPQ==
    dependencies:
      call-bind "^1.0.2"
  
  is-what@^3.14.1:
    version "3.14.1"
    resolved "https://registry.npmmirror.com/is-what/-/is-what-3.14.1.tgz#e1222f46ddda85dead0fd1c9df131760e77755c1"
    integrity sha512-sNxgpk9793nzSs7bA6JQJGeIuRBQhAaNGG77kzYQgMkrID+lS6SlK07K5LaptscDlSaIgH+GPFzf+d75FVxozA==
  
  is-wsl@^2.2.0:
    version "2.2.0"
    resolved "https://registry.npmmirror.com/is-wsl/-/is-wsl-2.2.0.tgz#74a4c76e77ca9fd3f932f290c17ea326cd157271"
    integrity sha512-fKzAra0rGJUUBwGBgNkHZuToZcn+TtXHpeCgmkMJMMYx1sQDYaCSyjJBSCa2nH1DGm7s3n1oBnohoVTBaN7Lww==
    dependencies:
      is-docker "^2.0.0"
  
  isarray@0.0.1:
    version "0.0.1"
    resolved "https://registry.npmmirror.com/isarray/-/isarray-0.0.1.tgz#8a18acfca9a8f4177e09abfc6038939b05d1eedf"
    integrity sha512-D2S+3GLxWH+uhrNEcoh/fnmYeP8E8/zHl644d/jdA0g2uyXvy3sb0qxotE+ne0LtccHknQzWwZEzhak7oJ0COQ==
  
  isarray@^2.0.5:
    version "2.0.5"
    resolved "https://registry.npmmirror.com/isarray/-/isarray-2.0.5.tgz#8af1e4c1221244cc62459faf38940d4e644a5723"
    integrity sha512-xHjhDr3cNBK0BzdUJSPXZntQUx/mwMS5Rw4A7lPJ90XGAO6ISP/ePDNuo0vhqOZU+UD5JoodwCAAoZQd3FeAKw==
  
  isarray@~1.0.0:
    version "1.0.0"
    resolved "https://registry.npmmirror.com/isarray/-/isarray-1.0.0.tgz#bb935d48582cba168c06834957a54a3e07124f11"
    integrity sha512-VLghIWNM6ELQzo7zwmcg0NmTVyWKYjvIeM83yjp0wRDTmUnrM678fQbcKBo6n2CJEF0szoG//ytg+TKla89ALQ==
  
  isexe@^2.0.0:
    version "2.0.0"
    resolved "https://registry.npmmirror.com/isexe/-/isexe-2.0.0.tgz#e8fbf374dc556ff8947a10dcb0572d633f2cfa10"
    integrity sha512-RHxMLp9lnKHGHRng9QFhRCMbYAcVpn69smSGcq3f36xjgVVWThj4qqLbTLlq7Ssj8B+fIQ1EuCEGI2lKsyQeIw==
  
  isobject@^3.0.1:
    version "3.0.1"
    resolved "https://registry.npmmirror.com/isobject/-/isobject-3.0.1.tgz#4e431e92b11a9731636aa1f9c8d1ccbcfdab78df"
    integrity sha512-WhB9zCku7EGTj/HQQRz5aUQEUeoQZH2bWcltRErOpymJ4boYE6wL9Tbr23krRPSZ+C5zqNSrSw+Cc7sZZ4b7vg==
  
  isomorphic-fetch@^2.1.1:
    version "2.2.1"
    resolved "https://registry.npmmirror.com/isomorphic-fetch/-/isomorphic-fetch-2.2.1.tgz#611ae1acf14f5e81f729507472819fe9733558a9"
    integrity sha512-9c4TNAKYXM5PRyVcwUZrF3W09nQ+sO7+jydgs4ZGW9dhsLG2VOlISJABombdQqQRXCwuYG3sYV/puGf5rp0qmA==
    dependencies:
      node-fetch "^1.0.1"
      whatwg-fetch ">=0.10.0"
  
  jest-worker@^27.4.5:
    version "27.5.1"
    resolved "https://registry.npmmirror.com/jest-worker/-/jest-worker-27.5.1.tgz#8d146f0900e8973b106b6f73cc1e9a8cb86f8db0"
    integrity sha512-7vuh85V5cdDofPyxn58nrPjBktZo0u9x1g8WtjQol+jZDaE+fhN+cIvTj11GndBnMnyfrUOG1sZQxCdjKh+DKg==
    dependencies:
      "@types/node" "*"
      merge-stream "^2.0.0"
      supports-color "^8.0.0"
  
  jiti@^1.20.0:
    version "1.21.0"
    resolved "https://registry.npmmirror.com/jiti/-/jiti-1.21.0.tgz#7c97f8fe045724e136a397f7340475244156105d"
    integrity sha512-gFqAIbuKyyso/3G2qhiO2OM6shY6EPP/R0+mkDbyspxKazh8BXDC5FiFsUjlczgdNz/vfra0da2y+aHrusLG/Q==
  
  js-cookie@^2.x.x:
    version "2.2.1"
    resolved "https://registry.npmmirror.com/js-cookie/-/js-cookie-2.2.1.tgz#69e106dc5d5806894562902aa5baec3744e9b2b8"
    integrity sha512-HvdH2LzI/EAZcUwA8+0nKNtWHqS+ZmijLA30RwZA0bo7ToCckjK5MkGhjED9KoRcXO6BaGI3I9UIzSA1FKFPOQ==
  
  "js-tokens@^3.0.0 || ^4.0.0", js-tokens@^4.0.0:
    version "4.0.0"
    resolved "https://registry.npmmirror.com/js-tokens/-/js-tokens-4.0.0.tgz#19203fb59991df98e3a287050d4647cdeaf32499"
    integrity sha512-RdJUflcE3cUzKiMqQgsCu06FPu9UdIJO0beYbPhHN4k6apgJtifcoCtT9bcxOpYBtpD2kCM6Sbzg4CausW/PKQ==
  
  js-yaml@^3.13.1:
    version "3.14.1"
    resolved "https://registry.npmmirror.com/js-yaml/-/js-yaml-3.14.1.tgz#dae812fdb3825fa306609a8717383c50c36a0537"
    integrity sha512-okMH7OXXJ7YrN9Ok3/SXrnu4iX9yOk+25nqX4imS2npuvTYDmo/QEZoqwZkYaIDk3jVvBOTOIEgEhaLOynBS9g==
    dependencies:
      argparse "^1.0.7"
      esprima "^4.0.0"
  
  js-yaml@^4.1.0:
    version "4.1.0"
    resolved "https://registry.npmmirror.com/js-yaml/-/js-yaml-4.1.0.tgz#c1fb65f8f5017901cdd2c951864ba18458a10602"
    integrity sha512-wpxZs9NoxZaJESJGIZTyDEaYpl0FKSA+FB9aJiyemKhMwkxQg63h4T1KJgUGHpTqPDNRcmmYLugrRjJlBtWvRA==
    dependencies:
      argparse "^2.0.1"
  
  jsesc@^2.5.1:
    version "2.5.2"
    resolved "https://registry.npmmirror.com/jsesc/-/jsesc-2.5.2.tgz#80564d2e483dacf6e8ef209650a67df3f0c283a4"
    integrity sha512-OYu7XEzjkCQ3C5Ps3QIZsQfNpqoJyZZA99wd9aWd05NCtC5pWOkShK2mkL6HXQR6/Cy2lbNdPlZBpuQHXE63gA==
  
  jsesc@~0.5.0:
    version "0.5.0"
    resolved "https://registry.npmmirror.com/jsesc/-/jsesc-0.5.0.tgz#e7dee66e35d6fc16f710fe91d5cf69f70f08911d"
    integrity sha512-uZz5UnB7u4T9LvwmFqXii7pZSouaRPorGs5who1Ip7VO0wxanFvBL7GkM6dTHlgX+jhBApRetaWpnDabOeTcnA==
  
  json-buffer@3.0.1:
    version "3.0.1"
    resolved "https://registry.npmmirror.com/json-buffer/-/json-buffer-3.0.1.tgz#9338802a30d3b6605fbe0613e094008ca8c05a13"
    integrity sha512-4bV5BfR2mqfQTJm+V5tPPdf+ZpuhiIvTuAB5g8kcrXOZpTT/QwwVRWBywX1ozr6lEuPdbHxwaJlm9G6mI2sfSQ==
  
  json-parse-even-better-errors@^2.3.0, json-parse-even-better-errors@^2.3.1:
    version "2.3.1"
    resolved "https://registry.npmmirror.com/json-parse-even-better-errors/-/json-parse-even-better-errors-2.3.1.tgz#7c47805a94319928e05777405dc12e1f7a4ee02d"
    integrity sha512-xyFwyhro/JEof6Ghe2iz2NcXoj2sloNsWr/XsERDK/oiPCfaNhl5ONfp+jQdAZRQQ0IJWNzH9zIZF7li91kh2w==
  
  json-schema-traverse@^0.4.1:
    version "0.4.1"
    resolved "https://registry.npmmirror.com/json-schema-traverse/-/json-schema-traverse-0.4.1.tgz#69f6a87d9513ab8bb8fe63bdb0979c448e684660"
    integrity sha512-xbbCH5dCYU5T8LcEhhuh7HJ88HXuW3qsI3Y0zOZFKfZEHcpWiHU/Jxzk629Brsab/mMiHQti9wMP+845RPe3Vg==
  
  json-schema-traverse@^1.0.0:
    version "1.0.0"
    resolved "https://registry.npmmirror.com/json-schema-traverse/-/json-schema-traverse-1.0.0.tgz#ae7bcb3656ab77a73ba5c49bf654f38e6b6860e2"
    integrity sha512-NM8/P9n3XjXhIZn1lLhkFaACTOURQXjWhV4BA/RnOv8xvgqtqpAX9IO4mRQxSx1Rlo4tqzeqb0sOlruaOy3dug==
  
  json-stable-stringify-without-jsonify@^1.0.1:
    version "1.0.1"
    resolved "https://registry.npmmirror.com/json-stable-stringify-without-jsonify/-/json-stable-stringify-without-jsonify-1.0.1.tgz#9db7b59496ad3f3cfef30a75142d2d930ad72651"
    integrity sha512-Bdboy+l7tA3OGW6FjyFHWkP5LuByj1Tk33Ljyq0axyzdk9//JSi2u3fP1QSmd1KNwq6VOKYGlAu87CisVir6Pw==
  
  json2mq@^0.2.0:
    version "0.2.0"
    resolved "https://registry.npmmirror.com/json2mq/-/json2mq-0.2.0.tgz#b637bd3ba9eabe122c83e9720483aeb10d2c904a"
    integrity sha512-SzoRg7ux5DWTII9J2qkrZrqV1gt+rTaoufMxEzXbS26Uid0NwaJd123HcoB80TgubEppxxIGdNxCx50fEoEWQA==
    dependencies:
      string-convert "^0.2.0"
  
  json5@^2.1.2, json5@^2.2.3:
    version "2.2.3"
    resolved "https://registry.npmmirror.com/json5/-/json5-2.2.3.tgz#78cd6f1a19bdc12b73db5ad0c61efd66c1e29283"
    integrity sha512-XmOWe7eyHYH14cLdVPoyg+GOH3rYX++KpzrylJwSW98t3Nk+U8XOl8FWKOgwtzdb8lXGf6zYwDUzeHMWfxasyg==
  
  jsplumb@^2.15.6:
    version "2.15.6"
    resolved "https://registry.npmmirror.com/jsplumb/-/jsplumb-2.15.6.tgz#16d97a195a52cc8e4227d9e29971ff82b83e8faf"
    integrity sha512-sIpbpz5eMVM+vV+MQzFCidlaa1RsknrQs6LOTKYDjYUDdTAi2AN2bFi94TxB33TifcIsRNV1jebcaxg0tCoPzg==
  
  keyv@^4.5.3:
    version "4.5.4"
    resolved "https://registry.npmmirror.com/keyv/-/keyv-4.5.4.tgz#a879a99e29452f942439f2a405e3af8b31d4de93"
    integrity sha512-oxVHkHR/EJf2CNXnWxRLW6mg7JyCCUcG0DtEGmL2ctUo1PNTin1PUil+r/+4r5MpVgC/fn1kjsx7mjSujKqIpw==
    dependencies:
      json-buffer "3.0.1"
  
  kind-of@^6.0.2:
    version "6.0.3"
    resolved "https://registry.npmmirror.com/kind-of/-/kind-of-6.0.3.tgz#07c05034a6c349fa06e24fa35aa76db4580ce4dd"
    integrity sha512-dcS1ul+9tmeD95T+x28/ehLgd9mENa3LsvDTtzm3vyBEO7RPptvAD+t44WVXaUjTBRcrpFeFlC8WCruUR456hw==
  
  klona@^2.0.4:
    version "2.0.6"
    resolved "https://registry.npmmirror.com/klona/-/klona-2.0.6.tgz#85bffbf819c03b2f53270412420a4555ef882e22"
    integrity sha512-dhG34DXATL5hSxJbIexCft8FChFXtmskoZYnoPWjXQuebWYCNkVeV3KkGegCK9CP1oswI/vQibS2GY7Em/sJJA==
  
  launch-editor@^2.6.0:
    version "2.6.1"
    resolved "https://registry.npmmirror.com/launch-editor/-/launch-editor-2.6.1.tgz#f259c9ef95cbc9425620bbbd14b468fcdb4ffe3c"
    integrity sha512-eB/uXmFVpY4zezmGp5XtU21kwo7GBbKB+EQ+UZeWtGb9yAM5xt/Evk+lYH3eRNAtId+ej4u7TYPFZ07w4s7rRw==
    dependencies:
      picocolors "^1.0.0"
      shell-quote "^1.8.1"
  
  less-loader@^10.0.1:
    version "10.2.0"
    resolved "https://registry.npmmirror.com/less-loader/-/less-loader-10.2.0.tgz#97286d8797dc3dc05b1d16b0ecec5f968bdd4e32"
    integrity sha512-AV5KHWvCezW27GT90WATaDnfXBv99llDbtaj4bshq6DvAihMdNjaPDcUMa6EXKLRF+P2opFenJp89BXg91XLYg==
    dependencies:
      klona "^2.0.4"
  
  less-plugin-functions@^1.0.0:
    version "1.0.0"
    resolved "https://registry.npmmirror.com/less-plugin-functions/-/less-plugin-functions-1.0.0.tgz#c4fe10f681aae0a806daf9f412d20f013e10d247"
    integrity sha512-b4uburxseatVvycnRjzPOB4AvCmrwhwWh48MUHlE+itWinNm+Ipd2ADVHB3FyS0L4W+/mzofLNwr9lhvofuRIg==
  
  less@^4.1.3:
    version "4.2.0"
    resolved "https://registry.npmmirror.com/less/-/less-4.2.0.tgz#cbefbfaa14a4cd388e2099b2b51f956e1465c450"
    integrity sha512-P3b3HJDBtSzsXUl0im2L7gTO5Ubg8mEN6G8qoTS77iXxXX4Hvu4Qj540PZDvQ8V6DmX6iXo98k7Md0Cm1PrLaA==
    dependencies:
      copy-anything "^2.0.1"
      parse-node-version "^1.0.1"
      tslib "^2.3.0"
    optionalDependencies:
      errno "^0.1.1"
      graceful-fs "^4.1.2"
      image-size "~0.5.0"
      make-dir "^2.1.0"
      mime "^1.4.1"
      needle "^3.1.0"
      source-map "~0.6.0"
  
  levn@^0.4.1:
    version "0.4.1"
    resolved "https://registry.npmmirror.com/levn/-/levn-0.4.1.tgz#ae4562c007473b932a6200d403268dd2fffc6ade"
    integrity sha512-+bT2uH4E5LGE7h/n3evcS/sQlJXCpIp6ym8OWJ5eV6+67Dsql/LaaT7qJBAt2rzfoa/5QBGBhxDix1dMt2kQKQ==
    dependencies:
      prelude-ls "^1.2.1"
      type-check "~0.4.0"
  
  lines-and-columns@^1.1.6:
    version "1.2.4"
    resolved "https://registry.npmmirror.com/lines-and-columns/-/lines-and-columns-1.2.4.tgz#eca284f75d2965079309dc0ad9255abb2ebc1632"
    integrity sha512-7ylylesZQ/PV29jhEDl3Ufjo6ZX7gCqJr5F7PKrqc93v7fzSymt1BpwEU8nAUXs8qzzvqhbjhK5QZg6Mt/HkBg==
  
  loader-runner@^4.2.0:
    version "4.3.0"
    resolved "https://registry.npmmirror.com/loader-runner/-/loader-runner-4.3.0.tgz#c1b4a163b99f614830353b16755e7149ac2314e1"
    integrity sha512-3R/1M+yS3j5ou80Me59j7F9IMs4PXs3VqRrm0TU3AbKPxlmpoY1TNscJV/oGJXo8qCatFGTfDbY6W6ipGOYXfg==
  
  loader-utils@^2.0.0:
    version "2.0.4"
    resolved "https://registry.npmmirror.com/loader-utils/-/loader-utils-2.0.4.tgz#8b5cb38b5c34a9a018ee1fc0e6a066d1dfcc528c"
    integrity sha512-xXqpXoINfFhgua9xiqD8fPFHgkoq1mmmpE92WlDbm9rNRd/EbRb+Gqf908T2DMfuHjjJlksiK2RbHVOdD/MqSw==
    dependencies:
      big.js "^5.2.2"
      emojis-list "^3.0.0"
      json5 "^2.1.2"
  
  locate-path@^5.0.0:
    version "5.0.0"
    resolved "https://registry.npmmirror.com/locate-path/-/locate-path-5.0.0.tgz#1afba396afd676a6d42504d0a67a3a7eb9f62aa0"
    integrity sha512-t7hw9pI+WvuwNJXwk5zVHpyhIqzg2qTlklJOf0mVxGSbe3Fp2VieZcduNYjaLDoy6p9uGpQEGWG87WpMKlNq8g==
    dependencies:
      p-locate "^4.1.0"
  
  locate-path@^6.0.0:
    version "6.0.0"
    resolved "https://registry.npmmirror.com/locate-path/-/locate-path-6.0.0.tgz#55321eb309febbc59c4801d931a72452a681d286"
    integrity sha512-iPZK6eYjbxRu3uB4/WZ3EsEIMJFMqAoopl3R+zuq0UjcAm/MO6KCweDgPfP3elTztoKP3KtnVHxTn2NHBSDVUw==
    dependencies:
      p-locate "^5.0.0"
  
  locate-path@^7.1.0:
    version "7.2.0"
    resolved "https://registry.npmmirror.com/locate-path/-/locate-path-7.2.0.tgz#69cb1779bd90b35ab1e771e1f2f89a202c2a8a8a"
    integrity sha512-gvVijfZvn7R+2qyPX8mAuKcFGDf6Nc61GdvGafQsHL0sBIxfKzA+usWn4GFC/bk+QdwPUD4kWFJLhElipq+0VA==
    dependencies:
      p-locate "^6.0.0"
  
  lodash-es@^4.17.15, lodash-es@^4.17.21:
    version "4.17.21"
    resolved "https://registry.npmmirror.com/lodash-es/-/lodash-es-4.17.21.tgz#43e626c46e6591b7750beb2b50117390c609e3ee"
    integrity sha512-mKnC+QJ9pWVzv+C4/U3rRsHapFfHvQFoFB92e52xeyGMcX6/OlIl78je1u8vePzYZSkkogMPJ2yjxxsb89cxyw==
  
  lodash.debounce@^4.0.8:
    version "4.0.8"
    resolved "https://registry.npmmirror.com/lodash.debounce/-/lodash.debounce-4.0.8.tgz#82d79bff30a67c4005ffd5e2515300ad9ca4d7af"
    integrity sha512-FT1yDzDYEoYWhnSGnpE/4Kj1fLZkDFyqRb7fNt6FdYOSxlUWAtp42Eh6Wb0rGIv/m9Bgo7x4GhQbm5Ys4SG5ow==
  
  lodash.merge@^4.6.2:
    version "4.6.2"
    resolved "https://registry.npmmirror.com/lodash.merge/-/lodash.merge-4.6.2.tgz#558aa53b43b661e1925a0afdfa36a9a1085fe57a"
    integrity sha512-0KpjqXRVvrYyCsX1swR/XTK0va6VQkQM6MNo7PqW77ByjAhoARA8EfrP1N4+KlKj8YS0ZUCtRT/YUuhyYDujIQ==
  
  lodash@^4.0.1, lodash@^4.17.11, lodash@^4.17.15, lodash@^4.17.21:
    version "4.17.21"
    resolved "https://registry.npmmirror.com/lodash/-/lodash-4.17.21.tgz#679591c564c3bffaae8454cf0b3df370c3d6911c"
    integrity sha512-v2kDEe57lecTulaDIuNTPy3Ry4gLGJ6Z1O3vE1krgXZNrsQ+LFTGHVxVjcXPs17LhbZVGedAJv8XZ1tvj5FvSg==
  
  loose-envify@^1.0.0, loose-envify@^1.1.0, loose-envify@^1.2.0, loose-envify@^1.3.1, loose-envify@^1.4.0:
    version "1.4.0"
    resolved "https://registry.npmmirror.com/loose-envify/-/loose-envify-1.4.0.tgz#71ee51fa7be4caec1a63839f7e682d8132d30caf"
    integrity sha512-lyuxPGr/Wfhrlem2CL/UcnUc1zcqKAImBDzukY7Y5F/yQiNdko6+fRLevlw1HgMySw7f611UIY408EtxRSoK3Q==
    dependencies:
      js-tokens "^3.0.0 || ^4.0.0"
  
  lru-cache@^5.1.1:
    version "5.1.1"
    resolved "https://registry.npmmirror.com/lru-cache/-/lru-cache-5.1.1.tgz#1da27e6710271947695daf6848e847f01d84b920"
    integrity sha512-KpNARQA3Iwv+jTA0utUVVbrh+Jlrr1Fv0e56GGzAFOXN7dk/FviaDW8LHmK52DlcH4WP2n6gI8vN1aesBFgo9w==
    dependencies:
      yallist "^3.0.2"
  
  make-dir@^2.1.0:
    version "2.1.0"
    resolved "https://registry.npmmirror.com/make-dir/-/make-dir-2.1.0.tgz#5f0310e18b8be898cc07009295a30ae41e91e6f5"
    integrity sha512-LS9X+dc8KLxXCb8dni79fLIIUA5VyZoyjSMCwTluaXA0o27cCK0bhXkpgw+sTXVpPy/lSO57ilRixqk0vDmtRA==
    dependencies:
      pify "^4.0.1"
      semver "^5.6.0"
  
  material-colors@^1.2.1:
    version "1.2.6"
    resolved "https://registry.npmmirror.com/material-colors/-/material-colors-1.2.6.tgz#6d1958871126992ceecc72f4bcc4d8f010865f46"
    integrity sha512-6qE4B9deFBIa9YSpOc9O0Sgc43zTeVYbgDT5veRKSlB2+ZuHNoVVxA1L/ckMUayV9Ay9y7Z/SZCLcGteW9i7bg==
  
  mdn-data@2.0.14:
    version "2.0.14"
    resolved "https://registry.npmmirror.com/mdn-data/-/mdn-data-2.0.14.tgz#7113fc4281917d63ce29b43446f701e68c25ba50"
    integrity sha512-dn6wd0uw5GsdswPFfsgMp5NSB0/aDe6fK94YJV/AJDYXL6HVLWBsxeq7js7Ad+mU2K9LAlwpk6kN2D5mwCPVow==
  
  mdn-data@2.0.4:
    version "2.0.4"
    resolved "https://registry.npmmirror.com/mdn-data/-/mdn-data-2.0.4.tgz#699b3c38ac6f1d728091a64650b65d388502fd5b"
    integrity sha512-iV3XNKw06j5Q7mi6h+9vbx23Tv7JkjEVgKHW4pimwyDGWm0OIQntJJ+u1C6mg6mK1EaTv42XQ7w76yuzH7M2cA==
  
  media-typer@0.3.0:
    version "0.3.0"
    resolved "https://registry.npmmirror.com/media-typer/-/media-typer-0.3.0.tgz#8710d7af0aa626f8fffa1ce00168545263255748"
    integrity sha512-dq+qelQ9akHpcOl/gUVRTxVIOkAJ1wR3QAvb4RsVjS8oVoFjDGTc679wJYmUmknUF5HwMLOgb5O+a3KxfWapPQ==
  
  memfs@^3.4.3:
    version "3.6.0"
    resolved "https://registry.npmmirror.com/memfs/-/memfs-3.6.0.tgz#d7a2110f86f79dd950a8b6df6d57bc984aa185f6"
    integrity sha512-EGowvkkgbMcIChjMTMkESFDbZeSh8xZ7kNSF0hAiAN4Jh6jgHCRS0Ga/+C8y6Au+oqpezRHCfPsmJ2+DwAgiwQ==
    dependencies:
      fs-monkey "^1.0.4"
  
  "memoize-one@>=3.1.1 <6", memoize-one@^5.0.0, memoize-one@^5.1.1:
    version "5.2.1"
    resolved "https://registry.npmmirror.com/memoize-one/-/memoize-one-5.2.1.tgz#8337aa3c4335581839ec01c3d594090cebe8f00e"
    integrity sha512-zYiwtZUcYyXKo/np96AGZAckk+FWWsUdJ3cHGGmld7+AhvcWmQyGCYUh1hc4Q/pkOhb65dQR/pqCyK0cOaHz4Q==
  
  merge-descriptors@1.0.1:
    version "1.0.1"
    resolved "https://registry.npmmirror.com/merge-descriptors/-/merge-descriptors-1.0.1.tgz#b00aaa556dd8b44568150ec9d1b953f3f90cbb61"
    integrity sha512-cCi6g3/Zr1iqQi6ySbseM1Xvooa98N0w31jzUYrXPX2xqObmFGHJ0tQ5u74H3mVh7wLouTseZyYIq39g8cNp1w==
  
  merge-stream@^2.0.0:
    version "2.0.0"
    resolved "https://registry.npmmirror.com/merge-stream/-/merge-stream-2.0.0.tgz#52823629a14dd00c9770fb6ad47dc6310f2c1f60"
    integrity sha512-abv/qOcuPfk3URPfDzmZU1LKmuw8kT+0nIHvKrKgFrwifol/doWcdA4ZqsWQ8ENrFKkd67Mfpo/LovbIUsbt3w==
  
  methods@~1.1.2:
    version "1.1.2"
    resolved "https://registry.npmmirror.com/methods/-/methods-1.1.2.tgz#5529a4d67654134edcc5266656835b0f851afcee"
    integrity sha512-iclAHeNqNm68zFtnZ0e+1L2yUIdvzNoauKU4WBA3VvH/vPFieF7qfRlwUZU+DA9P9bPXIS90ulxoUoCH23sV2w==
  
  micromatch@^4.0.0, micromatch@^4.0.2:
    version "4.0.5"
    resolved "https://registry.npmmirror.com/micromatch/-/micromatch-4.0.5.tgz#bc8999a7cbbf77cdc89f132f6e467051b49090c6"
    integrity sha512-DMy+ERcEW2q8Z2Po+WNXuw3c5YaUSFjAO5GsJqfEl7UjvtIuFKO6ZrKvcItdy98dwFI2N1tg3zNIdKaQT+aNdA==
    dependencies:
      braces "^3.0.2"
      picomatch "^2.3.1"
  
  mime-db@1.52.0, "mime-db@>= 1.43.0 < 2":
    version "1.52.0"
    resolved "https://registry.npmmirror.com/mime-db/-/mime-db-1.52.0.tgz#bbabcdc02859f4987301c856e3387ce5ec43bf70"
    integrity sha512-sPU4uV7dYlvtWJxwwxHD0PuihVNiE7TyAbQ5SWxDCB9mUYvOgroQOwYQQOKPJ8CIbE+1ETVlOoK1UC2nU3gYvg==
  
  mime-types@^2.1.27, mime-types@^2.1.31, mime-types@~2.1.17, mime-types@~2.1.24, mime-types@~2.1.34:
    version "2.1.35"
    resolved "https://registry.npmmirror.com/mime-types/-/mime-types-2.1.35.tgz#381a871b62a734450660ae3deee44813f70d959a"
    integrity sha512-ZDY+bPm5zTTF+YpCrAU9nK0UgICYPT0QtT1NZWFv4s++TNkcgVaT0g6+4R2uI4MjQjzysHB1zxuWL50hzaeXiw==
    dependencies:
      mime-db "1.52.0"
  
  mime@1.6.0, mime@^1.4.1:
    version "1.6.0"
    resolved "https://registry.npmmirror.com/mime/-/mime-1.6.0.tgz#32cd9e5c64553bd58d19a568af452acff04981b1"
    integrity sha512-x0Vn8spI+wuJ1O6S7gnbaQg8Pxh4NNHb7KSINmEWKiPE4RKOplvijn+NkmYmmRgP68mc70j2EbeTFRsrswaQeg==
  
  mimic-fn@^2.1.0:
    version "2.1.0"
    resolved "https://registry.npmmirror.com/mimic-fn/-/mimic-fn-2.1.0.tgz#7ed2c2ccccaf84d3ffcb7a69b57711fc2083401b"
    integrity sha512-OqbOk5oEQeAZ8WXWydlu9HJjz9WVdEIvamMCcXmuqUYjTknH/sqsWvhQ3vgwKFRR1HpjvNBKQ37nbJgYzGqGcg==
  
  mini-css-extract-plugin@^2.7.6:
    version "2.9.0"
    resolved "https://registry.npmmirror.com/mini-css-extract-plugin/-/mini-css-extract-plugin-2.9.0.tgz#c73a1327ccf466f69026ac22a8e8fd707b78a235"
    integrity sha512-Zs1YsZVfemekSZG+44vBsYTLQORkPMwnlv+aehcxK/NLKC+EGhDB39/YePYYqx/sTk6NnYpuqikhSn7+JIevTA==
    dependencies:
      schema-utils "^4.0.0"
      tapable "^2.2.1"
  
  minimalistic-assert@^1.0.0:
    version "1.0.1"
    resolved "https://registry.npmmirror.com/minimalistic-assert/-/minimalistic-assert-1.0.1.tgz#2e194de044626d4a10e7f7fbc00ce73e83e4d5c7"
    integrity sha512-UtJcAD4yEaGtjPezWuO9wC4nwUnVH/8/Im3yEHQP4b67cXlD/Qr9hdITCU1xDbSEXg2XKNaP8jsReV7vQd00/A==
  
  minimatch@^3.0.5, minimatch@^3.1.1, minimatch@^3.1.2:
    version "3.1.2"
    resolved "https://registry.npmmirror.com/minimatch/-/minimatch-3.1.2.tgz#19cd194bfd3e428f049a70817c038d89ab4be35b"
    integrity sha512-J7p63hRiAjw1NDEww1W7i37+ByIrOWO5XQQAzZ3VOcL0PNybwpfmV/N05zFAzwQ9USyEcX6t3UO+K5aqBQOIHw==
    dependencies:
      brace-expansion "^1.1.7"
  
  minimist@^1.2.6:
    version "1.2.8"
    resolved "https://registry.npmmirror.com/minimist/-/minimist-1.2.8.tgz#c1a464e7693302e082a075cee0c057741ac4772c"
    integrity sha512-2yyAR8qBkN3YuheJanUpWC5U3bb5osDywNB8RzDVlDwDHbocAJveqqj1u8+SVD7jkWT4yvsHCpWqqWqAxb0zCA==
  
  mkdirp@~0.5.1:
    version "0.5.6"
    resolved "https://registry.npmmirror.com/mkdirp/-/mkdirp-0.5.6.tgz#7def03d2432dcae4ba1d611445c48396062255f6"
    integrity sha512-FP+p8RB8OWpF3YZBCrP5gtADmtXApB5AMLn+vdyA+PyxCjrCs00mjyUozssO33cwDeT3wNGdLxJ5M//YqtHAJw==
    dependencies:
      minimist "^1.2.6"
  
  moment@^2.24.0, moment@^2.29.2:
    version "2.30.1"
    resolved "https://registry.npmmirror.com/moment/-/moment-2.30.1.tgz#f8c91c07b7a786e30c59926df530b4eac96974ae"
    integrity sha512-uEmtNhbDOrWPFS+hdjFCBfy9f2YoyzRpwcl+DqpC6taX21FzsTLQVbMV/W7PzNSX6x/bhC1zA3c2UQ5NzH6how==
  
  mrmime@^2.0.0:
    version "2.0.0"
    resolved "https://registry.npmmirror.com/mrmime/-/mrmime-2.0.0.tgz#151082a6e06e59a9a39b46b3e14d5cfe92b3abb4"
    integrity sha512-eu38+hdgojoyq63s+yTpN4XMBdt5l8HhMhc4VKLO9KM5caLIBvUm4thi7fFaxyTmCKeNnXZ5pAlBwCUnhA09uw==
  
  ms@2.0.0:
    version "2.0.0"
    resolved "https://registry.npmmirror.com/ms/-/ms-2.0.0.tgz#5608aeadfc00be6c2901df5f9861788de0d597c8"
    integrity sha512-Tpp60P6IUJDTuOq/5Z8cdskzJujfwqfOTkrwIwj7IRISpnkJnT6SyJ4PCPnGMoFjC9ddhal5KVIYtAt97ix05A==
  
  ms@2.1.2:
    version "2.1.2"
    resolved "https://registry.npmmirror.com/ms/-/ms-2.1.2.tgz#d09d1f357b443f493382a8eb3ccd183872ae6009"
    integrity sha512-sGkPx+VjMtmA6MX27oA4FBFELFCZZ4S4XqeGOXCv68tT+jb3vk/RyaKWP0PTKyWtmLSM0b+adUTEvbs1PEaH2w==
  
  ms@2.1.3:
    version "2.1.3"
    resolved "https://registry.npmmirror.com/ms/-/ms-2.1.3.tgz#574c8138ce1d2b5861f0b44579dbadd60c6615b2"
    integrity sha512-6FlzubTLZG3J2a/NVCAleEhjzq5oxgHyaCU9yYXvcLsvoVaHJq/s5xXI6/XXP6tz7R9xAOtHnSO/tXtF3WRTlA==
  
  multicast-dns@^7.2.5:
    version "7.2.5"
    resolved "https://registry.npmmirror.com/multicast-dns/-/multicast-dns-7.2.5.tgz#77eb46057f4d7adbd16d9290fa7299f6fa64cced"
    integrity sha512-2eznPJP8z2BFLX50tf0LuODrpINqP1RVIm/CObbTcBRITQgmC/TjcREF1NeTBzIcR5XO/ukWo+YHOjBbFwIupg==
    dependencies:
      dns-packet "^5.2.2"
      thunky "^1.0.2"
  
  nanoid@^3.3.7:
    version "3.3.7"
    resolved "https://registry.npmmirror.com/nanoid/-/nanoid-3.3.7.tgz#d0c301a691bc8d54efa0a2226ccf3fe2fd656bd8"
    integrity sha512-eSRppjcPIatRIMC1U6UngP8XFcz8MQWGQdt1MTBQ7NaAmvXDfvNxbvWV3x2y6CdEUciCSsDHDQZbhYaB8QEo2g==
  
  natural-compare@^1.4.0:
    version "1.4.0"
    resolved "https://registry.npmmirror.com/natural-compare/-/natural-compare-1.4.0.tgz#4abebfeed7541f2c27acfb29bdbbd15c8d5ba4f7"
    integrity sha512-OWND8ei3VtNC9h7V60qff3SVobHr996CTwgxubgyQYEpg290h9J0buyECNNJexkFm5sOajh5G116RYA1c8ZMSw==
  
  needle@^3.1.0:
    version "3.3.1"
    resolved "https://registry.npmmirror.com/needle/-/needle-3.3.1.tgz#63f75aec580c2e77e209f3f324e2cdf3d29bd049"
    integrity sha512-6k0YULvhpw+RoLNiQCRKOl09Rv1dPLr8hHnVjHqdolKwDrdNyk+Hmrthi4lIGPPz3r39dLx0hsF5s40sZ3Us4Q==
    dependencies:
      iconv-lite "^0.6.3"
      sax "^1.2.4"
  
  negotiator@0.6.3:
    version "0.6.3"
    resolved "https://registry.npmmirror.com/negotiator/-/negotiator-0.6.3.tgz#58e323a72fedc0d6f9cd4d31fe49f51479590ccd"
    integrity sha512-+EUsqGPLsM+j/zdChZjsnX51g4XrHFOIXwfnCVPGlQk/k5giakcKsuxCObBRu6DSm9opw/O6slWbJdghQM4bBg==
  
  neo-async@^2.6.2:
    version "2.6.2"
    resolved "https://registry.npmmirror.com/neo-async/-/neo-async-2.6.2.tgz#b4aafb93e3aeb2d8174ca53cf163ab7d7308305f"
    integrity sha512-Yd3UES5mWCSqR+qNT93S3UoYUkqAZ9lLg8a7g9rimsWmYGK8cVToA4/sF3RrshdyV3sAGMXVUmpMYOw+dLpOuw==
  
  node-fetch@^1.0.1:
    version "1.7.3"
    resolved "https://registry.npmmirror.com/node-fetch/-/node-fetch-1.7.3.tgz#980f6f72d85211a5347c6b2bc18c5b84c3eb47ef"
    integrity sha512-NhZ4CsKx7cYm2vSrBAr2PvFOe6sWDf0UYLRqA6svUYg7+/TSfVAu49jYC4BvQ4Sms9SZgdqGBgroqfDhJdTyKQ==
    dependencies:
      encoding "^0.1.11"
      is-stream "^1.0.1"
  
  node-forge@^1:
    version "1.3.1"
    resolved "https://registry.npmmirror.com/node-forge/-/node-forge-1.3.1.tgz#be8da2af243b2417d5f646a770663a92b7e9ded3"
    integrity sha512-dPEtOeMvF9VMcYV/1Wb8CPoVAXtp6MKMlcbAt4ddqmGqUJ6fQZFXkNZNkNlfevtNkGtaSoXf/vNNNSvgrdXwtA==
  
  node-releases@^2.0.14:
    version "2.0.14"
    resolved "https://registry.npmmirror.com/node-releases/-/node-releases-2.0.14.tgz#2ffb053bceb8b2be8495ece1ab6ce600c4461b0b"
    integrity sha512-y10wOWt8yZpqXmOgRo77WaHEmhYQYGNA6y421PKsKYWEK8aW+cqAphborZDhqfyKrbZEN92CN1X2KbafY2s7Yw==
  
  normalize-path@^3.0.0, normalize-path@~3.0.0:
    version "3.0.0"
    resolved "https://registry.npmmirror.com/normalize-path/-/normalize-path-3.0.0.tgz#0dcd69ff23a1c9b11fd0978316644a0388216a65"
    integrity sha512-6eZs5Ls3WtCisHWp9S2GUy8dqkpGi4BVSz3GaqiE6ezub0512ESztXUwUB6C6IKbQkY2Pnb/mD4WYojCRwcwLA==
  
  normalize-range@^0.1.2:
    version "0.1.2"
    resolved "https://registry.npmmirror.com/normalize-range/-/normalize-range-0.1.2.tgz#2d10c06bdfd312ea9777695a4d28439456b75942"
    integrity sha512-bdok/XvKII3nUpklnV6P2hxtMNrCboOjAcyBuQnWEhO665FwrSNRxU+AqpsyvO6LgGYPspN+lu5CLtw4jPRKNA==
  
  npm-run-path@^4.0.1:
    version "4.0.1"
    resolved "https://registry.npmmirror.com/npm-run-path/-/npm-run-path-4.0.1.tgz#b7ecd1e5ed53da8e37a55e1c2269e0b97ed748ea"
    integrity sha512-S48WzZW777zhNIrn7gxOlISNAqi9ZC/uQFnRdbeIHhZhCA6UqpkOT8T1G7BvfdgP4Er8gF4sUbaS0i7QvIfCWw==
    dependencies:
      path-key "^3.0.0"
  
  nth-check@^1.0.2:
    version "1.0.2"
    resolved "https://registry.npmmirror.com/nth-check/-/nth-check-1.0.2.tgz#b2bd295c37e3dd58a3bf0700376663ba4d9cf05c"
    integrity sha512-WeBOdju8SnzPN5vTUJYxYUxLeXpCaVP5i5e0LF8fg7WORF2Wd7wFX/pk0tYZk7s8T+J7VLy0Da6J1+wCT0AtHg==
    dependencies:
      boolbase "~1.0.0"
  
  object-assign@^4.0.1, object-assign@^4.1.0, object-assign@^4.1.1:
    version "4.1.1"
    resolved "https://registry.npmmirror.com/object-assign/-/object-assign-4.1.1.tgz#2109adc7965887cfc05cbbd442cac8bfbb360863"
    integrity sha512-rJgTQnkUnH1sFw8yT6VSU3zD3sWmu6sZhIseY8VX+GRu3P6F7Fu+JNDoXfklElbLJSnc3FUQHVe4cU5hj+BcUg==
  
  object-inspect@^1.13.1:
    version "1.13.1"
    resolved "https://registry.npmmirror.com/object-inspect/-/object-inspect-1.13.1.tgz#b96c6109324ccfef6b12216a956ca4dc2ff94bc2"
    integrity sha512-5qoj1RUiKOMsCCNLV1CBiPYE10sziTsnmNxkAI/rZhiD63CF7IqdFGC/XzjWjpSgLf0LxXX3bDFIh0E18f6UhQ==
  
  object-keys@^1.1.1:
    version "1.1.1"
    resolved "https://registry.npmmirror.com/object-keys/-/object-keys-1.1.1.tgz#1c47f272df277f3b1daf061677d9c82e2322c60e"
    integrity sha512-NuAESUOUMrlIXOfHKzD6bpPu3tYt3xvjNdRIQ+FeT0lNb4K8WR70CaDxhuNguS2XG+GjkyMwOzsN5ZktImfhLA==
  
  object.assign@^4.1.5:
    version "4.1.5"
    resolved "https://registry.npmmirror.com/object.assign/-/object.assign-4.1.5.tgz#3a833f9ab7fdb80fc9e8d2300c803d216d8fdbb0"
    integrity sha512-byy+U7gp+FVwmyzKPYhW2h5l3crpmGsxl7X2s8y43IgxvG4g3QZ6CffDtsNQy1WsmZpQbO+ybo0AlW7TY6DcBQ==
    dependencies:
      call-bind "^1.0.5"
      define-properties "^1.2.1"
      has-symbols "^1.0.3"
      object-keys "^1.1.1"
  
  object.getownpropertydescriptors@^2.1.0:
    version "2.1.8"
    resolved "https://registry.npmmirror.com/object.getownpropertydescriptors/-/object.getownpropertydescriptors-2.1.8.tgz#2f1fe0606ec1a7658154ccd4f728504f69667923"
    integrity sha512-qkHIGe4q0lSYMv0XI4SsBTJz3WaURhLvd0lKSgtVuOsJ2krg4SgMw3PIRQFMp07yi++UR3se2mkcLqsBNpBb/A==
    dependencies:
      array.prototype.reduce "^1.0.6"
      call-bind "^1.0.7"
      define-properties "^1.2.1"
      es-abstract "^1.23.2"
      es-object-atoms "^1.0.0"
      gopd "^1.0.1"
      safe-array-concat "^1.1.2"
  
  object.values@^1.1.0:
    version "1.2.0"
    resolved "https://registry.npmmirror.com/object.values/-/object.values-1.2.0.tgz#65405a9d92cee68ac2d303002e0b8470a4d9ab1b"
    integrity sha512-yBYjY9QX2hnRmZHAjG/f13MzmBzxzYgQhFrke06TTyKY5zSTEqkOeukBzIdVA3j3ulu8Qa3MbVFShV7T2RmGtQ==
    dependencies:
      call-bind "^1.0.7"
      define-properties "^1.2.1"
      es-object-atoms "^1.0.0"
  
  obuf@^1.0.0, obuf@^1.1.2:
    version "1.1.2"
    resolved "https://registry.npmmirror.com/obuf/-/obuf-1.1.2.tgz#09bea3343d41859ebd446292d11c9d4db619084e"
    integrity sha512-PX1wu0AmAdPqOL1mWhqmlOd8kOIZQwGZw6rh7uby9fTc5lhaOWFLX3I6R1hrF9k3zUY40e6igsLGkDXK92LJNg==
  
  on-finished@2.4.1:
    version "2.4.1"
    resolved "https://registry.npmmirror.com/on-finished/-/on-finished-2.4.1.tgz#58c8c44116e54845ad57f14ab10b03533184ac3f"
    integrity sha512-oVlzkg3ENAhCk2zdv7IJwd/QUD4z2RxRwpkcGY8psCVcCYZNq4wYnVWALHM+brtuJjePWiYF/ClmuDr8Ch5+kg==
    dependencies:
      ee-first "1.1.1"
  
  on-headers@~1.0.2:
    version "1.0.2"
    resolved "https://registry.npmmirror.com/on-headers/-/on-headers-1.0.2.tgz#772b0ae6aaa525c399e489adfad90c403eb3c28f"
    integrity sha512-pZAE+FJLoyITytdqK0U5s+FIpjN0JP3OzFi/u8Rx+EV5/W+JTWGXG8xFzevE7AjBfDqHv/8vL8qQsIhHnqRkrA==
  
  once@^1.3.0:
    version "1.4.0"
    resolved "https://registry.npmmirror.com/once/-/once-1.4.0.tgz#583b1aa775961d4b113ac17d9c50baef9dd76bd1"
    integrity sha512-lNaJgI+2Q5URQBkccEKHTQOPaXdUxnZZElQTZY0MFUAuaEqe1E+Nyvgdz/aIyNi6Z9MzO5dv1H8n58/GELp3+w==
    dependencies:
      wrappy "1"
  
  onetime@^5.1.2:
    version "5.1.2"
    resolved "https://registry.npmmirror.com/onetime/-/onetime-5.1.2.tgz#d0e96ebb56b07476df1dd9c4806e5237985ca45e"
    integrity sha512-kbpaSSGJTWdAY5KPVeMOKXSrPtr8C8C7wodJbcsd51jRnmD+GZu8Y0VoU6Dm5Z4vWr0Ig/1NKuWRKf7j5aaYSg==
    dependencies:
      mimic-fn "^2.1.0"
  
  open@^8.0.9:
    version "8.4.2"
    resolved "https://registry.npmmirror.com/open/-/open-8.4.2.tgz#5b5ffe2a8f793dcd2aad73e550cb87b59cb084f9"
    integrity sha512-7x81NCL719oNbsq/3mh+hVrAWmFuEYUqrq/Iw3kUzH8ReypT9QQ0BLoJS7/G9k6N81XjW4qHWtjWwe/9eLy1EQ==
    dependencies:
      define-lazy-prop "^2.0.0"
      is-docker "^2.1.1"
      is-wsl "^2.2.0"
  
  opener@^1.5.2:
    version "1.5.2"
    resolved "https://registry.npmmirror.com/opener/-/opener-1.5.2.tgz#5d37e1f35077b9dcac4301372271afdeb2a13598"
    integrity sha512-ur5UIdyw5Y7yEj9wLzhqXiy6GZ3Mwx0yGI+5sMn2r0N0v3cKJvUmFH5yPP+WXh9e0xfyzyJX95D8l088DNFj7A==
  
  optionator@^0.9.3:
    version "0.9.4"
    resolved "https://registry.npmmirror.com/optionator/-/optionator-0.9.4.tgz#7ea1c1a5d91d764fb282139c88fe11e182a3a734"
    integrity sha512-6IpQ7mKUxRcZNLIObR0hz7lxsapSSIYNZJwXPGeF0mTVqGKFIXj1DQcMoT22S3ROcLyY/rz0PWaWZ9ayWmad9g==
    dependencies:
      deep-is "^0.1.3"
      fast-levenshtein "^2.0.6"
      levn "^0.4.1"
      prelude-ls "^1.2.1"
      type-check "^0.4.0"
      word-wrap "^1.2.5"
  
  p-limit@^2.2.0:
    version "2.3.0"
    resolved "https://registry.npmmirror.com/p-limit/-/p-limit-2.3.0.tgz#3dd33c647a214fdfffd835933eb086da0dc21db1"
    integrity sha512-//88mFWSJx8lxCzwdAABTJL2MyWB12+eIY7MDL2SqLmAkeKU9qxRvWuSyTjm3FUmpBEMuFfckAIqEaVGUDxb6w==
    dependencies:
      p-try "^2.0.0"
  
  p-limit@^3.0.2:
    version "3.1.0"
    resolved "https://registry.npmmirror.com/p-limit/-/p-limit-3.1.0.tgz#e1daccbe78d0d1388ca18c64fea38e3e57e3706b"
    integrity sha512-TYOanM3wGwNGsZN2cVTYPArw454xnXj5qmWF1bEoAc4+cU/ol7GVh7odevjp1FNHduHc3KZMcFduxU5Xc6uJRQ==
    dependencies:
      yocto-queue "^0.1.0"
  
  p-limit@^4.0.0:
    version "4.0.0"
    resolved "https://registry.npmmirror.com/p-limit/-/p-limit-4.0.0.tgz#914af6544ed32bfa54670b061cafcbd04984b644"
    integrity sha512-5b0R4txpzjPWVw/cXXUResoD4hb6U/x9BH08L7nw+GN1sezDzPdxeRvpc9c433fZhBan/wusjbCsqwqm4EIBIQ==
    dependencies:
      yocto-queue "^1.0.0"
  
  p-locate@^4.1.0:
    version "4.1.0"
    resolved "https://registry.npmmirror.com/p-locate/-/p-locate-4.1.0.tgz#a3428bb7088b3a60292f66919278b7c297ad4f07"
    integrity sha512-R79ZZ/0wAxKGu3oYMlz8jy/kbhsNrS7SKZ7PxEHBgJ5+F2mtFW2fK2cOtBh1cHYkQsbzFV7I+EoRKe6Yt0oK7A==
    dependencies:
      p-limit "^2.2.0"
  
  p-locate@^5.0.0:
    version "5.0.0"
    resolved "https://registry.npmmirror.com/p-locate/-/p-locate-5.0.0.tgz#83c8315c6785005e3bd021839411c9e110e6d834"
    integrity sha512-LaNjtRWUBY++zB5nE/NwcaoMylSPk+S+ZHNB1TzdbMJMny6dynpAGt7X/tl/QYq3TIeE6nxHppbo2LGymrG5Pw==
    dependencies:
      p-limit "^3.0.2"
  
  p-locate@^6.0.0:
    version "6.0.0"
    resolved "https://registry.npmmirror.com/p-locate/-/p-locate-6.0.0.tgz#3da9a49d4934b901089dca3302fa65dc5a05c04f"
    integrity sha512-wPrq66Llhl7/4AGC6I+cqxT07LhXvWL08LNXz1fENOw0Ap4sRZZ/gZpTTJ5jpurzzzfS2W/Ge9BY3LgLjCShcw==
    dependencies:
      p-limit "^4.0.0"
  
  p-map@^2.0.0:
    version "2.1.0"
    resolved "https://registry.npmmirror.com/p-map/-/p-map-2.1.0.tgz#310928feef9c9ecc65b68b17693018a665cea175"
    integrity sha512-y3b8Kpd8OAN444hxfBbFfj1FY/RjtTd8tzYwhUqNYXx0fXx2iX4maP4Qr6qhIKbQXI02wTLAda4fYUbDagTUFw==
  
  p-retry@^4.5.0:
    version "4.6.2"
    resolved "https://registry.npmmirror.com/p-retry/-/p-retry-4.6.2.tgz#9baae7184057edd4e17231cee04264106e092a16"
    integrity sha512-312Id396EbJdvRONlngUx0NydfrIQ5lsYu0znKVUzVvArzEIt08V1qhtyESbGVd1FGX7UKtiFp5uwKZdM8wIuQ==
    dependencies:
      "@types/retry" "0.12.0"
      retry "^0.13.1"
  
  p-try@^2.0.0:
    version "2.2.0"
    resolved "https://registry.npmmirror.com/p-try/-/p-try-2.2.0.tgz#cb2868540e313d61de58fafbe35ce9004d5540e6"
    integrity sha512-R4nPAVTAU0B9D35/Gk3uJf/7XYbQcyohSKdvAxIRSNghFl4e71hVoGnBNQz9cWaXxO2I10KTC+3jMdvvoKw6dQ==
  
  parent-module@^1.0.0:
    version "1.0.1"
    resolved "https://registry.npmmirror.com/parent-module/-/parent-module-1.0.1.tgz#691d2709e78c79fae3a156622452d00762caaaa2"
    integrity sha512-GQ2EWRpQV8/o+Aw8YqtfZZPfNRWZYkbidE9k5rpl/hC3vtHHBfGm2Ifi6qWV+coDGkrUKZAxE3Lot5kcsRlh+g==
    dependencies:
      callsites "^3.0.0"
  
  parse-json@^5.0.0, parse-json@^5.2.0:
    version "5.2.0"
    resolved "https://registry.npmmirror.com/parse-json/-/parse-json-5.2.0.tgz#c76fc66dee54231c962b22bcc8a72cf2f99753cd"
    integrity sha512-ayCKvm/phCGxOkYRSCM82iDwct8/EonSEgCSxWxD7ve6jHggsFl4fZVQBPRNgQoKiuV/odhFrGzQXZwbifC8Rg==
    dependencies:
      "@babel/code-frame" "^7.0.0"
      error-ex "^1.3.1"
      json-parse-even-better-errors "^2.3.0"
      lines-and-columns "^1.1.6"
  
  parse-node-version@^1.0.1:
    version "1.0.1"
    resolved "https://registry.npmmirror.com/parse-node-version/-/parse-node-version-1.0.1.tgz#e2b5dbede00e7fa9bc363607f53327e8b073189b"
    integrity sha512-3YHlOa/JgH6Mnpr05jP9eDG254US9ek25LyIxZlDItp2iJtwyaXQb57lBYLdT3MowkUFYEV2XXNAYIPlESvJlA==
  
  parseurl@~1.3.2, parseurl@~1.3.3:
    version "1.3.3"
    resolved "https://registry.npmmirror.com/parseurl/-/parseurl-1.3.3.tgz#9da19e7bee8d12dff0513ed5b76957793bc2e8d4"
    integrity sha512-CiyeOxFT/JZyN5m0z9PfXw4SCBJ6Sygz1Dpl0wqjlhDEGGBP1GnsUVEL0p63hoG1fcj3fHynXi9NYO4nWOL+qQ==
  
  path-exists@^4.0.0:
    version "4.0.0"
    resolved "https://registry.npmmirror.com/path-exists/-/path-exists-4.0.0.tgz#513bdbe2d3b95d7762e8c1137efa195c6c61b5b3"
    integrity sha512-ak9Qy5Q7jYb2Wwcey5Fpvg2KoAc/ZIhLSLOSBmRmygPsGwkVVt0fZa0qrtMz+m6tJTAHfZQ8FnmB4MG4LWy7/w==
  
  path-exists@^5.0.0:
    version "5.0.0"
    resolved "https://registry.npmmirror.com/path-exists/-/path-exists-5.0.0.tgz#a6aad9489200b21fab31e49cf09277e5116fb9e7"
    integrity sha512-RjhtfwJOxzcFmNOi6ltcbcu4Iu+FL3zEj83dk4kAS+fVpTxXLO1b38RvJgT/0QwvV/L3aY9TAnyv0EOqW4GoMQ==
  
  path-is-absolute@^1.0.0:
    version "1.0.1"
    resolved "https://registry.npmmirror.com/path-is-absolute/-/path-is-absolute-1.0.1.tgz#174b9268735534ffbc7ace6bf53a5a9e1b5c5f5f"
    integrity sha512-AVbw3UJ2e9bq64vSaS9Am0fje1Pa8pbGqTTsmXfaIiMpnr5DlDhfJOuLj9Sf95ZPVDAUerDfEk88MPmPe7UCQg==
  
  path-is-inside@^1.0.2:
    version "1.0.2"
    resolved "https://registry.npmmirror.com/path-is-inside/-/path-is-inside-1.0.2.tgz#365417dede44430d1c11af61027facf074bdfc53"
    integrity sha512-DUWJr3+ULp4zXmol/SZkFf3JGsS9/SIv+Y3Rt93/UjPpDpklB5f1er4O3POIbUuUJ3FXgqte2Q7SrU6zAqwk8w==
  
  path-key@^3.0.0, path-key@^3.1.0:
    version "3.1.1"
    resolved "https://registry.npmmirror.com/path-key/-/path-key-3.1.1.tgz#581f6ade658cbba65a0d3380de7753295054f375"
    integrity sha512-ojmeN0qd+y0jszEtoY48r0Peq5dwMEkIlCOu6Q5f41lfkswXuKtYrhgoTpLnyIcHm24Uhqx+5Tqm2InSwLhE6Q==
  
  path-parse@^1.0.7:
    version "1.0.7"
    resolved "https://registry.npmmirror.com/path-parse/-/path-parse-1.0.7.tgz#fbc114b60ca42b30d9daf5858e4bd68bbedb6735"
    integrity sha512-LDJzPVEEEPR+y48z93A0Ed0yXb8pAByGWo/k5YYdYgpY2/2EsOsksJrq7lOHxryrVOn1ejG6oAp8ahvOIQD8sw==
  
  path-to-regexp@0.1.7:
    version "0.1.7"
    resolved "https://registry.npmmirror.com/path-to-regexp/-/path-to-regexp-0.1.7.tgz#df604178005f522f15eb4490e7247a1bfaa67f8c"
    integrity sha512-5DFkuoqlv1uYQKxy8omFBeJPQcdoE07Kv2sferDCrAq1ohOU+MSDswDIbnx3YAM60qIOnYa53wBhXW0EbMonrQ==
  
  path-to-regexp@^1.7.0:
    version "1.8.0"
    resolved "https://registry.npmmirror.com/path-to-regexp/-/path-to-regexp-1.8.0.tgz#887b3ba9d84393e87a0a0b9f4cb756198b53548a"
    integrity sha512-n43JRhlUKUAlibEJhPeir1ncUID16QnEjNpwzNdO3Lm4ywrBpBZ5oLD0I6br9evr1Y9JTqwRtAh7JLoOzAQdVA==
    dependencies:
      isarray "0.0.1"
  
  path-type@^4.0.0:
    version "4.0.0"
    resolved "https://registry.npmmirror.com/path-type/-/path-type-4.0.0.tgz#84ed01c0a7ba380afe09d90a8c180dcd9d03043b"
    integrity sha512-gDKb8aZMDeD/tZWs9P6+q0J9Mwkdl6xMV8TjnGP3qJVJ06bdMgkbBlLU8IdfOsIsFz2BW1rNVT3XuNEl8zPAvw==
  
  picocolors@^1.0.0:
    version "1.0.0"
    resolved "https://registry.npmmirror.com/picocolors/-/picocolors-1.0.0.tgz#cb5bdc74ff3f51892236eaf79d68bc44564ab81c"
    integrity sha512-1fygroTLlHu66zi26VoTDv8yRgm0Fccecssto+MhsZ0D/DGW2sm8E8AjW7NU5VVTRt5GxbeZ5qBuJr+HyLYkjQ==
  
  picomatch@^2.0.4, picomatch@^2.2.1, picomatch@^2.3.1:
    version "2.3.1"
    resolved "https://registry.npmmirror.com/picomatch/-/picomatch-2.3.1.tgz#3ba3833733646d9d3e4995946c1365a67fb07a42"
    integrity sha512-JU3teHTNjmE2VCGFzuY8EXzCDVwEqB2a8fsIvwaStHhAWJEeVd1o1QD80CU6+ZdEXXSLbSsuLwJjkCBWqRQUVA==
  
  pify@^2.0.0:
    version "2.3.0"
    resolved "https://registry.npmmirror.com/pify/-/pify-2.3.0.tgz#ed141a6ac043a849ea588498e7dca8b15330e90c"
    integrity sha512-udgsAY+fTnvv7kI7aaxbqwWNb0AHiB0qBO89PZKPkoTmGOgdbrHDKD+0B2X4uTfJ/FT1R09r9gTsjUjNJotuog==
  
  pify@^4.0.1:
    version "4.0.1"
    resolved "https://registry.npmmirror.com/pify/-/pify-4.0.1.tgz#4b2cd25c50d598735c50292224fd8c6df41e3231"
    integrity sha512-uB80kBFb/tfd68bVleG9T5GGsGPjJrLAUpR5PZIrhBnIaRTQRjqdJSsIKkOP6OAIFbj7GOrcudc5pNjZ+geV2g==
  
  pinkie-promise@^2.0.0:
    version "2.0.1"
    resolved "https://registry.npmmirror.com/pinkie-promise/-/pinkie-promise-2.0.1.tgz#2135d6dfa7a358c069ac9b178776288228450ffa"
    integrity sha512-0Gni6D4UcLTbv9c57DfxDGdr41XfgUjqWZu492f0cIGr16zDU06BWP/RAEvOuo7CQ0CNjHaLlM59YJJFm3NWlw==
    dependencies:
      pinkie "^2.0.0"
  
  pinkie@^2.0.0:
    version "2.0.4"
    resolved "https://registry.npmmirror.com/pinkie/-/pinkie-2.0.4.tgz#72556b80cfa0d48a974e80e77248e80ed4f7f870"
    integrity sha512-MnUuEycAemtSaeFSjXKW/aroV7akBbY+Sv+RkyqFjgAe73F+MR0TBWKBRDkmfWq/HiFmdavfZ1G7h4SPZXaCSg==
  
  pkg-dir@^4.2.0:
    version "4.2.0"
    resolved "https://registry.npmmirror.com/pkg-dir/-/pkg-dir-4.2.0.tgz#f099133df7ede422e81d1d8448270eeb3e4261f3"
    integrity sha512-HRDzbaKjC+AOWVXxAU/x54COGeIv9eb+6CkDSQoNTt4XyWoIJvuPsXizxu/Fr23EiekbtZwmh1IcIG/l/a10GQ==
    dependencies:
      find-up "^4.0.0"
  
  pkg-dir@^7.0.0:
    version "7.0.0"
    resolved "https://registry.npmmirror.com/pkg-dir/-/pkg-dir-7.0.0.tgz#8f0c08d6df4476756c5ff29b3282d0bab7517d11"
    integrity sha512-Ie9z/WINcxxLp27BKOCHGde4ITq9UklYKDzVo1nhk5sqGEXU3FpkwP5GM2voTGJkGd9B3Otl+Q4uwSOeSUtOBA==
    dependencies:
      find-up "^6.3.0"
  
  possible-typed-array-names@^1.0.0:
    version "1.0.0"
    resolved "https://registry.npmmirror.com/possible-typed-array-names/-/possible-typed-array-names-1.0.0.tgz#89bb63c6fada2c3e90adc4a647beeeb39cc7bf8f"
    integrity sha512-d7Uw+eZoloe0EHDIYoe+bQ5WXnGMOpmiZFTuMWCwpjzzkL2nTjcKiAk4hh8TjnGye2TwWOk3UXucZ+3rbmBa8Q==
  
  postcss-loader@^7.3.3:
    version "7.3.4"
    resolved "https://registry.npmmirror.com/postcss-loader/-/postcss-loader-7.3.4.tgz#aed9b79ce4ed7e9e89e56199d25ad1ec8f606209"
    integrity sha512-iW5WTTBSC5BfsBJ9daFMPVrLT36MrNiC6fqOZTTaHjBNX6Pfd5p+hSBqe/fEeNd7pc13QiAyGt7VdGMw4eRC4A==
    dependencies:
      cosmiconfig "^8.3.5"
      jiti "^1.20.0"
      semver "^7.5.4"
  
  postcss-modules-extract-imports@^3.1.0:
    version "3.1.0"
    resolved "https://registry.npmmirror.com/postcss-modules-extract-imports/-/postcss-modules-extract-imports-3.1.0.tgz#b4497cb85a9c0c4b5aabeb759bb25e8d89f15002"
    integrity sha512-k3kNe0aNFQDAZGbin48pL2VNidTF0w4/eASDsxlyspobzU3wZQLOGj7L9gfRe0Jo9/4uud09DsjFNH7winGv8Q==
  
  postcss-modules-local-by-default@^4.0.5:
    version "4.0.5"
    resolved "https://registry.npmmirror.com/postcss-modules-local-by-default/-/postcss-modules-local-by-default-4.0.5.tgz#f1b9bd757a8edf4d8556e8d0f4f894260e3df78f"
    integrity sha512-6MieY7sIfTK0hYfafw1OMEG+2bg8Q1ocHCpoWLqOKj3JXlKu4G7btkmM/B7lFubYkYWmRSPLZi5chid63ZaZYw==
    dependencies:
      icss-utils "^5.0.0"
      postcss-selector-parser "^6.0.2"
      postcss-value-parser "^4.1.0"
  
  postcss-modules-scope@^3.2.0:
    version "3.2.0"
    resolved "https://registry.npmmirror.com/postcss-modules-scope/-/postcss-modules-scope-3.2.0.tgz#a43d28289a169ce2c15c00c4e64c0858e43457d5"
    integrity sha512-oq+g1ssrsZOsx9M96c5w8laRmvEu9C3adDSjI8oTcbfkrTE8hx/zfyobUoWIxaKPO8bt6S62kxpw5GqypEw1QQ==
    dependencies:
      postcss-selector-parser "^6.0.4"
  
  postcss-modules-values@^4.0.0:
    version "4.0.0"
    resolved "https://registry.npmmirror.com/postcss-modules-values/-/postcss-modules-values-4.0.0.tgz#d7c5e7e68c3bb3c9b27cbf48ca0bb3ffb4602c9c"
    integrity sha512-RDxHkAiEGI78gS2ofyvCsu7iycRv7oqw5xMWn9iMoR0N/7mf9D50ecQqUo5BZ9Zh2vH4bCUR/ktCqbB9m8vJjQ==
    dependencies:
      icss-utils "^5.0.0"
  
  postcss-selector-parser@^6.0.2, postcss-selector-parser@^6.0.4:
    version "6.0.16"
    resolved "https://registry.npmmirror.com/postcss-selector-parser/-/postcss-selector-parser-6.0.16.tgz#3b88b9f5c5abd989ef4e2fc9ec8eedd34b20fb04"
    integrity sha512-A0RVJrX+IUkVZbW3ClroRWurercFhieevHB38sr2+l9eUClMqome3LmEmnhlNy+5Mr2EYN6B2Kaw9wYdd+VHiw==
    dependencies:
      cssesc "^3.0.0"
      util-deprecate "^1.0.2"
  
  postcss-value-parser@^3.3.0:
    version "3.3.1"
    resolved "https://registry.npmmirror.com/postcss-value-parser/-/postcss-value-parser-3.3.1.tgz#9ff822547e2893213cf1c30efa51ac5fd1ba8281"
    integrity sha512-pISE66AbVkp4fDQ7VHBwRNXzAAKJjw4Vw7nWI/+Q3vuly7SNfgYXvm6i5IgFylHGK5sP/xHAbB7N49OS4gWNyQ==
  
  postcss-value-parser@^4.1.0, postcss-value-parser@^4.2.0:
    version "4.2.0"
    resolved "https://registry.npmmirror.com/postcss-value-parser/-/postcss-value-parser-4.2.0.tgz#723c09920836ba6d3e5af019f92bc0971c02e514"
    integrity sha512-1NNCs6uurfkVbeXG4S8JFT9t19m45ICnif8zWLd5oPSZ50QnwMfK+H3jv408d4jw/7Bttv5axS5IiHoLaVNHeQ==
  
  postcss@^8.4.24, postcss@^8.4.33:
    version "8.4.38"
    resolved "https://registry.npmmirror.com/postcss/-/postcss-8.4.38.tgz#b387d533baf2054288e337066d81c6bee9db9e0e"
    integrity sha512-Wglpdk03BSfXkHoQa3b/oulrotAkwrlLDRSOb9D0bN86FdRyE9lppSp33aHNPgBa0JKCoB+drFLZkQoRRYae5A==
    dependencies:
      nanoid "^3.3.7"
      picocolors "^1.0.0"
      source-map-js "^1.2.0"
  
  prelude-ls@^1.2.1:
    version "1.2.1"
    resolved "https://registry.npmmirror.com/prelude-ls/-/prelude-ls-1.2.1.tgz#debc6489d7a6e6b0e7611888cec880337d316396"
    integrity sha512-vkcDPrRZo1QZLbn5RLGPpg/WmIQ65qoWWhcGKf/b5eplkkarX0m9z8ppCat4mlOqUsWpyNuYgO3VRyrYHSzX5g==
  
  pretty-time@^1.1.0:
    version "1.1.0"
    resolved "https://registry.npmmirror.com/pretty-time/-/pretty-time-1.1.0.tgz#ffb7429afabb8535c346a34e41873adf3d74dd0e"
    integrity sha512-28iF6xPQrP8Oa6uxE6a1biz+lWeTOAPKggvjB8HAs6nVMKZwf5bG++632Dx614hIWgUPkgivRfG+a8uAXGTIbA==
  
  process-nextick-args@~2.0.0:
    version "2.0.1"
    resolved "https://registry.npmmirror.com/process-nextick-args/-/process-nextick-args-2.0.1.tgz#7820d9b16120cc55ca9ae7792680ae7dba6d7fe2"
    integrity sha512-3ouUOpQhtgrbOa17J7+uxOTpITYWaGP7/AhoR3+A+/1e9skrzelGi/dXzEYyvbxubEF6Wn2ypscTKiKJFFn1ag==
  
  promise@^7.1.1:
    version "7.3.1"
    resolved "https://registry.npmmirror.com/promise/-/promise-7.3.1.tgz#064b72602b18f90f29192b8b1bc418ffd1ebd3bf"
    integrity sha512-nolQXZ/4L+bP/UGlkfaIujX9BKxGwmQ9OT4mOt5yvy8iK1h3wqTEJCijzGANTCCl9nWjY41juyAn2K3Q1hLLTg==
    dependencies:
      asap "~2.0.3"
  
  prop-types@^15.5.10, prop-types@^15.5.4, prop-types@^15.5.8, prop-types@^15.6.2, prop-types@^15.7.0, prop-types@^15.7.2:
    version "15.8.1"
    resolved "https://registry.npmmirror.com/prop-types/-/prop-types-15.8.1.tgz#67d87bf1a694f48435cf332c24af10214a3140b5"
    integrity sha512-oj87CgZICdulUohogVAR7AjlC0327U4el4L6eAvOqCeudMDVU0NThNaV+b9Df4dXgSP1gXMTnPdhfe/2qDH5cg==
    dependencies:
      loose-envify "^1.4.0"
      object-assign "^4.1.1"
      react-is "^16.13.1"
  
  proxy-addr@~2.0.7:
    version "2.0.7"
    resolved "https://registry.npmmirror.com/proxy-addr/-/proxy-addr-2.0.7.tgz#f19fe69ceab311eeb94b42e70e8c2070f9ba1025"
    integrity sha512-llQsMLSUDUPT44jdrU/O37qlnifitDP+ZwrmmZcoSKyLKvtZxpyV0n2/bD/N4tBAAZ/gJEdZU7KMraoK1+XYAg==
    dependencies:
      forwarded "0.2.0"
      ipaddr.js "1.9.1"
  
  prr@~1.0.1:
    version "1.0.1"
    resolved "https://registry.npmmirror.com/prr/-/prr-1.0.1.tgz#d3fc114ba06995a45ec6893f484ceb1d78f5f476"
    integrity sha512-yPw4Sng1gWghHQWj0B3ZggWUm4qVbPwPFcRG8KyxiU7J2OHFSoEHKS+EZ3fv5l1t9CyCiop6l/ZYeWbrgoQejw==
  
  punycode@^2.1.0:
    version "2.3.1"
    resolved "https://registry.npmmirror.com/punycode/-/punycode-2.3.1.tgz#027422e2faec0b25e1549c3e1bd8309b9133b6e5"
    integrity sha512-vYt7UD1U9Wg6138shLtLOvdAu+8DsC/ilFtEVHcH+wydcSpNE20AfSOduf6MkRFahL5FY7X1oU7nKVZFtfq8Fg==
  
  q@^1.1.2:
    version "1.5.1"
    resolved "https://registry.npmmirror.com/q/-/q-1.5.1.tgz#7e32f75b41381291d04611f1bf14109ac00651d7"
    integrity sha512-kV/CThkXo6xyFEZUugw/+pIOywXcDbFYgSct5cT3gqlbkBE1SJdwy6UQoZvodiWF/ckQLZyDE/Bu1M6gVu5lVw==
  
  qiankun@^2.7.0:
    version "2.10.16"
    resolved "https://registry.npmmirror.com/qiankun/-/qiankun-2.10.16.tgz#46a7ee69258ec0ce2a190dd548683cca71b7767a"
    integrity sha512-Q3tSVUrPnzx8ckEOKIoPnhb5LE28FPKyan/r6jEuGJGqTbIy+3rp6E2/KfU82ZI4yZpef9LFTrnxdj49jAEsmw==
    dependencies:
      "@babel/runtime" "^7.10.5"
      import-html-entry "^1.15.1"
      lodash "^4.17.11"
      single-spa "^5.9.2"
  
  qrcode.react@^3.1.0:
    version "3.1.0"
    resolved "https://registry.npmmirror.com/qrcode.react/-/qrcode.react-3.1.0.tgz#5c91ddc0340f768316fbdb8fff2765134c2aecd8"
    integrity sha512-oyF+Urr3oAMUG/OiOuONL3HXM+53wvuH3mtIWQrYmsXoAq0DkvZp2RYUWFSMFtbdOpuS++9v+WAkzNVkMlNW6Q==
  
  qs@6.11.0:
    version "6.11.0"
    resolved "https://registry.npmmirror.com/qs/-/qs-6.11.0.tgz#fd0d963446f7a65e1367e01abd85429453f0c37a"
    integrity sha512-MvjoMCJwEarSbUYk5O+nmoSzSutSsTwF85zcHPQ9OrlFoZOYIjaqBAJIqIXjptyD5vThxGq52Xu/MaJzRkIk4Q==
    dependencies:
      side-channel "^1.0.4"
  
  queue-microtask@^1.2.2:
    version "1.2.3"
    resolved "https://registry.npmmirror.com/queue-microtask/-/queue-microtask-1.2.3.tgz#4929228bbc724dfac43e0efb058caf7b6cfb6243"
    integrity sha512-NuaNSa6flKT5JaSYQzJok04JzTL1CA6aGhv5rfLW3PgqA+M2ChpZQnAC8h8i4ZFkBS8X5RqkDBHA7r4hej3K9A==
  
  radium@^0.23.0:
    version "0.23.0"
    resolved "https://registry.npmmirror.com/radium/-/radium-0.23.0.tgz#46d11068b9ddeb9e2ba493e0470b69c7dfbb52f0"
    integrity sha512-H1Q/+eXbM1st6sOAnGz7cg5r9yQPQXF1T0i5UDpjIjoh3pZe/9K9Vuzz5aNM+hLPRHRGUx1IylaQY3qUtUbv4A==
    dependencies:
      exenv "^1.2.1"
      inline-style-prefixer "^4.0.0"
      prop-types "^15.5.8"
  
  raf-schd@^4.0.2:
    version "4.0.3"
    resolved "https://registry.npmmirror.com/raf-schd/-/raf-schd-4.0.3.tgz#5d6c34ef46f8b2a0e880a8fcdb743efc5bfdbc1a"
    integrity sha512-tQkJl2GRWh83ui2DiPTJz9wEiMN20syf+5oKfB03yYP7ioZcJwsIK8FjrtLwH1m7C7e+Tt2yYBlrOpdT+dyeIQ==
  
  randombytes@^2.1.0:
    version "2.1.0"
    resolved "https://registry.npmmirror.com/randombytes/-/randombytes-2.1.0.tgz#df6f84372f0270dc65cdf6291349ab7a473d4f2a"
    integrity sha512-vYl3iOX+4CKUWuxGi9Ukhie6fsqXqS9FE2Zaic4tNFD2N2QQaXOMFbuKK4QmDHC0JO6B1Zp41J0LpT0oR68amQ==
    dependencies:
      safe-buffer "^5.1.0"
  
  range-parser@^1.2.1, range-parser@~1.2.1:
    version "1.2.1"
    resolved "https://registry.npmmirror.com/range-parser/-/range-parser-1.2.1.tgz#3cf37023d199e1c24d1a55b84800c2f3e6468031"
    integrity sha512-Hrgsx+orqoygnmhFbKaHE6c296J+HTAQXoxEF6gNupROmmGJRoyzfG3ccAveqCBrwr/2yxQ5BVd/GTl5agOwSg==
  
  raw-body@2.5.2:
    version "2.5.2"
    resolved "https://registry.npmmirror.com/raw-body/-/raw-body-2.5.2.tgz#99febd83b90e08975087e8f1f9419a149366b68a"
    integrity sha512-8zGqypfENjCIqGhgXToC8aB2r7YrBX+AQAfIPs/Mlk+BtPTztOvTS01NRW/3Eh60J+a48lt8qsCzirQ6loCVfA==
    dependencies:
      bytes "3.1.2"
      http-errors "2.0.0"
      iconv-lite "0.4.24"
      unpipe "1.0.0"
  
  rc-align@^4.0.0:
    version "4.0.15"
    resolved "https://registry.npmmirror.com/rc-align/-/rc-align-4.0.15.tgz#2bbd665cf85dfd0b0244c5a752b07565e9098577"
    integrity sha512-wqJtVH60pka/nOX7/IspElA8gjPNQKIx/ZqJ6heATCkXpe1Zg4cPVrMD2vC96wjsFFL8WsmhPbx9tdMo1qqlIA==
    dependencies:
      "@babel/runtime" "^7.10.1"
      classnames "2.x"
      dom-align "^1.7.0"
      rc-util "^5.26.0"
      resize-observer-polyfill "^1.5.1"
  
  rc-cascader@~3.25.0:
    version "3.25.0"
    resolved "https://registry.npmmirror.com/rc-cascader/-/rc-cascader-3.25.0.tgz#0967b75f2ea0d5bed41dce4505c3531ec7bb949d"
    integrity sha512-mBY6/CykOvzAYnIye0rpt5JkMAXJaX8zZawOwSndbKuFakYE+leqBQWIZoN9HIgAptPpTi2Aty3RvbaBmk8SKQ==
    dependencies:
      "@babel/runtime" "^7.12.5"
      array-tree-filter "^2.1.0"
      classnames "^2.3.1"
      rc-select "~14.13.0"
      rc-tree "~5.8.1"
      rc-util "^5.37.0"
  
  rc-cascader@~3.7.3:
    version "3.7.3"
    resolved "https://registry.npmmirror.com/rc-cascader/-/rc-cascader-3.7.3.tgz#1e2ad238b283f7226ce4c9f3a420a35cb63fcc82"
    integrity sha512-KBpT+kzhxDW+hxPiNk4zaKa99+Lie2/8nnI11XF+FIOPl4Bj9VlFZi61GrnWzhLGA7VEN+dTxAkNOjkySDa0dA==
    dependencies:
      "@babel/runtime" "^7.12.5"
      array-tree-filter "^2.1.0"
      classnames "^2.3.1"
      rc-select "~14.1.0"
      rc-tree "~5.7.0"
      rc-util "^5.6.1"
  
  rc-checkbox@~3.0.1:
    version "3.0.1"
    resolved "https://registry.npmmirror.com/rc-checkbox/-/rc-checkbox-3.0.1.tgz#f978771329be339d479cd81465eb2e2f8c82bc87"
    integrity sha512-k7nxDWxYF+jDI0ZcCvuvj71xONmWRVe5+1MKcERRR9MRyP3tZ69b+yUCSXXh+sik4/Hc9P5wHr2nnUoGS2zBjA==
    dependencies:
      "@babel/runtime" "^7.10.1"
      classnames "^2.3.2"
      rc-util "^5.25.2"
  
  rc-checkbox@~3.2.0:
    version "3.2.0"
    resolved "https://registry.npmmirror.com/rc-checkbox/-/rc-checkbox-3.2.0.tgz#04f83b7f2bf63eaf0e2da25e947b88a0a6321b5a"
    integrity sha512-8inzw4y9dAhZmv/Ydl59Qdy5tdp9CKg4oPVcRigi+ga/yKPZS5m5SyyQPtYSgbcqHRYOdUhiPSeKfktc76du1A==
    dependencies:
      "@babel/runtime" "^7.10.1"
      classnames "^2.3.2"
      rc-util "^5.25.2"
  
  rc-collapse@~3.4.2:
    version "3.4.2"
    resolved "https://registry.npmmirror.com/rc-collapse/-/rc-collapse-3.4.2.tgz#1310be7ad4cd0dcfc622c45f6c3b5ffdee403ad7"
    integrity sha512-jpTwLgJzkhAgp2Wpi3xmbTbbYExg6fkptL67Uu5LCRVEj6wqmy0DHTjjeynsjOLsppHGHu41t1ELntZ0lEvS/Q==
    dependencies:
      "@babel/runtime" "^7.10.1"
      classnames "2.x"
      rc-motion "^2.3.4"
      rc-util "^5.2.1"
      shallowequal "^1.1.0"
  
  rc-collapse@~3.7.3:
    version "3.7.3"
    resolved "https://registry.npmmirror.com/rc-collapse/-/rc-collapse-3.7.3.tgz#68161683d8fd1004bef4eb281fc106f3c8dc16eb"
    integrity sha512-60FJcdTRn0X5sELF18TANwtVi7FtModq649H11mYF1jh83DniMoM4MqY627sEKRCTm4+WXfGDcB7hY5oW6xhyw==
    dependencies:
      "@babel/runtime" "^7.10.1"
      classnames "2.x"
      rc-motion "^2.3.4"
      rc-util "^5.27.0"
  
  rc-dialog@~9.0.0, rc-dialog@~9.0.2:
    version "9.0.2"
    resolved "https://registry.npmmirror.com/rc-dialog/-/rc-dialog-9.0.2.tgz#aadfebdeba145f256c1fac9b9f509f893cdbb5b8"
    integrity sha512-s3U+24xWUuB6Bn2Lk/Qt6rufy+uT+QvWkiFhNBcO9APLxcFFczWamaq7x9h8SCuhfc1nHcW4y8NbMsnAjNnWyg==
    dependencies:
      "@babel/runtime" "^7.10.1"
      "@rc-component/portal" "^1.0.0-8"
      classnames "^2.2.6"
      rc-motion "^2.3.0"
      rc-util "^5.21.0"
  
  rc-dialog@~9.4.0:
    version "9.4.0"
    resolved "https://registry.npmmirror.com/rc-dialog/-/rc-dialog-9.4.0.tgz#194c107d34cb36a56f1db4a49dc73f6d59eeae85"
    integrity sha512-AScCexaLACvf8KZRqCPz12BJ8olszXOS4lKlkMyzDQHS1m0zj1KZMYgmMCh39ee0Dcv8kyrj8mTqxuLyhH+QuQ==
    dependencies:
      "@babel/runtime" "^7.10.1"
      "@rc-component/portal" "^1.0.0-8"
      classnames "^2.2.6"
      rc-motion "^2.3.0"
      rc-util "^5.21.0"
  
  rc-drawer@~6.3.0:
    version "6.3.0"
    resolved "https://registry.npmmirror.com/rc-drawer/-/rc-drawer-6.3.0.tgz#f8af5fafbab19b83722360dcf93e966d8a2875ad"
    integrity sha512-uBZVb3xTAR+dBV53d/bUhTctCw3pwcwJoM7g5aX+7vgwt2zzVzoJ6aqFjYJpBlZ9zp0dVYN8fV+hykFE7c4lig==
    dependencies:
      "@babel/runtime" "^7.10.1"
      "@rc-component/portal" "^1.1.1"
      classnames "^2.2.6"
      rc-motion "^2.6.1"
      rc-util "^5.21.2"
  
  rc-drawer@~7.1.0:
    version "7.1.0"
    resolved "https://registry.npmmirror.com/rc-drawer/-/rc-drawer-7.1.0.tgz#2beabb8bab1784aea255d0d850bc206c3dc715da"
    integrity sha512-nBE1rF5iZvpavoyqhSSz2mk/yANltA7g3aF0U45xkx381n3we/RKs9cJfNKp9mSWCedOKWt9FLEwZDaAaOGn2w==
    dependencies:
      "@babel/runtime" "^7.23.9"
      "@rc-component/portal" "^1.1.1"
      classnames "^2.2.6"
      rc-motion "^2.6.1"
      rc-util "^5.38.1"
  
  rc-dropdown@~4.0.0, rc-dropdown@~4.0.1:
    version "4.0.1"
    resolved "https://registry.npmmirror.com/rc-dropdown/-/rc-dropdown-4.0.1.tgz#f65d9d3d89750241057db59d5a75e43cd4576b68"
    integrity sha512-OdpXuOcme1rm45cR0Jzgfl1otzmU4vuBVb+etXM8vcaULGokAKVpKlw8p6xzspG7jGd/XxShvq+N3VNEfk/l5g==
    dependencies:
      "@babel/runtime" "^7.18.3"
      classnames "^2.2.6"
      rc-trigger "^5.3.1"
      rc-util "^5.17.0"
  
  rc-dropdown@~4.2.0:
    version "4.2.0"
    resolved "https://registry.npmmirror.com/rc-dropdown/-/rc-dropdown-4.2.0.tgz#c6052fcfe9c701487b141e411cdc277dc7c6f061"
    integrity sha512-odM8Ove+gSh0zU27DUj5cG1gNKg7mLWBYzB5E4nNLrLwBmYEgYP43vHKDGOVZcJSVElQBI0+jTQgjnq0NfLjng==
    dependencies:
      "@babel/runtime" "^7.18.3"
      "@rc-component/trigger" "^2.0.0"
      classnames "^2.2.6"
      rc-util "^5.17.0"
  
  rc-field-form@~1.38.2:
    version "1.38.2"
    resolved "https://registry.npmmirror.com/rc-field-form/-/rc-field-form-1.38.2.tgz#1eafac98eb84d47dc3b55de98ed50751d9852dd2"
    integrity sha512-O83Oi1qPyEv31Sg+Jwvsj6pXc8uQI2BtIAkURr5lvEYHVggXJhdU/nynK8wY1gbw0qR48k731sN5ON4egRCROA==
    dependencies:
      "@babel/runtime" "^7.18.0"
      async-validator "^4.1.0"
      rc-util "^5.32.2"
  
  rc-field-form@~2.0.0:
    version "2.0.1"
    resolved "https://registry.npmmirror.com/rc-field-form/-/rc-field-form-2.0.1.tgz#97dc352f3899e9617f2abfd0c09bf0fcd17409e2"
    integrity sha512-3WK/POHBcfMFKrzScrkmgMIXqoVQ0KgVwcVnej/ukwuQG4ZHCJaTi2KhM+tWTK4WODBXbmjKg5pKHj2IVmSg4A==
    dependencies:
      "@babel/runtime" "^7.18.0"
      "@rc-component/async-validator" "^5.0.3"
      rc-util "^5.32.2"
  
  rc-image@~5.13.0:
    version "5.13.0"
    resolved "https://registry.npmmirror.com/rc-image/-/rc-image-5.13.0.tgz#1ed9b852a40b5eff34786ba7d2f0e9d26eeab874"
    integrity sha512-iZTOmw5eWo2+gcrJMMcnd7SsxVHl3w5xlyCgsULUdJhJbnuI8i/AL0tVOsE7aLn9VfOh1qgDT3mC2G75/c7mqg==
    dependencies:
      "@babel/runtime" "^7.11.2"
      "@rc-component/portal" "^1.0.2"
      classnames "^2.2.6"
      rc-dialog "~9.0.0"
      rc-motion "^2.6.2"
      rc-util "^5.0.6"
  
  rc-image@~7.6.0:
    version "7.6.0"
    resolved "https://registry.npmmirror.com/rc-image/-/rc-image-7.6.0.tgz#2867087b77c8595ea9eb37d18ca863e47904b191"
    integrity sha512-tL3Rvd1sS+frZQ01i+tkeUPaOeFz2iG9/scAt/Cfs0hyCRVA/w0Pu1J/JxIX8blalvmHE0bZQRYdOmRAzWu4Hg==
    dependencies:
      "@babel/runtime" "^7.11.2"
      "@rc-component/portal" "^1.0.2"
      classnames "^2.2.6"
      rc-dialog "~9.4.0"
      rc-motion "^2.6.2"
      rc-util "^5.34.1"
  
  rc-input-number@~7.3.11:
    version "7.3.11"
    resolved "https://registry.npmmirror.com/rc-input-number/-/rc-input-number-7.3.11.tgz#c7089705a220e1a59ba974fabf89693e00dd2442"
    integrity sha512-aMWPEjFeles6PQnMqP5eWpxzsvHm9rh1jQOWXExUEIxhX62Fyl/ptifLHOn17+waDG1T/YUb6flfJbvwRhHrbA==
    dependencies:
      "@babel/runtime" "^7.10.1"
      classnames "^2.2.5"
      rc-util "^5.23.0"
  
  rc-input-number@~9.0.0:
    version "9.0.0"
    resolved "https://registry.npmmirror.com/rc-input-number/-/rc-input-number-9.0.0.tgz#47da6eaf95b0cf566fcdf68196c4dc82b8c8f166"
    integrity sha512-RfcDBDdWFFetouWFXBA+WPEC8LzBXyngr9b+yTLVIygfFu7HiLRGn/s/v9wwno94X7KFvnb28FNynMGj9XJlDQ==
    dependencies:
      "@babel/runtime" "^7.10.1"
      "@rc-component/mini-decimal" "^1.0.1"
      classnames "^2.2.5"
      rc-input "~1.4.0"
      rc-util "^5.28.0"
  
  rc-input@~0.1.4:
    version "0.1.4"
    resolved "https://registry.npmmirror.com/rc-input/-/rc-input-0.1.4.tgz#45cb4ba209ae6cc835a2acb8629d4f8f0cb347e0"
    integrity sha512-FqDdNz+fV2dKNgfXzcSLKvC+jEs1709t7nD+WdfjrdSaOcefpgc7BUJYadc3usaING+b7ediMTfKxuJBsEFbXA==
    dependencies:
      "@babel/runtime" "^7.11.1"
      classnames "^2.2.1"
      rc-util "^5.18.1"
  
  rc-input@~1.4.0, rc-input@~1.4.5:
    version "1.4.5"
    resolved "https://registry.npmmirror.com/rc-input/-/rc-input-1.4.5.tgz#1f2f13fb1adb15fce5936aebcfab354f41b4f348"
    integrity sha512-AjzykhwnwYTRSwwgCu70CGKBIAv6bP2nqnFptnNTprph/TF1BAs0Qxl91mie/BR6n827WIJB6ZjaRf9iiMwAfw==
    dependencies:
      "@babel/runtime" "^7.11.1"
      classnames "^2.2.1"
      rc-util "^5.18.1"
  
  rc-mentions@~1.13.1:
    version "1.13.1"
    resolved "https://registry.npmmirror.com/rc-mentions/-/rc-mentions-1.13.1.tgz#c884b70e1505a197f1b32a7c6b39090db6992a72"
    integrity sha512-FCkaWw6JQygtOz0+Vxz/M/NWqrWHB9LwqlY2RtcuFqWJNFK9njijOOzTSsBGANliGufVUzx/xuPHmZPBV0+Hgw==
    dependencies:
      "@babel/runtime" "^7.10.1"
      classnames "^2.2.6"
      rc-menu "~9.8.0"
      rc-textarea "^0.4.0"
      rc-trigger "^5.0.4"
      rc-util "^5.22.5"
  
  rc-mentions@~2.11.1:
    version "2.11.1"
    resolved "https://registry.npmmirror.com/rc-mentions/-/rc-mentions-2.11.1.tgz#3e742d4b558965701021cff75b84af6cd4744ed3"
    integrity sha512-upb4AK1SRFql7qGnbLEvJqLMugVVIyjmwBJW9L0eLoN9po4JmJZaBzmKA4089fNtsU8k6l/tdZiVafyooeKnLw==
    dependencies:
      "@babel/runtime" "^7.22.5"
      "@rc-component/trigger" "^2.0.0"
      classnames "^2.2.6"
      rc-input "~1.4.0"
      rc-menu "~9.13.0"
      rc-textarea "~1.6.1"
      rc-util "^5.34.1"
  
  rc-menu@~9.13.0:
    version "9.13.0"
    resolved "https://registry.npmmirror.com/rc-menu/-/rc-menu-9.13.0.tgz#55426531af5fd0a2a0e0a50020cbd002b231edf9"
    integrity sha512-1l8ooCB3HcYJKCltC/s7OxRKRjgymdl9htrCeGZcXNaMct0RxZRK6OPV3lPhVksIvAGMgzPd54ClpZ5J4b8cZA==
    dependencies:
      "@babel/runtime" "^7.10.1"
      "@rc-component/trigger" "^2.0.0"
      classnames "2.x"
      rc-motion "^2.4.3"
      rc-overflow "^1.3.1"
      rc-util "^5.27.0"
  
  rc-menu@~9.8.0, rc-menu@~9.8.4:
    version "9.8.4"
    resolved "https://registry.npmmirror.com/rc-menu/-/rc-menu-9.8.4.tgz#58bf19d471e3c74ff4bcfdb0f02a3826ebe2553b"
    integrity sha512-lmw2j8I2fhdIzHmC9ajfImfckt0WDb2KVJJBBRIsxPEw2kGkEfjLMUoB1NgiNT/Q5cC8PdjGOGQjHJIJMwyNMw==
    dependencies:
      "@babel/runtime" "^7.10.1"
      classnames "2.x"
      rc-motion "^2.4.3"
      rc-overflow "^1.2.8"
      rc-trigger "^5.1.2"
      rc-util "^5.27.0"
  
  rc-motion@^2.0.0, rc-motion@^2.0.1, rc-motion@^2.2.0, rc-motion@^2.3.0, rc-motion@^2.3.4, rc-motion@^2.4.3, rc-motion@^2.4.4, rc-motion@^2.6.1, rc-motion@^2.6.2, rc-motion@^2.9.0:
    version "2.9.0"
    resolved "https://registry.npmmirror.com/rc-motion/-/rc-motion-2.9.0.tgz#9e18a1b8d61e528a97369cf9a7601e9b29205710"
    integrity sha512-XIU2+xLkdIr1/h6ohPZXyPBMvOmuyFZQ/T0xnawz+Rh+gh4FINcnZmMT5UTIj6hgI0VLDjTaPeRd+smJeSPqiQ==
    dependencies:
      "@babel/runtime" "^7.11.1"
      classnames "^2.2.1"
      rc-util "^5.21.0"
  
  rc-notification@~4.6.1:
    version "4.6.1"
    resolved "https://registry.npmmirror.com/rc-notification/-/rc-notification-4.6.1.tgz#068e8674f4bd7926a447eca512915d4b41b15c91"
    integrity sha512-NSmFYwrrdY3+un1GvDAJQw62Xi9LNMSsoQyo95tuaYrcad5Bn9gJUL8AREufRxSQAQnr64u3LtP3EUyLYT6bhw==
    dependencies:
      "@babel/runtime" "^7.10.1"
      classnames "2.x"
      rc-motion "^2.2.0"
      rc-util "^5.20.1"
  
  rc-notification@~5.4.0:
    version "5.4.0"
    resolved "https://registry.npmmirror.com/rc-notification/-/rc-notification-5.4.0.tgz#c5ea20bfe4ed2dbacc7ef945777626c050945db8"
    integrity sha512-li19y9RoYJciF3WRFvD+DvWS70jdL8Fr+Gfb/OshK+iY6iTkwzoigmSIp76/kWh5tF5i/i9im12X3nsF85GYdA==
    dependencies:
      "@babel/runtime" "^7.10.1"
      classnames "2.x"
      rc-motion "^2.9.0"
      rc-util "^5.20.1"
  
  rc-overflow@^1.0.0, rc-overflow@^1.2.8, rc-overflow@^1.3.1, rc-overflow@^1.3.2:
    version "1.3.2"
    resolved "https://registry.npmmirror.com/rc-overflow/-/rc-overflow-1.3.2.tgz#72ee49e85a1308d8d4e3bd53285dc1f3e0bcce2c"
    integrity sha512-nsUm78jkYAoPygDAcGZeC2VwIg/IBGSodtOY3pMof4W3M9qRJgqaDYm03ZayHlde3I6ipliAxbN0RUcGf5KOzw==
    dependencies:
      "@babel/runtime" "^7.11.1"
      classnames "^2.2.1"
      rc-resize-observer "^1.0.0"
      rc-util "^5.37.0"
  
  rc-pagination@~3.2.0:
    version "3.2.0"
    resolved "https://registry.npmmirror.com/rc-pagination/-/rc-pagination-3.2.0.tgz#4f2fdba9fdac0f48e5c9fb1141973818138af7e1"
    integrity sha512-5tIXjB670WwwcAJzAqp2J+cOBS9W3cH/WU1EiYwXljuZ4vtZXKlY2Idq8FZrnYBz8KhN3vwPo9CoV/SJS6SL1w==
    dependencies:
      "@babel/runtime" "^7.10.1"
      classnames "^2.2.1"
  
  rc-pagination@~4.0.4:
    version "4.0.4"
    resolved "https://registry.npmmirror.com/rc-pagination/-/rc-pagination-4.0.4.tgz#ea401388ae86eac17ed5b41212d487f12b65b773"
    integrity sha512-GGrLT4NgG6wgJpT/hHIpL9nELv27A1XbSZzECIuQBQTVSf4xGKxWr6I/jhpRPauYEWEbWVw22ObG6tJQqwJqWQ==
    dependencies:
      "@babel/runtime" "^7.10.1"
      classnames "^2.3.2"
      rc-util "^5.38.0"
  
  rc-picker@~2.7.6:
    version "2.7.6"
    resolved "https://registry.npmmirror.com/rc-picker/-/rc-picker-2.7.6.tgz#03d855888d1878d8946bab77a3d24477fd3a0792"
    integrity sha512-H9if/BUJUZBOhPfWcPeT15JUI3/ntrG9muzERrXDkSoWmDj4yzmBvumozpxYrHwjcKnjyDGAke68d+whWwvhHA==
    dependencies:
      "@babel/runtime" "^7.10.1"
      classnames "^2.2.1"
      date-fns "2.x"
      dayjs "1.x"
      moment "^2.24.0"
      rc-trigger "^5.0.4"
      rc-util "^5.37.0"
      shallowequal "^1.1.0"
  
  rc-picker@~4.5.0:
    version "4.5.0"
    resolved "https://registry.npmmirror.com/rc-picker/-/rc-picker-4.5.0.tgz#ae7a028ed6184e0ef40a2c8aaeb9d5dbef89d4b8"
    integrity sha512-suqz9bzuhBQlf7u+bZd1bJLPzhXpk12w6AjQ9BTPTiFwexVZgUKViG1KNLyfFvW6tCUZZK0HmCCX7JAyM+JnCg==
    dependencies:
      "@babel/runtime" "^7.10.1"
      "@rc-component/trigger" "^2.0.0"
      classnames "^2.2.1"
      rc-overflow "^1.3.2"
      rc-resize-observer "^1.4.0"
      rc-util "^5.38.1"
  
  rc-progress@~3.4.2:
    version "3.4.2"
    resolved "https://registry.npmmirror.com/rc-progress/-/rc-progress-3.4.2.tgz#f8df9ee95e790490171ab6b31bf07303cdc79980"
    integrity sha512-iAGhwWU+tsayP+Jkl9T4+6rHeQTG9kDz8JAHZk4XtQOcYN5fj9H34NXNEdRdZx94VUDHMqCb1yOIvi8eJRh67w==
    dependencies:
      "@babel/runtime" "^7.10.1"
      classnames "^2.2.6"
      rc-util "^5.16.1"
  
  rc-progress@~4.0.0:
    version "4.0.0"
    resolved "https://registry.npmmirror.com/rc-progress/-/rc-progress-4.0.0.tgz#5382147d9add33d3a5fbd264001373df6440e126"
    integrity sha512-oofVMMafOCokIUIBnZLNcOZFsABaUw8PPrf1/y0ZBvKZNpOiu5h4AO9vv11Sw0p4Hb3D0yGWuEattcQGtNJ/aw==
    dependencies:
      "@babel/runtime" "^7.10.1"
      classnames "^2.2.6"
      rc-util "^5.16.1"
  
  rc-rate@~2.12.0:
    version "2.12.0"
    resolved "https://registry.npmmirror.com/rc-rate/-/rc-rate-2.12.0.tgz#0182deffed3b009cdcc61660da8746c39ed91ed5"
    integrity sha512-g092v5iZCdVzbjdn28FzvWebK2IutoVoiTeqoLTj9WM7SjA/gOJIw5/JFZMRyJYYVe1jLAU2UhAfstIpCNRozg==
    dependencies:
      "@babel/runtime" "^7.10.1"
      classnames "^2.2.5"
      rc-util "^5.0.1"
  
  rc-rate@~2.9.3:
    version "2.9.3"
    resolved "https://registry.npmmirror.com/rc-rate/-/rc-rate-2.9.3.tgz#b30a8043ffcb327bab053cd78508e07015d8a483"
    integrity sha512-2THssUSnRhtqIouQIIXqsZGzRczvp4WsH4WvGuhiwm+LG2fVpDUJliP9O1zeDOZvYfBE/Bup4SgHun/eCkbjgQ==
    dependencies:
      "@babel/runtime" "^7.10.1"
      classnames "^2.2.5"
      rc-util "^5.0.1"
  
  rc-resize-observer@^1.0.0, rc-resize-observer@^1.1.0, rc-resize-observer@^1.3.1, rc-resize-observer@^1.4.0:
    version "1.4.0"
    resolved "https://registry.npmmirror.com/rc-resize-observer/-/rc-resize-observer-1.4.0.tgz#7bba61e6b3c604834980647cce6451914750d0cc"
    integrity sha512-PnMVyRid9JLxFavTjeDXEXo65HCRqbmLBw9xX9gfC4BZiSzbLXKzW3jPz+J0P71pLbD5tBMTT+mkstV5gD0c9Q==
    dependencies:
      "@babel/runtime" "^7.20.7"
      classnames "^2.2.1"
      rc-util "^5.38.0"
      resize-observer-polyfill "^1.5.1"
  
  rc-segmented@~2.3.0:
    version "2.3.0"
    resolved "https://registry.npmmirror.com/rc-segmented/-/rc-segmented-2.3.0.tgz#b3fe080fb434a266c02e30bb62a47d2c6e094341"
    integrity sha512-I3FtM5Smua/ESXutFfb8gJ8ZPcvFR+qUgeeGFQHBOvRiRKyAk4aBE5nfqrxXx+h8/vn60DQjOt6i4RNtrbOobg==
    dependencies:
      "@babel/runtime" "^7.11.1"
      classnames "^2.2.1"
      rc-motion "^2.4.4"
      rc-util "^5.17.0"
  
  rc-select@~14.1.0, rc-select@~14.1.18:
    version "14.1.18"
    resolved "https://registry.npmmirror.com/rc-select/-/rc-select-14.1.18.tgz#f1d95233132cda9c1485963254255b83e97a37a9"
    integrity sha512-4JgY3oG2Yz68ECMUSCON7mtxuJvCSj+LJpHEg/AONaaVBxIIrmI/ZTuMJkyojall/X50YdBe5oMKqHHPNiPzEg==
    dependencies:
      "@babel/runtime" "^7.10.1"
      classnames "2.x"
      rc-motion "^2.0.1"
      rc-overflow "^1.0.0"
      rc-trigger "^5.0.4"
      rc-util "^5.16.1"
      rc-virtual-list "^3.2.0"
  
  rc-select@~14.13.0, rc-select@~14.13.1:
    version "14.13.2"
    resolved "https://registry.npmmirror.com/rc-select/-/rc-select-14.13.2.tgz#f44149439cf8e048e41d67955b8ad65809ed3c4d"
    integrity sha512-Xwt5ZcS5PKGR6bJL/dBRH6AFtC8FgVu2a+2T8NuyldhppKZlmZREK3nc5gONf+VlN+IbCxbr6vivgkbdPZJYng==
    dependencies:
      "@babel/runtime" "^7.10.1"
      "@rc-component/trigger" "^2.1.1"
      classnames "2.x"
      rc-motion "^2.0.1"
      rc-overflow "^1.3.1"
      rc-util "^5.16.1"
      rc-virtual-list "^3.5.2"
  
  rc-slider@~10.0.1:
    version "10.0.1"
    resolved "https://registry.npmmirror.com/rc-slider/-/rc-slider-10.0.1.tgz#7058c68ff1e1aa4e7c3536e5e10128bdbccb87f9"
    integrity sha512-igTKF3zBet7oS/3yNiIlmU8KnZ45npmrmHlUUio8PNbIhzMcsh+oE/r2UD42Y6YD2D/s+kzCQkzQrPD6RY435Q==
    dependencies:
      "@babel/runtime" "^7.10.1"
      classnames "^2.2.5"
      rc-util "^5.18.1"
      shallowequal "^1.1.0"
  
  rc-slider@~10.6.2:
    version "10.6.2"
    resolved "https://registry.npmmirror.com/rc-slider/-/rc-slider-10.6.2.tgz#8bd3b63b24f2f3682ea1bf86d021073189cf33eb"
    integrity sha512-FjkoFjyvUQWcBo1F3RgSglky3ar0+qHLM41PlFVYB4Bj3RD8E/Mv7kqMouLFBU+3aFglMzzctAIWRwajEuueSw==
    dependencies:
      "@babel/runtime" "^7.10.1"
      classnames "^2.2.5"
      rc-util "^5.36.0"
  
  rc-steps@~5.0.0:
    version "5.0.0"
    resolved "https://registry.npmmirror.com/rc-steps/-/rc-steps-5.0.0.tgz#2e2403f2dd69eb3966d65f461f7e3a8ee1ef69fe"
    integrity sha512-9TgRvnVYirdhbV0C3syJFj9EhCRqoJAsxt4i1rED5o8/ZcSv5TLIYyo4H8MCjLPvbe2R+oBAm/IYBEtC+OS1Rw==
    dependencies:
      "@babel/runtime" "^7.16.7"
      classnames "^2.2.3"
      rc-util "^5.16.1"
  
  rc-steps@~6.0.1:
    version "6.0.1"
    resolved "https://registry.npmmirror.com/rc-steps/-/rc-steps-6.0.1.tgz#c2136cd0087733f6d509209a84a5c80dc29a274d"
    integrity sha512-lKHL+Sny0SeHkQKKDJlAjV5oZ8DwCdS2hFhAkIjuQt1/pB81M0cA0ErVFdHq9+jmPmFw1vJB2F5NBzFXLJxV+g==
    dependencies:
      "@babel/runtime" "^7.16.7"
      classnames "^2.2.3"
      rc-util "^5.16.1"
  
  rc-switch@~3.2.2:
    version "3.2.2"
    resolved "https://registry.npmmirror.com/rc-switch/-/rc-switch-3.2.2.tgz#d001f77f12664d52595b4f6fb425dd9e66fba8e8"
    integrity sha512-+gUJClsZZzvAHGy1vZfnwySxj+MjLlGRyXKXScrtCTcmiYNPzxDFOxdQ/3pK1Kt/0POvwJ/6ALOR8gwdXGhs+A==
    dependencies:
      "@babel/runtime" "^7.10.1"
      classnames "^2.2.1"
      rc-util "^5.0.1"
  
  rc-switch@~4.1.0:
    version "4.1.0"
    resolved "https://registry.npmmirror.com/rc-switch/-/rc-switch-4.1.0.tgz#f37d81b4e0c5afd1274fd85367b17306bf25e7d7"
    integrity sha512-TI8ufP2Az9oEbvyCeVE4+90PDSljGyuwix3fV58p7HV2o4wBnVToEyomJRVyTaZeqNPAp+vqeo4Wnj5u0ZZQBg==
    dependencies:
      "@babel/runtime" "^7.21.0"
      classnames "^2.2.1"
      rc-util "^5.30.0"
  
  rc-table@~7.26.0:
    version "7.26.0"
    resolved "https://registry.npmmirror.com/rc-table/-/rc-table-7.26.0.tgz#9d517e7fa512e7571fdcc453eb1bf19edfac6fbc"
    integrity sha512-0cD8e6S+DTGAt5nBZQIPFYEaIukn17sfa5uFL98faHlH/whZzD8ii3dbFL4wmUDEL4BLybhYop+QUfZJ4CPvNQ==
    dependencies:
      "@babel/runtime" "^7.10.1"
      classnames "^2.2.5"
      rc-resize-observer "^1.1.0"
      rc-util "^5.22.5"
      shallowequal "^1.1.0"
  
  rc-table@~7.45.5:
    version "7.45.5"
    resolved "https://registry.npmmirror.com/rc-table/-/rc-table-7.45.5.tgz#677e82e311486ba770e5c40673521156f0c1a372"
    integrity sha512-R5sOfToOk7CalSkebZpqM8lkKWOJR7uXPGEhjjTSoj5egyHBwMxaACoPj2oI+6qLSll9yZrG5K+8HTN57b2Ahg==
    dependencies:
      "@babel/runtime" "^7.10.1"
      "@rc-component/context" "^1.4.0"
      classnames "^2.2.5"
      rc-resize-observer "^1.1.0"
      rc-util "^5.37.0"
      rc-virtual-list "^3.11.1"
  
  rc-tabs@~12.5.10:
    version "12.5.10"
    resolved "https://registry.npmmirror.com/rc-tabs/-/rc-tabs-12.5.10.tgz#0e41c723fac66c4f0bcad3271429fff6653b0721"
    integrity sha512-Ay0l0jtd4eXepFH9vWBvinBjqOpqzcsJTerBGwJy435P2S90Uu38q8U/mvc1sxUEVOXX5ZCFbxcWPnfG3dH+tQ==
    dependencies:
      "@babel/runtime" "^7.11.2"
      classnames "2.x"
      rc-dropdown "~4.0.0"
      rc-menu "~9.8.0"
      rc-motion "^2.6.2"
      rc-resize-observer "^1.0.0"
      rc-util "^5.16.0"
  
  "rc-tabs@~15.0.0 ":
    version "15.0.0"
    resolved "https://registry.npmmirror.com/rc-tabs/-/rc-tabs-15.0.0.tgz#6d46f2ed7587a6d72f2c8e7ce371e7d4e0f4ef4a"
    integrity sha512-7m541VcEiJSpHZmosMZNMIhemxtIN+f0WDhZNyXQ1/cZ40aaWsknlbj0FH6HryLoKEQvBnCI89hgQuT7MBSOBA==
    dependencies:
      "@babel/runtime" "^7.11.2"
      classnames "2.x"
      rc-dropdown "~4.2.0"
      rc-menu "~9.13.0"
      rc-motion "^2.6.2"
      rc-resize-observer "^1.0.0"
      rc-util "^5.34.1"
  
  rc-textarea@^0.4.0, rc-textarea@~0.4.7:
    version "0.4.7"
    resolved "https://registry.npmmirror.com/rc-textarea/-/rc-textarea-0.4.7.tgz#627f662d46f99e0059d1c1ebc8db40c65339fe90"
    integrity sha512-IQPd1CDI3mnMlkFyzt2O4gQ2lxUsnBAeJEoZGJnkkXgORNqyM9qovdrCj9NzcRfpHgLdzaEbU3AmobNFGUznwQ==
    dependencies:
      "@babel/runtime" "^7.10.1"
      classnames "^2.2.1"
      rc-resize-observer "^1.0.0"
      rc-util "^5.24.4"
      shallowequal "^1.1.0"
  
  rc-textarea@~1.6.1, rc-textarea@~1.6.3:
    version "1.6.3"
    resolved "https://registry.npmmirror.com/rc-textarea/-/rc-textarea-1.6.3.tgz#3f294fdf5dfadbe9d0e7b695cea4da557728a9be"
    integrity sha512-8k7+8Y2GJ/cQLiClFMg8kUXOOdvcFQrnGeSchOvI2ZMIVvX5a3zQpLxoODL0HTrvU63fPkRmMuqaEcOF9dQemA==
    dependencies:
      "@babel/runtime" "^7.10.1"
      classnames "^2.2.1"
      rc-input "~1.4.0"
      rc-resize-observer "^1.0.0"
      rc-util "^5.27.0"
  
  rc-tooltip@~5.2.2:
    version "5.2.2"
    resolved "https://registry.npmmirror.com/rc-tooltip/-/rc-tooltip-5.2.2.tgz#e5cafa8ecebf78108936a0bcb93c150fa81ac93b"
    integrity sha512-jtQzU/18S6EI3lhSGoDYhPqNpWajMtS5VV/ld1LwyfrDByQpYmw/LW6U7oFXXLukjfDHQ7Ju705A82PRNFWYhg==
    dependencies:
      "@babel/runtime" "^7.11.2"
      classnames "^2.3.1"
      rc-trigger "^5.0.0"
  
  rc-tooltip@~6.2.0:
    version "6.2.0"
    resolved "https://registry.npmmirror.com/rc-tooltip/-/rc-tooltip-6.2.0.tgz#4dd7575674137a5b14f118a5c16435d3f5e4a9c9"
    integrity sha512-iS/3iOAvtDh9GIx1ulY7EFUXUtktFccNLsARo3NPgLf0QW9oT0w3dA9cYWlhqAKmD+uriEwdWz1kH0Qs4zk2Aw==
    dependencies:
      "@babel/runtime" "^7.11.2"
      "@rc-component/trigger" "^2.0.0"
      classnames "^2.3.1"
  
  rc-tree-select@~5.20.0:
    version "5.20.0"
    resolved "https://registry.npmmirror.com/rc-tree-select/-/rc-tree-select-5.20.0.tgz#b8f9f5ea08c673c77131a514e1f7d2b2e516449d"
    integrity sha512-zFtkHx5/6PnXSi3oSbBSFbIPiJJQdpSU3qz/joLe75URgvxmTHi989O8MtMgpwyZwrCMOJpGi6L1uy+13uzZPw==
    dependencies:
      "@babel/runtime" "^7.10.1"
      classnames "2.x"
      rc-select "~14.13.0"
      rc-tree "~5.8.1"
      rc-util "^5.16.1"
  
  rc-tree-select@~5.5.5:
    version "5.5.5"
    resolved "https://registry.npmmirror.com/rc-tree-select/-/rc-tree-select-5.5.5.tgz#d28b3b45da1e820cd21762ba0ee93c19429bb369"
    integrity sha512-k2av7jF6tW9bIO4mQhaVdV4kJ1c54oxV3/hHVU+oD251Gb5JN+m1RbJFTMf1o0rAFqkvto33rxMdpafaGKQRJw==
    dependencies:
      "@babel/runtime" "^7.10.1"
      classnames "2.x"
      rc-select "~14.1.0"
      rc-tree "~5.7.0"
      rc-util "^5.16.1"
  
  rc-tree@~5.7.0, rc-tree@~5.7.12:
    version "5.7.12"
    resolved "https://registry.npmmirror.com/rc-tree/-/rc-tree-5.7.12.tgz#6910e551390963708936c2cbf925f9deff4a6d76"
    integrity sha512-LXA5nY2hG5koIAlHW5sgXgLpOMz+bFRbnZZ+cCg0tQs4Wv1AmY7EDi1SK7iFXhslYockbqUerQan82jljoaItg==
    dependencies:
      "@babel/runtime" "^7.10.1"
      classnames "2.x"
      rc-motion "^2.0.1"
      rc-util "^5.16.1"
      rc-virtual-list "^3.5.1"
  
  rc-tree@~5.8.1, rc-tree@~5.8.5:
    version "5.8.7"
    resolved "https://registry.npmmirror.com/rc-tree/-/rc-tree-5.8.7.tgz#79fe560eca8a998a5cd866cdf374ffc3643754f1"
    integrity sha512-cpsIQZ4nNYwpj6cqPRt52e/69URuNdgQF9wZ10InmEf8W3+i0A41OVmZWwHuX9gegQSqj+DPmaDkZFKQZ+ZV1w==
    dependencies:
      "@babel/runtime" "^7.10.1"
      classnames "2.x"
      rc-motion "^2.0.1"
      rc-util "^5.16.1"
      rc-virtual-list "^3.5.1"
  
  rc-trigger@^5.0.0, rc-trigger@^5.0.4, rc-trigger@^5.1.2, rc-trigger@^5.3.1, rc-trigger@^5.3.4:
    version "5.3.4"
    resolved "https://registry.npmmirror.com/rc-trigger/-/rc-trigger-5.3.4.tgz#6b4b26e32825677c837d1eb4d7085035eecf9a61"
    integrity sha512-mQv+vas0TwKcjAO2izNPkqR4j86OemLRmvL2nOzdP9OWNWA1ivoTt5hzFqYNW9zACwmTezRiN8bttrC7cZzYSw==
    dependencies:
      "@babel/runtime" "^7.18.3"
      classnames "^2.2.6"
      rc-align "^4.0.0"
      rc-motion "^2.0.0"
      rc-util "^5.19.2"
  
  rc-upload@~4.3.6:
    version "4.3.6"
    resolved "https://registry.npmmirror.com/rc-upload/-/rc-upload-4.3.6.tgz#6a87397315cee065a04bee4103d6de9dbe2e377a"
    integrity sha512-Bt7ESeG5tT3IY82fZcP+s0tQU2xmo1W6P3S8NboUUliquJLQYLkUcsaExi3IlBVr43GQMCjo30RA2o0i70+NjA==
    dependencies:
      "@babel/runtime" "^7.18.3"
      classnames "^2.2.5"
      rc-util "^5.2.0"
  
  rc-upload@~4.5.2:
    version "4.5.2"
    resolved "https://registry.npmmirror.com/rc-upload/-/rc-upload-4.5.2.tgz#ea493fbaaf57d9369ee954b20e1d8bc35c818a1a"
    integrity sha512-QO3ne77DwnAPKFn0bA5qJM81QBjQi0e0NHdkvpFyY73Bea2NfITiotqJqVjHgeYPOJu5lLVR32TNGP084aSoXA==
    dependencies:
      "@babel/runtime" "^7.18.3"
      classnames "^2.2.5"
      rc-util "^5.2.0"
  
  rc-util@^5.0.1, rc-util@^5.0.6, rc-util@^5.16.0, rc-util@^5.16.1, rc-util@^5.17.0, rc-util@^5.18.1, rc-util@^5.19.2, rc-util@^5.2.0, rc-util@^5.2.1, rc-util@^5.20.1, rc-util@^5.21.0, rc-util@^5.21.2, rc-util@^5.22.5, rc-util@^5.23.0, rc-util@^5.24.4, rc-util@^5.25.2, rc-util@^5.26.0, rc-util@^5.27.0, rc-util@^5.28.0, rc-util@^5.30.0, rc-util@^5.31.1, rc-util@^5.32.2, rc-util@^5.34.1, rc-util@^5.35.0, rc-util@^5.36.0, rc-util@^5.37.0, rc-util@^5.38.0, rc-util@^5.38.1, rc-util@^5.39.1, rc-util@^5.6.1, rc-util@^5.9.4:
    version "5.39.3"
    resolved "https://registry.npmmirror.com/rc-util/-/rc-util-5.39.3.tgz#79c7253cff7c71175b772e8242ca66459c1512eb"
    integrity sha512-j9wOELkLQ8gC/NkUg3qg9mHZcJf+5mYYv40JrDHqnaf8VSycji4pCf7kJ5fdTXQPDIF0vr5zpb/T2HdrMs9rWA==
    dependencies:
      "@babel/runtime" "^7.18.3"
      react-is "^18.2.0"
  
  rc-virtual-list@^3.11.1, rc-virtual-list@^3.2.0, rc-virtual-list@^3.5.1, rc-virtual-list@^3.5.2:
    version "3.11.5"
    resolved "https://registry.npmmirror.com/rc-virtual-list/-/rc-virtual-list-3.11.5.tgz#d4ba3bbd8e7ceae846f575a7d982d061ace1e76e"
    integrity sha512-iZRW99m5jAxtwKNPLwUrPryurcnKpXBdTyhuBp6ythf7kg/otKO5cCiIvL55GQwU0QGSlouQS0tnkciRMJUwRQ==
    dependencies:
      "@babel/runtime" "^7.20.0"
      classnames "^2.2.6"
      rc-resize-observer "^1.0.0"
      rc-util "^5.36.0"
  
  react-base-table@^1.12.0, react-base-table@^1.13.0:
    version "1.13.4"
    resolved "https://registry.npmmirror.com/react-base-table/-/react-base-table-1.13.4.tgz#2becf4dafdf30e9ac69def2313a47991cf316f53"
    integrity sha512-HEMjAvERnF8CsRkJFLyeZrtv0Rv1w8EfTNiwhTXjSu5KNuHoHZho1P2CB7UvSqq4NcqNeZt8j0xyziJyKSrQng==
    dependencies:
      "@babel/runtime" "^7.0.0"
      classnames "^2.2.5"
      memoize-one "^5.0.0"
      prop-types "^15.7.0"
      react-virtualized-auto-sizer "^1.0.2"
      react-window "^1.8.2"
  
  react-beautiful-dnd@^13.1.0:
    version "13.1.1"
    resolved "https://registry.npmmirror.com/react-beautiful-dnd/-/react-beautiful-dnd-13.1.1.tgz#b0f3087a5840920abf8bb2325f1ffa46d8c4d0a2"
    integrity sha512-0Lvs4tq2VcrEjEgDXHjT98r+63drkKEgqyxdA7qD3mvKwga6a5SscbdLPO2IExotU1jW8L0Ksdl0Cj2AF67nPQ==
    dependencies:
      "@babel/runtime" "^7.9.2"
      css-box-model "^1.2.0"
      memoize-one "^5.1.1"
      raf-schd "^4.0.2"
      react-redux "^7.2.0"
      redux "^4.0.4"
      use-memo-one "^1.1.1"
  
  react-color@^2.19.3:
    version "2.19.3"
    resolved "https://registry.npmmirror.com/react-color/-/react-color-2.19.3.tgz#ec6c6b4568312a3c6a18420ab0472e146aa5683d"
    integrity sha512-LEeGE/ZzNLIsFWa1TMe8y5VYqr7bibneWmvJwm1pCn/eNmrabWDh659JSPn9BuaMpEfU83WTOJfnCcjDZwNQTA==
    dependencies:
      "@icons/material" "^0.2.4"
      lodash "^4.17.15"
      lodash-es "^4.17.15"
      material-colors "^1.2.1"
      prop-types "^15.5.10"
      reactcss "^1.2.0"
      tinycolor2 "^1.4.1"
  
  react-dnd-html5-backend@^15.1.2:
    version "15.1.3"
    resolved "https://registry.npmmirror.com/react-dnd-html5-backend/-/react-dnd-html5-backend-15.1.3.tgz#57b4f47e0f23923e7c243d2d0eefe490069115a9"
    integrity sha512-HH/8nOEmrrcRGHMqJR91FOwhnLlx5SRLXmsQwZT3IPcBjx88WT+0pWC5A4tDOYDdoooh9k+KMPvWfxooR5TcOA==
    dependencies:
      dnd-core "15.1.2"
  
  react-dnd@^15.1.1:
    version "15.1.2"
    resolved "https://registry.npmmirror.com/react-dnd/-/react-dnd-15.1.2.tgz#211b30fd842326209c63f26f1bdf1bc52eef4f64"
    integrity sha512-EaSbMD9iFJDY/o48T3c8wn3uWU+2uxfFojhesZN3LhigJoAIvH2iOjxofSA9KbqhAKP6V9P853G6XG8JngKVtA==
    dependencies:
      "@react-dnd/invariant" "3.0.1"
      "@react-dnd/shallowequal" "3.0.1"
      dnd-core "15.1.2"
      fast-deep-equal "^3.1.3"
      hoist-non-react-statics "^3.3.2"
  
  react-dom@^17.0.2:
    version "17.0.2"
    resolved "https://registry.npmmirror.com/react-dom/-/react-dom-17.0.2.tgz#ecffb6845e3ad8dbfcdc498f0d0a939736502c23"
    integrity sha512-s4h96KtLDUQlsENhMn1ar8t2bEa+q/YAtj8pPPdIjPDGBDIVNsrD9aXNWqspUe6AzKCIG0C1HZZLqLV7qpOBGA==
    dependencies:
      loose-envify "^1.1.0"
      object-assign "^4.1.1"
      scheduler "^0.20.2"
  
  react-fast-compare@^2.0.1:
    version "2.0.4"
    resolved "https://registry.npmmirror.com/react-fast-compare/-/react-fast-compare-2.0.4.tgz#e84b4d455b0fec113e0402c329352715196f81f9"
    integrity sha512-suNP+J1VU1MWFKcyt7RtjiSWUjvidmQSlqu+eHslq+342xCbGTYmC0mEhPCOHxlW0CywylOC1u2DFAT+bv4dBw==
  
  react-hovertable@^0.3.0:
    version "0.3.0"
    resolved "https://registry.npmmirror.com/react-hovertable/-/react-hovertable-0.3.0.tgz#8f9b6a5ba1eec1df5e7cfc29d258d55b878f2289"
    integrity sha512-H5SP/lITn1aQbrZe0cBl0hx294+X41mi3WhQaKLjHP9yWoVaRqmZhbkzPEF+gJr9oixO4GaO4FmhsHn9C4sz4g==
    dependencies:
      radium "^0.23.0"
      react-modular-table "^1.5.0"
  
  react-is@^16.13.1, react-is@^16.3.1, react-is@^16.6.0, react-is@^16.7.0:
    version "16.13.1"
    resolved "https://registry.npmmirror.com/react-is/-/react-is-16.13.1.tgz#789729a4dc36de2999dc156dd6c1d9c18cea56a4"
    integrity sha512-24e6ynE2H+OKt4kqsOvNd8kBpV65zoxbA4BVsEOB3ARVWQki/DHzaUoC5KuON/BiccDaCCTZBuOcfZs70kR8bQ==
  
  react-is@^17.0.2:
    version "17.0.2"
    resolved "https://registry.npmmirror.com/react-is/-/react-is-17.0.2.tgz#e691d4a8e9c789365655539ab372762b0efb54f0"
    integrity sha512-w2GsyukL62IJnlaff/nRegPQR94C/XXamvMWmSHRJ4y7Ts/4ocGRmTHvOs8PSE6pB3dWOrD/nueuU5sduBsQ4w==
  
  react-is@^18.2.0:
    version "18.3.1"
    resolved "https://registry.npmmirror.com/react-is/-/react-is-18.3.1.tgz#e83557dc12eae63a99e003a46388b1dcbb44db7e"
    integrity sha512-/LLMVyas0ljjAtoYiPqYiL8VWXzUUdThrmU5+n20DZv+a+ClRoevUzw5JxU+Ieh5/c87ytoTBV9G1FiKfNJdmg==
  
  react-lifecycles-compat@^3.0.4:
    version "3.0.4"
    resolved "https://registry.npmmirror.com/react-lifecycles-compat/-/react-lifecycles-compat-3.0.4.tgz#4f1a273afdfc8f3488a8c516bfda78f872352362"
    integrity sha512-fBASbA6LnOU9dOU2eW7aQ8xmYBSXUIWr+UmF9b1efZBazGNO+rcXT/icdKnYm2pTwcRylVUYwW7H1PHfLekVzA==
  
  react-modular-table@^1.5.0:
    version "1.5.0"
    resolved "https://registry.npmmirror.com/react-modular-table/-/react-modular-table-1.5.0.tgz#4898c4b5b37b9ed94cfeafc85a707f4b26257331"
    integrity sha512-KZf5e6z74oiOU0Ba73VIb1BSPcMaF0Z2LDB6jQK+TejHokL3J2x882sVlXrXXU0LDh1ESTjxCTwJs9SyKAvZpQ==
    dependencies:
      styled-components "^3.2.5"
      warning "^3.0.0"
  
  react-overlays@^5.1.1:
    version "5.2.1"
    resolved "https://registry.npmmirror.com/react-overlays/-/react-overlays-5.2.1.tgz#49dc007321adb6784e1f212403f0fb37a74ab86b"
    integrity sha512-GLLSOLWr21CqtJn8geSwQfoJufdt3mfdsnIiQswouuQ2MMPns+ihZklxvsTDKD3cR2tF8ELbi5xUsvqVhR6WvA==
    dependencies:
      "@babel/runtime" "^7.13.8"
      "@popperjs/core" "^2.11.6"
      "@restart/hooks" "^0.4.7"
      "@types/warning" "^3.0.0"
      dom-helpers "^5.2.0"
      prop-types "^15.7.2"
      uncontrollable "^7.2.1"
      warning "^4.0.3"
  
  react-redux@^7.2.0:
    version "7.2.9"
    resolved "https://registry.npmmirror.com/react-redux/-/react-redux-7.2.9.tgz#09488fbb9416a4efe3735b7235055442b042481d"
    integrity sha512-Gx4L3uM182jEEayZfRbI/G11ZpYdNAnBs70lFVMNdHJI76XYtR+7m0MN+eAs7UHBPhWXcnFPaS+9owSCJQHNpQ==
    dependencies:
      "@babel/runtime" "^7.15.4"
      "@types/react-redux" "^7.1.20"
      hoist-non-react-statics "^3.3.2"
      loose-envify "^1.4.0"
      prop-types "^15.7.2"
      react-is "^17.0.2"
  
  react-router-dom@^5.3.0:
    version "5.3.4"
    resolved "https://registry.npmmirror.com/react-router-dom/-/react-router-dom-5.3.4.tgz#2ed62ffd88cae6db134445f4a0c0ae8b91d2e5e6"
    integrity sha512-m4EqFMHv/Ih4kpcBCONHbkT68KoAeHN4p3lAGoNryfHi0dMy0kCzEZakiKRsvg5wHZ/JLrLW8o8KomWiz/qbYQ==
    dependencies:
      "@babel/runtime" "^7.12.13"
      history "^4.9.0"
      loose-envify "^1.3.1"
      prop-types "^15.6.2"
      react-router "5.3.4"
      tiny-invariant "^1.0.2"
      tiny-warning "^1.0.0"
  
  react-router@5.3.4:
    version "5.3.4"
    resolved "https://registry.npmmirror.com/react-router/-/react-router-5.3.4.tgz#8ca252d70fcc37841e31473c7a151cf777887bb5"
    integrity sha512-Ys9K+ppnJah3QuaRiLxk+jDWOR1MekYQrlytiXxC1RyfbdsZkS5pvKAzCCr031xHixZwpnsYNT5xysdFHQaYsA==
    dependencies:
      "@babel/runtime" "^7.12.13"
      history "^4.9.0"
      hoist-non-react-statics "^3.1.0"
      loose-envify "^1.3.1"
      path-to-regexp "^1.7.0"
      prop-types "^15.6.2"
      react-is "^16.6.0"
      tiny-invariant "^1.0.2"
      tiny-warning "^1.0.0"
  
  react-virtualized-auto-sizer@^1.0.2:
    version "1.0.24"
    resolved "https://registry.npmmirror.com/react-virtualized-auto-sizer/-/react-virtualized-auto-sizer-1.0.24.tgz#3ebdc92f4b05ad65693b3cc8e7d8dd54924c0227"
    integrity sha512-3kCn7N9NEb3FlvJrSHWGQ4iVl+ydQObq2fHMn12i5wbtm74zHOPhz/i64OL3c1S1vi9i2GXtZqNqUJTQ+BnNfg==
  
  react-window@^1.8.2:
    version "1.8.10"
    resolved "https://registry.npmmirror.com/react-window/-/react-window-1.8.10.tgz#9e6b08548316814b443f7002b1cf8fd3a1bdde03"
    integrity sha512-Y0Cx+dnU6NLa5/EvoHukUD0BklJ8qITCtVEPY1C/nL8wwoZ0b5aEw8Ff1dOVHw7fCzMt55XfJDd8S8W8LCaUCg==
    dependencies:
      "@babel/runtime" "^7.0.0"
      memoize-one ">=3.1.1 <6"
  
  react@^17.0.2:
    version "17.0.2"
    resolved "https://registry.npmmirror.com/react/-/react-17.0.2.tgz#d0b5cc516d29eb3eee383f75b62864cfb6800037"
    integrity sha512-gnhPt75i/dq/z3/6q/0asP78D0u592D5L1pd7M8P+dck6Fu/jJeL6iVVK23fptSUZj8Vjf++7wXA8UNclGQcbA==
    dependencies:
      loose-envify "^1.1.0"
      object-assign "^4.1.1"
  
  reactcss@^1.2.0:
    version "1.2.3"
    resolved "https://registry.npmmirror.com/reactcss/-/reactcss-1.2.3.tgz#c00013875e557b1cf0dfd9a368a1c3dab3b548dd"
    integrity sha512-KiwVUcFu1RErkI97ywr8nvx8dNOpT03rbnma0SSalTYjkrPYaEajR4a/MRt6DZ46K6arDRbWMNHF+xH7G7n/8A==
    dependencies:
      lodash "^4.0.1"
  
  readable-stream@^2.0.1:
    version "2.3.8"
    resolved "https://registry.npmmirror.com/readable-stream/-/readable-stream-2.3.8.tgz#91125e8042bba1b9887f49345f6277027ce8be9b"
    integrity sha512-8p0AUk4XODgIewSi0l8Epjs+EVnWiK7NoDIEGU0HhE7+ZyY8D1IMY7odu5lRrFXGg71L15KG8QrPmum45RTtdA==
    dependencies:
      core-util-is "~1.0.0"
      inherits "~2.0.3"
      isarray "~1.0.0"
      process-nextick-args "~2.0.0"
      safe-buffer "~5.1.1"
      string_decoder "~1.1.1"
      util-deprecate "~1.0.1"
  
  readable-stream@^3.0.6:
    version "3.6.2"
    resolved "https://registry.npmmirror.com/readable-stream/-/readable-stream-3.6.2.tgz#56a9b36ea965c00c5a93ef31eb111a0f11056967"
    integrity sha512-9u/sniCrY3D5WdsERHzHE4G2YCXqoG5FTHUiCC4SIbr6XcLZBY05ya9EKjYek9O5xOAwjGq+1JdGBAS7Q9ScoA==
    dependencies:
      inherits "^2.0.3"
      string_decoder "^1.1.1"
      util-deprecate "^1.0.1"
  
  readdirp@~3.6.0:
    version "3.6.0"
    resolved "https://registry.npmmirror.com/readdirp/-/readdirp-3.6.0.tgz#74a370bd857116e245b29cc97340cd431a02a6c7"
    integrity sha512-hOS089on8RduqdbhvQ5Z37A0ESjsqz6qnRcffsMU3495FuTdqSm+7bhJ29JvIOsBDEEnan5DPu9t3To9VRlMzA==
    dependencies:
      picomatch "^2.2.1"
  
  rechoir@^0.8.0:
    version "0.8.0"
    resolved "https://registry.npmmirror.com/rechoir/-/rechoir-0.8.0.tgz#49f866e0d32146142da3ad8f0eff352b3215ff22"
    integrity sha512-/vxpCXddiX8NGfGO/mTafwjq4aFa/71pvamip0++IQk3zG8cbCj0fifNPrjjF1XMXUne91jL9OoxmdykoEtifQ==
    dependencies:
      resolve "^1.20.0"
  
  recoil@>=0.6.1:
    version "0.7.7"
    resolved "https://registry.npmmirror.com/recoil/-/recoil-0.7.7.tgz#c5f2c843224384c9c09e4a62c060fb4c1454dc8e"
    integrity sha512-8Og5KPQW9LwC577Vc7Ug2P0vQshkv1y3zG3tSSkWMqkWSwHmE+by06L8JtnGocjW6gcCvfwB3YtrJG6/tWivNQ==
    dependencies:
      hamt_plus "1.0.2"
  
  redux@^4.0.0, redux@^4.0.4, redux@^4.1.2:
    version "4.2.1"
    resolved "https://registry.npmmirror.com/redux/-/redux-4.2.1.tgz#c08f4306826c49b5e9dc901dee0452ea8fce6197"
    integrity sha512-LAUYz4lc+Do8/g7aeRa8JkyDErK6ekstQaqWQrNRW//MY1TvCEpMtpTWvlQ+FPbWCx+Xixu/6SHt5N0HR+SB4w==
    dependencies:
      "@babel/runtime" "^7.9.2"
  
  regenerate-unicode-properties@^10.1.0:
    version "10.1.1"
    resolved "https://registry.npmmirror.com/regenerate-unicode-properties/-/regenerate-unicode-properties-10.1.1.tgz#6b0e05489d9076b04c436f318d9b067bba459480"
    integrity sha512-X007RyZLsCJVVrjgEFVpLUTZwyOZk3oiL75ZcuYjlIWd6rNJtOjkBwQc5AsRrpbKVkxN6sklw/k/9m2jJYOf8Q==
    dependencies:
      regenerate "^1.4.2"
  
  regenerate@^1.4.2:
    version "1.4.2"
    resolved "https://registry.npmmirror.com/regenerate/-/regenerate-1.4.2.tgz#b9346d8827e8f5a32f7ba29637d398b69014848a"
    integrity sha512-zrceR/XhGYU/d/opr2EKO7aRHUeiBI8qjtfHqADTwZd6Szfy16la6kqD0MIUs5z5hx6AaKa+PixpPrR289+I0A==
  
  regenerator-runtime@^0.14.0:
    version "0.14.1"
    resolved "https://registry.npmmirror.com/regenerator-runtime/-/regenerator-runtime-0.14.1.tgz#356ade10263f685dda125100cd862c1db895327f"
    integrity sha512-dYnhHh0nJoMfnkZs6GmmhFknAGRrLznOu5nc9ML+EJxGvrx6H7teuevqVqCuPcPK//3eDrrjQhehXVx9cnkGdw==
  
  regenerator-transform@^0.15.2:
    version "0.15.2"
    resolved "https://registry.npmmirror.com/regenerator-transform/-/regenerator-transform-0.15.2.tgz#5bbae58b522098ebdf09bca2f83838929001c7a4"
    integrity sha512-hfMp2BoF0qOk3uc5V20ALGDS2ddjQaLrdl7xrGXvAIow7qeWRM2VA2HuCHkUKk9slq3VwEwLNK3DFBqDfPGYtg==
    dependencies:
      "@babel/runtime" "^7.8.4"
  
  regexp.prototype.flags@^1.5.2:
    version "1.5.2"
    resolved "https://registry.npmmirror.com/regexp.prototype.flags/-/regexp.prototype.flags-1.5.2.tgz#138f644a3350f981a858c44f6bb1a61ff59be334"
    integrity sha512-NcDiDkTLuPR+++OCKB0nWafEmhg/Da8aUPLPMQbK+bxKKCm1/S5he+AqYa4PlMCVBalb4/yxIRub6qkEx5yJbw==
    dependencies:
      call-bind "^1.0.6"
      define-properties "^1.2.1"
      es-errors "^1.3.0"
      set-function-name "^2.0.1"
  
  regexpu-core@^5.3.1:
    version "5.3.2"
    resolved "https://registry.npmmirror.com/regexpu-core/-/regexpu-core-5.3.2.tgz#11a2b06884f3527aec3e93dbbf4a3b958a95546b"
    integrity sha512-RAM5FlZz+Lhmo7db9L298p2vHP5ZywrVXmVXpmAD9GuL5MPH6t9ROw1iA/wfHkQ76Qe7AaPF0nGuim96/IrQMQ==
    dependencies:
      "@babel/regjsgen" "^0.8.0"
      regenerate "^1.4.2"
      regenerate-unicode-properties "^10.1.0"
      regjsparser "^0.9.1"
      unicode-match-property-ecmascript "^2.0.0"
      unicode-match-property-value-ecmascript "^2.1.0"
  
  regjsparser@^0.9.1:
    version "0.9.1"
    resolved "https://registry.npmmirror.com/regjsparser/-/regjsparser-0.9.1.tgz#272d05aa10c7c1f67095b1ff0addae8442fc5709"
    integrity sha512-dQUtn90WanSNl+7mQKcXAgZxvUe7Z0SqXlgzv0za4LwiUhyzBC58yQO3liFoUgu8GiJVInAhJjkj1N0EtQ5nkQ==
    dependencies:
      jsesc "~0.5.0"
  
  require-from-string@^2.0.2:
    version "2.0.2"
    resolved "https://registry.npmmirror.com/require-from-string/-/require-from-string-2.0.2.tgz#89a7fdd938261267318eafe14f9c32e598c36909"
    integrity sha512-Xf0nWe6RseziFMu+Ap9biiUbmplq6S9/p+7w7YXP/JBHhrUDDUhwa+vANyubuqfZWTveU//DYVGsDG7RKL/vEw==
  
  requires-port@^1.0.0:
    version "1.0.0"
    resolved "https://registry.npmmirror.com/requires-port/-/requires-port-1.0.0.tgz#925d2601d39ac485e091cf0da5c6e694dc3dcaff"
    integrity sha512-KigOCHcocU3XODJxsu8i/j8T9tzT4adHiecwORRQ0ZZFcp7ahwXuRU1m+yuO90C5ZUyGeGfocHDI14M3L3yDAQ==
  
  resize-observer-polyfill@^1.5.1:
    version "1.5.1"
    resolved "https://registry.npmmirror.com/resize-observer-polyfill/-/resize-observer-polyfill-1.5.1.tgz#0e9020dd3d21024458d4ebd27e23e40269810464"
    integrity sha512-LwZrotdHOo12nQuZlHEmtuXdqGoOD0OhaxopaNFxWzInpEgaLWoVuAMbTzixuosCx2nEG58ngzW3vxdWoxIgdg==
  
  resolve-cwd@^3.0.0:
    version "3.0.0"
    resolved "https://registry.npmmirror.com/resolve-cwd/-/resolve-cwd-3.0.0.tgz#0f0075f1bb2544766cf73ba6a6e2adfebcb13f2d"
    integrity sha512-OrZaX2Mb+rJCpH/6CpSqt9xFVpN++x01XnN2ie9g6P5/3xelLAkXWVADpdz1IHD/KFfEXyE6V0U01OQ3UO2rEg==
    dependencies:
      resolve-from "^5.0.0"
  
  resolve-from@^4.0.0:
    version "4.0.0"
    resolved "https://registry.npmmirror.com/resolve-from/-/resolve-from-4.0.0.tgz#4abcd852ad32dd7baabfe9b40e00a36db5f392e6"
    integrity sha512-pb/MYmXstAkysRFx8piNI1tGFNQIFA3vkE3Gq4EuA1dF6gHp/+vgZqsCGJapvy8N3Q+4o7FwvquPJcnZ7RYy4g==
  
  resolve-from@^5.0.0:
    version "5.0.0"
    resolved "https://registry.npmmirror.com/resolve-from/-/resolve-from-5.0.0.tgz#c35225843df8f776df21c57557bc087e9dfdfc69"
    integrity sha512-qYg9KP24dD5qka9J47d0aVky0N+b4fTU89LN9iDnjB5waksiC49rvMB0PrUJQGoTmH50XPiqOvAjDfaijGxYZw==
  
  resolve-pathname@^3.0.0:
    version "3.0.0"
    resolved "https://registry.npmmirror.com/resolve-pathname/-/resolve-pathname-3.0.0.tgz#99d02224d3cf263689becbb393bc560313025dcd"
    integrity sha512-C7rARubxI8bXFNB/hqcp/4iUeIXJhJZvFPFPiSPRnhU5UPxzMFIl+2E6yY6c4k9giDJAhtV+enfA+G89N6Csng==
  
  resolve@^1.12.0, resolve@^1.14.2, resolve@^1.20.0:
    version "1.22.8"
    resolved "https://registry.npmmirror.com/resolve/-/resolve-1.22.8.tgz#b6c87a9f2aa06dfab52e3d70ac8cde321fa5a48d"
    integrity sha512-oKWePCxqpd6FlLvGV1VU0x7bkPmmCNolxzjMf4NczoDnQcIWrAF+cPtZn5i6n+RfD2d9i0tzpKnG6Yk168yIyw==
    dependencies:
      is-core-module "^2.13.0"
      path-parse "^1.0.7"
      supports-preserve-symlinks-flag "^1.0.0"
  
  retry@^0.13.1:
    version "0.13.1"
    resolved "https://registry.npmmirror.com/retry/-/retry-0.13.1.tgz#185b1587acf67919d63b357349e03537b2484658"
    integrity sha512-XQBQ3I8W1Cge0Seh+6gjj03LbmRFWuoszgK9ooCpwYIrhhoO80pfq4cUkU5DkknwfOfFteRwlZ56PYOGYyFWdg==
  
  reusify@^1.0.4:
    version "1.0.4"
    resolved "https://registry.npmmirror.com/reusify/-/reusify-1.0.4.tgz#90da382b1e126efc02146e90845a88db12925d76"
    integrity sha512-U9nH88a3fc/ekCF1l0/UP1IosiuIjyTh7hBvXVMHYgVcfGvt897Xguj2UOLDeI5BG2m7/uwyaLVT6fbtCwTyzw==
  
  rimraf@^2.6.3:
    version "2.7.1"
    resolved "https://registry.npmmirror.com/rimraf/-/rimraf-2.7.1.tgz#35797f13a7fdadc566142c29d4f07ccad483e3ec"
    integrity sha512-uWjbaKIK3T1OSVptzX7Nl6PvQ3qAGtKEtVRjRuazjfL3Bx5eI409VZSqgND+4UNnmzLVdPj9FqFJNPqBZFve4w==
    dependencies:
      glob "^7.1.3"
  
  rimraf@^3.0.2:
    version "3.0.2"
    resolved "https://registry.npmmirror.com/rimraf/-/rimraf-3.0.2.tgz#f1a5402ba6220ad52cc1282bac1ae3aa49fd061a"
    integrity sha512-JZkJMZkAGFFPP2YqXZXPbMlMBgsxzE8ILs4lMIX/2o0L9UBw9O/Y3o6wFw/i9YLapcUJWwqbi3kdxIPdC62TIA==
    dependencies:
      glob "^7.1.3"
  
  rosetta@^1.1.0:
    version "1.1.0"
    resolved "https://registry.npmmirror.com/rosetta/-/rosetta-1.1.0.tgz#41ecc0f3cb38ce34b981b0dcfca2f4c94721738c"
    integrity sha512-3jQaCo2ySoDqLIPjy7+AvN3rluLfkG8A27hg0virL0gRAB5BJ3V35IBdkL/t6k1dGK0TVTyUEwXVUJsygyx4pA==
    dependencies:
      dlv "^1.1.3"
      templite "^1.1.0"
  
  run-parallel@^1.1.9:
    version "1.2.0"
    resolved "https://registry.npmmirror.com/run-parallel/-/run-parallel-1.2.0.tgz#66d1368da7bdf921eb9d95bd1a9229e7f21a43ee"
    integrity sha512-5l4VyZR86LZ/lDxZTR6jqL8AFE2S0IFLMP26AbjsLVADxHdhB/c0GUsH+y39UfCi3dzz8OlQuPmnaJOMoDHQBA==
    dependencies:
      queue-microtask "^1.2.2"
  
  safe-array-concat@^1.1.2:
    version "1.1.2"
    resolved "https://registry.npmmirror.com/safe-array-concat/-/safe-array-concat-1.1.2.tgz#81d77ee0c4e8b863635227c721278dd524c20edb"
    integrity sha512-vj6RsCsWBCf19jIeHEfkRMw8DPiBb+DMXklQ/1SGDHOMlHdPUkZXFQ2YdplS23zESTijAcurb1aSgJA3AgMu1Q==
    dependencies:
      call-bind "^1.0.7"
      get-intrinsic "^1.2.4"
      has-symbols "^1.0.3"
      isarray "^2.0.5"
  
  safe-buffer@5.1.2, safe-buffer@~5.1.0, safe-buffer@~5.1.1:
    version "5.1.2"
    resolved "https://registry.npmmirror.com/safe-buffer/-/safe-buffer-5.1.2.tgz#991ec69d296e0313747d59bdfd2b745c35f8828d"
    integrity sha512-Gd2UZBJDkXlY7GbJxfsE8/nvKkUEU1G38c1siN6QP6a9PT9MmHB8GnpscSmMJSoF8LOIrt8ud/wPtojys4G6+g==
  
  safe-buffer@5.2.1, safe-buffer@>=5.1.0, safe-buffer@^5.1.0, safe-buffer@~5.2.0:
    version "5.2.1"
    resolved "https://registry.npmmirror.com/safe-buffer/-/safe-buffer-5.2.1.tgz#1eaf9fa9bdb1fdd4ec75f58f9cdb4e6b7827eec6"
    integrity sha512-rp3So07KcdmmKbGvgaNxQSJr7bGVSVk5S9Eq1F+ppbRo70+YeaDxkw5Dd8NPN+GD6bjnYm2VuPuCXmpuYvmCXQ==
  
  safe-regex-test@^1.0.3:
    version "1.0.3"
    resolved "https://registry.npmmirror.com/safe-regex-test/-/safe-regex-test-1.0.3.tgz#a5b4c0f06e0ab50ea2c395c14d8371232924c377"
    integrity sha512-CdASjNJPvRa7roO6Ra/gLYBTzYzzPyyBXxIMdGW3USQLyjWEls2RgW5UBTXaQVp+OrpeCK3bLem8smtmheoRuw==
    dependencies:
      call-bind "^1.0.6"
      es-errors "^1.3.0"
      is-regex "^1.1.4"
  
  "safer-buffer@>= 2.1.2 < 3", "safer-buffer@>= 2.1.2 < 3.0.0":
    version "2.1.2"
    resolved "https://registry.npmmirror.com/safer-buffer/-/safer-buffer-2.1.2.tgz#44fa161b0187b9549dd84bb91802f9bd8385cd6a"
    integrity sha512-YZo3K82SD7Riyi0E1EQPojLz7kpepnSQI9IyPbHHg1XXXevb5dJI7tpyN2ADxGcQbHG7vcyRHk0cbwqcQriUtg==
  
  sax@^1.2.4:
    version "1.3.0"
    resolved "https://registry.npmmirror.com/sax/-/sax-1.3.0.tgz#a5dbe77db3be05c9d1ee7785dbd3ea9de51593d0"
    integrity sha512-0s+oAmw9zLl1V1cS9BtZN7JAd0cW5e0QH4W3LWEK6a4LaLEA2OTpGYWDY+6XasBLtz6wkm3u1xRw95mRuJ59WA==
  
  sax@~1.2.4:
    version "1.2.4"
    resolved "https://registry.npmmirror.com/sax/-/sax-1.2.4.tgz#2816234e2378bddc4e5354fab5caa895df7100d9"
    integrity sha512-NqVDv9TpANUjFm0N8uM5GxL36UgKi9/atZw+x7YFnQ8ckwFGKrl4xX4yWtrey3UJm5nP1kUbnYgLopqWNSRhWw==
  
  scheduler@^0.20.2:
    version "0.20.2"
    resolved "https://registry.npmmirror.com/scheduler/-/scheduler-0.20.2.tgz#4baee39436e34aa93b4874bddcbf0fe8b8b50e91"
    integrity sha512-2eWfGgAqqWFGqtdMmcL5zCMK1U8KlXv8SQFGglL3CEtd0aDVDWgeF/YoCmvln55m5zSk3J/20hTaSBeSObsQDQ==
    dependencies:
      loose-envify "^1.1.0"
      object-assign "^4.1.1"
  
  schema-utils@^2.7.0:
    version "2.7.1"
    resolved "https://registry.npmmirror.com/schema-utils/-/schema-utils-2.7.1.tgz#1ca4f32d1b24c590c203b8e7a50bf0ea4cd394d7"
    integrity sha512-SHiNtMOUGWBQJwzISiVYKu82GiV4QYGePp3odlY1tuKO7gPtphAT5R/py0fA6xtbgLL/RvtJZnU9b8s0F1q0Xg==
    dependencies:
      "@types/json-schema" "^7.0.5"
      ajv "^6.12.4"
      ajv-keywords "^3.5.2"
  
  schema-utils@^3.1.1, schema-utils@^3.2.0:
    version "3.3.0"
    resolved "https://registry.npmmirror.com/schema-utils/-/schema-utils-3.3.0.tgz#f50a88877c3c01652a15b622ae9e9795df7a60fe"
    integrity sha512-pN/yOAvcC+5rQ5nERGuwrjLlYvLTbCibnZ1I7B1LaiAz9BRBlE9GMgE/eqV30P7aJQUf7Ddimy/RsbYO/GrVGg==
    dependencies:
      "@types/json-schema" "^7.0.8"
      ajv "^6.12.5"
      ajv-keywords "^3.5.2"
  
  schema-utils@^4.0.0:
    version "4.2.0"
    resolved "https://registry.npmmirror.com/schema-utils/-/schema-utils-4.2.0.tgz#70d7c93e153a273a805801882ebd3bff20d89c8b"
    integrity sha512-L0jRsrPpjdckP3oPug3/VxNKt2trR8TcabrM6FOAAlvC/9Phcmm+cuAgTlxBqdBR1WJx7Naj9WHw+aOmheSVbw==
    dependencies:
      "@types/json-schema" "^7.0.9"
      ajv "^8.9.0"
      ajv-formats "^2.1.1"
      ajv-keywords "^5.1.0"
  
  screenfull@^5.0.0:
    version "5.2.0"
    resolved "https://registry.npmmirror.com/screenfull/-/screenfull-5.2.0.tgz#6533d524d30621fc1283b9692146f3f13a93d1ba"
    integrity sha512-9BakfsO2aUQN2K9Fdbj87RJIEZ82Q9IGim7FqM5OsebfoFC6ZHXgDq/KvniuLTPdeM8wY2o6Dj3WQ7KeQCj3cA==
  
  scroll-into-view-if-needed@^2.2.25:
    version "2.2.31"
    resolved "https://registry.npmmirror.com/scroll-into-view-if-needed/-/scroll-into-view-if-needed-2.2.31.tgz#d3c482959dc483e37962d1521254e3295d0d1587"
    integrity sha512-dGCXy99wZQivjmjIqihaBQNjryrz5rueJY7eHfTdyWEiR4ttYpsajb14rn9s5d4DY4EcY6+4+U/maARBXJedkA==
    dependencies:
      compute-scroll-into-view "^1.0.20"
  
  scroll-into-view-if-needed@^3.1.0:
    version "3.1.0"
    resolved "https://registry.npmmirror.com/scroll-into-view-if-needed/-/scroll-into-view-if-needed-3.1.0.tgz#fa9524518c799b45a2ef6bbffb92bcad0296d01f"
    integrity sha512-49oNpRjWRvnU8NyGVmUaYG4jtTkNonFZI86MmGRDqBphEK2EXT9gdEUoQPZhuBM8yWHxCWbobltqYO5M4XrUvQ==
    dependencies:
      compute-scroll-into-view "^3.0.2"
  
  select-hose@^2.0.0:
    version "2.0.0"
    resolved "https://registry.npmmirror.com/select-hose/-/select-hose-2.0.0.tgz#625d8658f865af43ec962bfc376a37359a4994ca"
    integrity sha512-mEugaLK+YfkijB4fx0e6kImuJdCIt2LxCRcbEYPqRGCs4F2ogyfZU5IAZRdjCP8JPq2AtdNoC/Dux63d9Kiryg==
  
  selfsigned@^2.1.1:
    version "2.4.1"
    resolved "https://registry.npmmirror.com/selfsigned/-/selfsigned-2.4.1.tgz#560d90565442a3ed35b674034cec4e95dceb4ae0"
    integrity sha512-th5B4L2U+eGLq1TVh7zNRGBapioSORUeymIydxgFpwww9d2qyKvtuPU2jJuHvYAwwqi2Y596QBL3eEqcPEYL8Q==
    dependencies:
      "@types/node-forge" "^1.3.0"
      node-forge "^1"
  
  semver@^5.6.0:
    version "5.7.2"
    resolved "https://registry.npmmirror.com/semver/-/semver-5.7.2.tgz#48d55db737c3287cd4835e17fa13feace1c41ef8"
    integrity sha512-cBznnQ9KjJqU67B52RMC65CMarK2600WFnbkcaiwWq3xy/5haFJlshgnpjovMVJ+Hff49d8GEn0b87C5pDQ10g==
  
  semver@^6.3.1:
    version "6.3.1"
    resolved "https://registry.npmmirror.com/semver/-/semver-6.3.1.tgz#556d2ef8689146e46dcea4bfdd095f3434dffcb4"
    integrity sha512-BR7VvDCVHO+q2xBEWskxS6DJE1qRnb7DxzUrogb71CWoSficBxYsiAGd+Kl0mmq/MprG9yArRkyrQxTO6XjMzA==
  
  semver@^7.3.4, semver@^7.5.4:
    version "7.6.1"
    resolved "https://registry.npmmirror.com/semver/-/semver-7.6.1.tgz#60bfe090bf907a25aa8119a72b9f90ef7ca281b2"
    integrity sha512-f/vbBsu+fOiYt+lmwZV0rVwJScl46HppnOA1ZvIuBWKOTlllpyJ3bfVax76/OrhCH38dyxoDIA8K7uB963IYgA==
  
  send@0.18.0:
    version "0.18.0"
    resolved "https://registry.npmmirror.com/send/-/send-0.18.0.tgz#670167cc654b05f5aa4a767f9113bb371bc706be"
    integrity sha512-qqWzuOjSFOuqPjFe4NOsMLafToQQwBSOEpS+FwEt3A2V3vKubTquT3vmLTQpFgMXp8AlFWFuP1qKaJZOtPpVXg==
    dependencies:
      debug "2.6.9"
      depd "2.0.0"
      destroy "1.2.0"
      encodeurl "~1.0.2"
      escape-html "~1.0.3"
      etag "~1.8.1"
      fresh "0.5.2"
      http-errors "2.0.0"
      mime "1.6.0"
      ms "2.1.3"
      on-finished "2.4.1"
      range-parser "~1.2.1"
      statuses "2.0.1"
  
  serialize-javascript@^6.0.1:
    version "6.0.2"
    resolved "https://registry.npmmirror.com/serialize-javascript/-/serialize-javascript-6.0.2.tgz#defa1e055c83bf6d59ea805d8da862254eb6a6c2"
    integrity sha512-Saa1xPByTTq2gdeFZYLLo+RFE35NHZkAbqZeWNd3BpzppeVisAqpDjcp8dyf6uIvEqJRd46jemmyA4iFIeVk8g==
    dependencies:
      randombytes "^2.1.0"
  
  serve-index@^1.9.1:
    version "1.9.1"
    resolved "https://registry.npmmirror.com/serve-index/-/serve-index-1.9.1.tgz#d3768d69b1e7d82e5ce050fff5b453bea12a9239"
    integrity sha512-pXHfKNP4qujrtteMrSBb0rc8HJ9Ms/GrXwcUtUtD5s4ewDJI8bT3Cz2zTVRMKtri49pLx2e0Ya8ziP5Ya2pZZw==
    dependencies:
      accepts "~1.3.4"
      batch "0.6.1"
      debug "2.6.9"
      escape-html "~1.0.3"
      http-errors "~1.6.2"
      mime-types "~2.1.17"
      parseurl "~1.3.2"
  
  serve-static@1.15.0:
    version "1.15.0"
    resolved "https://registry.npmmirror.com/serve-static/-/serve-static-1.15.0.tgz#faaef08cffe0a1a62f60cad0c4e513cff0ac9540"
    integrity sha512-XGuRDNjXUijsUL0vl6nSD7cwURuzEgglbOaFuZM9g3kwDXOWVTck0jLzjPzGD+TazWbboZYu52/9/XPdUgne9g==
    dependencies:
      encodeurl "~1.0.2"
      escape-html "~1.0.3"
      parseurl "~1.3.3"
      send "0.18.0"
  
  set-function-length@^1.2.1:
    version "1.2.2"
    resolved "https://registry.npmmirror.com/set-function-length/-/set-function-length-1.2.2.tgz#aac72314198eaed975cf77b2c3b6b880695e5449"
    integrity sha512-pgRc4hJ4/sNjWCSS9AmnS40x3bNMDTknHgL5UaMBTMyJnU90EgWh1Rz+MC9eFu4BuN/UwZjKQuY/1v3rM7HMfg==
    dependencies:
      define-data-property "^1.1.4"
      es-errors "^1.3.0"
      function-bind "^1.1.2"
      get-intrinsic "^1.2.4"
      gopd "^1.0.1"
      has-property-descriptors "^1.0.2"
  
  set-function-name@^2.0.1:
    version "2.0.2"
    resolved "https://registry.npmmirror.com/set-function-name/-/set-function-name-2.0.2.tgz#16a705c5a0dc2f5e638ca96d8a8cd4e1c2b90985"
    integrity sha512-7PGFlmtwsEADb0WYyvCMa1t+yke6daIG4Wirafur5kcf+MhUnPms1UeR0CKQdTZD81yESwMHbtn+TR+dMviakQ==
    dependencies:
      define-data-property "^1.1.4"
      es-errors "^1.3.0"
      functions-have-names "^1.2.3"
      has-property-descriptors "^1.0.2"
  
  setimmediate@^1.0.5:
    version "1.0.5"
    resolved "https://registry.npmmirror.com/setimmediate/-/setimmediate-1.0.5.tgz#290cbb232e306942d7d7ea9b83732ab7856f8285"
    integrity sha512-MATJdZp8sLqDl/68LfQmbP8zKPLQNV6BIZoIgrscFDQ+RsvK/BxeDQOgyxKKoh0y/8h3BqVFnCqQ/gd+reiIXA==
  
  setprototypeof@1.1.0:
    version "1.1.0"
    resolved "https://registry.npmmirror.com/setprototypeof/-/setprototypeof-1.1.0.tgz#d0bd85536887b6fe7c0d818cb962d9d91c54e656"
    integrity sha512-BvE/TwpZX4FXExxOxZyRGQQv651MSwmWKZGqvmPcRIjDqWub67kTKuIMx43cZZrS/cBBzwBcNDWoFxt2XEFIpQ==
  
  setprototypeof@1.2.0:
    version "1.2.0"
    resolved "https://registry.npmmirror.com/setprototypeof/-/setprototypeof-1.2.0.tgz#66c9a24a73f9fc28cbe66b09fed3d33dcaf1b424"
    integrity sha512-E5LDX7Wrp85Kil5bhZv46j8jOeboKq5JMmYM3gVGdGH8xFpPWXUMsNrlODCrkoxMEeNi/XZIwuRvY4XNwYMJpw==
  
  shallow-clone@^3.0.0:
    version "3.0.1"
    resolved "https://registry.npmmirror.com/shallow-clone/-/shallow-clone-3.0.1.tgz#8f2981ad92531f55035b01fb230769a40e02efa3"
    integrity sha512-/6KqX+GVUdqPuPPd2LxDDxzX6CAbjJehAAOKlNpqqUpAqPM6HeL8f+o3a+JsyGjn2lv0WY8UsTgUJjU9Ok55NA==
    dependencies:
      kind-of "^6.0.2"
  
  shallowequal@^1.1.0:
    version "1.1.0"
    resolved "https://registry.npmmirror.com/shallowequal/-/shallowequal-1.1.0.tgz#188d521de95b9087404fd4dcb68b13df0ae4e7f8"
    integrity sha512-y0m1JoUZSlPAjXVtPPW70aZWfIL/dSP7AFkRnniLCrK/8MDKog3TySTBmckD+RObVxH0v4Tox67+F14PdED2oQ==
  
  shebang-command@^2.0.0:
    version "2.0.0"
    resolved "https://registry.npmmirror.com/shebang-command/-/shebang-command-2.0.0.tgz#ccd0af4f8835fbdc265b82461aaf0c36663f34ea"
    integrity sha512-kHxr2zZpYtdmrN1qDjrrX/Z1rR1kG8Dx+gkpK1G4eXmvXswmcE1hTWBWYUzlraYw1/yZp6YuDY77YtvbN0dmDA==
    dependencies:
      shebang-regex "^3.0.0"
  
  shebang-regex@^3.0.0:
    version "3.0.0"
    resolved "https://registry.npmmirror.com/shebang-regex/-/shebang-regex-3.0.0.tgz#ae16f1644d873ecad843b0307b143362d4c42172"
    integrity sha512-7++dFhtcx3353uBaq8DDR4NuxBetBzC7ZQOhmTQInHEd6bSrXdiEyzCvG07Z44UYdLShWUyXt5M/yhz8ekcb1A==
  
  shell-quote@^1.8.1:
    version "1.8.1"
    resolved "https://registry.npmmirror.com/shell-quote/-/shell-quote-1.8.1.tgz#6dbf4db75515ad5bac63b4f1894c3a154c766680"
    integrity sha512-6j1W9l1iAs/4xYBI1SYOVZyFcCis9b4KCLQ8fgAGG07QvzaRLVVRQvAy85yNmmZSjYjg4MWh4gNvlPujU/5LpA==
  
  side-channel@^1.0.4:
    version "1.0.6"
    resolved "https://registry.npmmirror.com/side-channel/-/side-channel-1.0.6.tgz#abd25fb7cd24baf45466406b1096b7831c9215f2"
    integrity sha512-fDW/EZ6Q9RiO8eFG8Hj+7u/oW+XrPTIChwCOM2+th2A6OblDtYYIpve9m+KvI9Z4C9qSEXlaGR6bTEYHReuglA==
    dependencies:
      call-bind "^1.0.7"
      es-errors "^1.3.0"
      get-intrinsic "^1.2.4"
      object-inspect "^1.13.1"
  
  signal-exit@^3.0.3:
    version "3.0.7"
    resolved "https://registry.npmmirror.com/signal-exit/-/signal-exit-3.0.7.tgz#a9a1767f8af84155114eaabd73f99273c8f59ad9"
    integrity sha512-wnD2ZE+l+SPC/uoS0vXeE9L1+0wuaMqKlfz9AMUo38JsyLSBWSFcHR1Rri62LZc12vLr1gb3jl7iwQhgwpAbGQ==
  
  single-spa@^5.9.2:
    version "5.9.5"
    resolved "https://registry.npmmirror.com/single-spa/-/single-spa-5.9.5.tgz#f47b3c91b009ebc3b224dd1086ef2b2dac524373"
    integrity sha512-9SQdmsyz4HSP+3gs6PJzhkaMEg+6zTlu9oxIghnwUX3eq+ajq4ft5egl0iyR55LAmO/UwvU8NgIWs/ZyQMa6dw==
  
  sirv@^2.0.3:
    version "2.0.4"
    resolved "https://registry.npmmirror.com/sirv/-/sirv-2.0.4.tgz#5dd9a725c578e34e449f332703eb2a74e46a29b0"
    integrity sha512-94Bdh3cC2PKrbgSOUqTiGPWVZeSiXfKOVZNJniWoqrWrRkB1CJzBU3NEbiTsPcYy1lDsANA/THzS+9WBiy5nfQ==
    dependencies:
      "@polka/url" "^1.0.0-next.24"
      mrmime "^2.0.0"
      totalist "^3.0.0"
  
  size-sensor@^1.0.1:
    version "1.0.2"
    resolved "https://registry.npmmirror.com/size-sensor/-/size-sensor-1.0.2.tgz#b8f8da029683cf2b4e22f12bf8b8f0a1145e8471"
    integrity sha512-2NCmWxY7A9pYKGXNBfteo4hy14gWu47rg5692peVMst6lQLPKrVjhY+UTEsPI5ceFRJSl3gVgMYaUi/hKuaiKw==
  
  sockjs@^0.3.24:
    version "0.3.24"
    resolved "https://registry.npmmirror.com/sockjs/-/sockjs-0.3.24.tgz#c9bc8995f33a111bea0395ec30aa3206bdb5ccce"
    integrity sha512-GJgLTZ7vYb/JtPSSZ10hsOYIvEYsjbNU+zPdIHcUaWVNUEPivzxku31865sSSud0Da0W4lEeOPlmw93zLQchuQ==
    dependencies:
      faye-websocket "^0.11.3"
      uuid "^8.3.2"
      websocket-driver "^0.7.4"
  
  source-map-js@^1.2.0:
    version "1.2.0"
    resolved "https://registry.npmmirror.com/source-map-js/-/source-map-js-1.2.0.tgz#16b809c162517b5b8c3e7dcd315a2a5c2612b2af"
    integrity sha512-itJW8lvSA0TXEphiRoawsCksnlf8SyvmFzIhltqAHluXd88pkCd+cXJVHTDwdCr0IzwptSm035IHQktUu1QUMg==
  
  source-map-support@~0.5.20:
    version "0.5.21"
    resolved "https://registry.npmmirror.com/source-map-support/-/source-map-support-0.5.21.tgz#04fe7c7f9e1ed2d662233c28cb2b35b9f63f6e4f"
    integrity sha512-uBHU3L3czsIyYXKX88fdrGovxdSCoTGDRZ6SYXtSRxLZUzHg5P/66Ht6uoUlHu9EZod+inXhKo3qQgwXUT/y1w==
    dependencies:
      buffer-from "^1.0.0"
      source-map "^0.6.0"
  
  source-map@^0.6.0, source-map@^0.6.1, source-map@~0.6.0:
    version "0.6.1"
    resolved "https://registry.npmmirror.com/source-map/-/source-map-0.6.1.tgz#74722af32e9614e9c287a8d0bbde48b5e2f1a263"
    integrity sha512-UjgapumWlbMhkBgzT7Ykc5YXUT46F0iKu8SGXq0bcwP5dz/h0Plj6enJqjz1Zbq2l5WaqYnrVbwWOWMyF3F47g==
  
  source-map@^0.7.4:
    version "0.7.4"
    resolved "https://registry.npmmirror.com/source-map/-/source-map-0.7.4.tgz#a9bbe705c9d8846f4e08ff6765acf0f1b0898656"
    integrity sha512-l3BikUxvPOcn5E74dZiq5BGsTb5yEwhaTSzccU6t4sDOH8NWJCstKO5QT2CvtFoK6F0saL7p9xHAqHOlCPJygA==
  
  spdy-transport@^3.0.0:
    version "3.0.0"
    resolved "https://registry.npmmirror.com/spdy-transport/-/spdy-transport-3.0.0.tgz#00d4863a6400ad75df93361a1608605e5dcdcf31"
    integrity sha512-hsLVFE5SjA6TCisWeJXFKniGGOpBgMLmerfO2aCyCU5s7nJ/rpAepqmFifv/GCbSbueEeAJJnmSQ2rKC/g8Fcw==
    dependencies:
      debug "^4.1.0"
      detect-node "^2.0.4"
      hpack.js "^2.1.6"
      obuf "^1.1.2"
      readable-stream "^3.0.6"
      wbuf "^1.7.3"
  
  spdy@^4.0.2:
    version "4.0.2"
    resolved "https://registry.npmmirror.com/spdy/-/spdy-4.0.2.tgz#b74f466203a3eda452c02492b91fb9e84a27677b"
    integrity sha512-r46gZQZQV+Kl9oItvl1JZZqJKGr+oEkB08A6BzkiR7593/7IbtuncXHd2YoYeTsG4157ZssMu9KYvUHLcjcDoA==
    dependencies:
      debug "^4.1.0"
      handle-thing "^2.0.0"
      http-deceiver "^1.2.7"
      select-hose "^2.0.0"
      spdy-transport "^3.0.0"
  
  sprintf-js@~1.0.2:
    version "1.0.3"
    resolved "https://registry.npmmirror.com/sprintf-js/-/sprintf-js-1.0.3.tgz#04e6926f662895354f3dd015203633b857297e2c"
    integrity sha512-D9cPgkvLlV3t3IzL0D0YLvGA9Ahk4PcvVwUbN0dSGr1aP0Nrt4AEnTUbuGvquEC0mA64Gqt1fzirlRs5ibXx8g==
  
  stable@^0.1.8:
    version "0.1.8"
    resolved "https://registry.npmmirror.com/stable/-/stable-0.1.8.tgz#836eb3c8382fe2936feaf544631017ce7d47a3cf"
    integrity sha512-ji9qxRnOVfcuLDySj9qzhGSEFVobyt1kIOSkj1qZzYLzq7Tos/oUUWvotUPQLlrsidqsK6tBH89Bc9kL5zHA6w==
  
  statuses@2.0.1:
    version "2.0.1"
    resolved "https://registry.npmmirror.com/statuses/-/statuses-2.0.1.tgz#55cb000ccf1d48728bd23c685a063998cf1a1b63"
    integrity sha512-RwNA9Z/7PrK06rYLIzFMlaF+l73iwpzsqRIFgbMLbTcLD6cOao82TaWefPXQvB2fOC4AjuYSEndS7N/mTCbkdQ==
  
  "statuses@>= 1.4.0 < 2":
    version "1.5.0"
    resolved "https://registry.npmmirror.com/statuses/-/statuses-1.5.0.tgz#161c7dac177659fd9811f43771fa99381478628c"
    integrity sha512-OpZ3zP+jT1PI7I8nemJX4AKmAX070ZkYPVWV/AaKTJl+tXCTGyVdC1a4SL8RUQYEwk/f34ZX8UTykN68FwrqAA==
  
  std-env@^3.0.1:
    version "3.7.0"
    resolved "https://registry.npmmirror.com/std-env/-/std-env-3.7.0.tgz#c9f7386ced6ecf13360b6c6c55b8aaa4ef7481d2"
    integrity sha512-JPbdCEQLj1w5GilpiHAx3qJvFndqybBysA3qUOnznweH4QbNYUsW/ea8QzSrnh0vNsezMMw5bcVool8lM0gwzg==
  
  string-convert@^0.2.0:
    version "0.2.1"
    resolved "https://registry.npmmirror.com/string-convert/-/string-convert-0.2.1.tgz#6982cc3049fbb4cd85f8b24568b9d9bf39eeff97"
    integrity sha512-u/1tdPl4yQnPBjnVrmdLo9gtuLvELKsAoRapekWggdiQNvvvum+jYF329d84NAa660KQw7pB2n36KrIKVoXa3A==
  
  string.prototype.trim@^1.2.9:
    version "1.2.9"
    resolved "https://registry.npmmirror.com/string.prototype.trim/-/string.prototype.trim-1.2.9.tgz#b6fa326d72d2c78b6df02f7759c73f8f6274faa4"
    integrity sha512-klHuCNxiMZ8MlsOihJhJEBJAiMVqU3Z2nEXWfWnIqjN0gEFS9J9+IxKozWWtQGcgoa1WUZzLjKPTr4ZHNFTFxw==
    dependencies:
      call-bind "^1.0.7"
      define-properties "^1.2.1"
      es-abstract "^1.23.0"
      es-object-atoms "^1.0.0"
  
  string.prototype.trimend@^1.0.8:
    version "1.0.8"
    resolved "https://registry.npmmirror.com/string.prototype.trimend/-/string.prototype.trimend-1.0.8.tgz#3651b8513719e8a9f48de7f2f77640b26652b229"
    integrity sha512-p73uL5VCHCO2BZZ6krwwQE3kCzM7NKmis8S//xEC6fQonchbum4eP6kR4DLEjQFO3Wnj3Fuo8NM0kOSjVdHjZQ==
    dependencies:
      call-bind "^1.0.7"
      define-properties "^1.2.1"
      es-object-atoms "^1.0.0"
  
  string.prototype.trimstart@^1.0.8:
    version "1.0.8"
    resolved "https://registry.npmmirror.com/string.prototype.trimstart/-/string.prototype.trimstart-1.0.8.tgz#7ee834dda8c7c17eff3118472bb35bfedaa34dde"
    integrity sha512-UXSH262CSZY1tfu3G3Secr6uGLCFVPMhIqHjlgCUtCCcgihYc/xKs9djMTMUOb2j1mVSeU8EU6NWc/iQKU6Gfg==
    dependencies:
      call-bind "^1.0.7"
      define-properties "^1.2.1"
      es-object-atoms "^1.0.0"
  
  string_decoder@^1.1.1:
    version "1.3.0"
    resolved "https://registry.npmmirror.com/string_decoder/-/string_decoder-1.3.0.tgz#42f114594a46cf1a8e30b0a84f56c78c3edac21e"
    integrity sha512-hkRX8U1WjJFd8LsDJ2yQ/wWWxaopEsABU1XfkM8A+j0+85JAGppt16cr1Whg6KIbb4okU6Mql6BOj+uup/wKeA==
    dependencies:
      safe-buffer "~5.2.0"
  
  string_decoder@~1.1.1:
    version "1.1.1"
    resolved "https://registry.npmmirror.com/string_decoder/-/string_decoder-1.1.1.tgz#9cf1611ba62685d7030ae9e4ba34149c3af03fc8"
    integrity sha512-n/ShnvDi6FHbbVfviro+WojiFzv+s8MPMHBczVePfUpDJLwoLT0ht1l4YwBCbi8pJAveEEdnkHyPyTP/mzRfwg==
    dependencies:
      safe-buffer "~5.1.0"
  
  strip-ansi@^6.0.1:
    version "6.0.1"
    resolved "https://registry.npmmirror.com/strip-ansi/-/strip-ansi-6.0.1.tgz#9e26c63d30f53443e9489495b2105d37b67a85d9"
    integrity sha512-Y38VPSHcqkFrCpFnQ9vuSXmquuv5oXOKpGeT6aGrr3o3Gc9AlVa6JBfUSOCnbxGGZF+/0ooI7KrPuUSztUdU5A==
    dependencies:
      ansi-regex "^5.0.1"
  
  strip-final-newline@^2.0.0:
    version "2.0.0"
    resolved "https://registry.npmmirror.com/strip-final-newline/-/strip-final-newline-2.0.0.tgz#89b852fb2fcbe936f6f4b3187afb0a12c1ab58ad"
    integrity sha512-BrpvfNAE3dcvq7ll3xVumzjKjZQ5tI1sEUIKr3Uoks0XUl45St3FlatVqef9prk4jRDzhW6WZg+3bk93y6pLjA==
  
  strip-json-comments@^3.1.1:
    version "3.1.1"
    resolved "https://registry.npmmirror.com/strip-json-comments/-/strip-json-comments-3.1.1.tgz#31f1281b3832630434831c310c01cccda8cbe006"
    integrity sha512-6fPc+R4ihwqP6N/aIv2f1gMH8lOVtWQHoqC4yK6oSDVVocumAsfCqjkXnqiYMhmMwS/mEHLp7Vehlt3ql6lEig==
  
  style-loader@^3.3.3:
    version "3.3.4"
    resolved "https://registry.npmmirror.com/style-loader/-/style-loader-3.3.4.tgz#f30f786c36db03a45cbd55b6a70d930c479090e7"
    integrity sha512-0WqXzrsMTyb8yjZJHDqwmnwRJvhALK9LfRtRc6B4UTWe8AijYLZYZ9thuJTZc2VfQWINADW/j+LiJnfy2RoC1w==
  
  style-resources-loader@^1.5.0:
    version "1.5.0"
    resolved "https://registry.npmmirror.com/style-resources-loader/-/style-resources-loader-1.5.0.tgz#6e0585ca475b9dac45387c308be90d74c814f41f"
    integrity sha512-fIfyvQ+uvXaCBGGAgfh+9v46ARQB1AWdaop2RpQw0PBVuROsTBqGvx8dj0kxwjGOAyq3vepe4AOK3M6+Q/q2jw==
    dependencies:
      glob "^7.2.0"
      loader-utils "^2.0.0"
      schema-utils "^2.7.0"
      tslib "^2.3.1"
  
  styled-components@^3.2.5:
    version "3.4.10"
    resolved "https://registry.npmmirror.com/styled-components/-/styled-components-3.4.10.tgz#9a654c50ea2b516c36ade57ddcfa296bf85c96e1"
    integrity sha512-TA8ip8LoILgmSAFd3r326pKtXytUUGu5YWuqZcOQVwVVwB6XqUMn4MHW2IuYJ/HAD81jLrdQed8YWfLSG1LX4Q==
    dependencies:
      buffer "^5.0.3"
      css-to-react-native "^2.0.3"
      fbjs "^0.8.16"
      hoist-non-react-statics "^2.5.0"
      prop-types "^15.5.4"
      react-is "^16.3.1"
      stylis "^3.5.0"
      stylis-rule-sheet "^0.0.10"
      supports-color "^3.2.3"
  
  stylis-rule-sheet@^0.0.10:
    version "0.0.10"
    resolved "https://registry.npmmirror.com/stylis-rule-sheet/-/stylis-rule-sheet-0.0.10.tgz#44e64a2b076643f4b52e5ff71efc04d8c3c4a430"
    integrity sha512-nTbZoaqoBnmK+ptANthb10ZRZOGC+EmTLLUxeYIuHNkEKcmKgXX1XWKkUBT2Ac4es3NybooPe0SmvKdhKJZAuw==
  
  stylis@^3.5.0:
    version "3.5.4"
    resolved "https://registry.npmmirror.com/stylis/-/stylis-3.5.4.tgz#f665f25f5e299cf3d64654ab949a57c768b73fbe"
    integrity sha512-8/3pSmthWM7lsPBKv7NXkzn2Uc9W7NotcwGNpJaa3k7WMM1XDCA4MgT5k/8BIexd5ydZdboXtU90XH9Ec4Bv/Q==
  
  stylis@^4.0.13:
    version "4.3.2"
    resolved "https://registry.npmmirror.com/stylis/-/stylis-4.3.2.tgz#8f76b70777dd53eb669c6f58c997bf0a9972e444"
    integrity sha512-bhtUjWd/z6ltJiQwg0dUfxEJ+W+jdqQd8TbWLWyeIJHlnsqmGLRFFd8e5mA0AZi/zx90smXRlN66YMTcaSFifg==
  
  supports-color@^3.2.3:
    version "3.2.3"
    resolved "https://registry.npmmirror.com/supports-color/-/supports-color-3.2.3.tgz#65ac0504b3954171d8a64946b2ae3cbb8a5f54f6"
    integrity sha512-Jds2VIYDrlp5ui7t8abHN2bjAu4LV/q4N2KivFPpGH0lrka0BMq/33AmECUXlKPcHigkNaqfXRENFju+rlcy+A==
    dependencies:
      has-flag "^1.0.0"
  
  supports-color@^5.3.0:
    version "5.5.0"
    resolved "https://registry.npmmirror.com/supports-color/-/supports-color-5.5.0.tgz#e2e69a44ac8772f78a1ec0b35b689df6530efc8f"
    integrity sha512-QjVjwdXIt408MIiAqCX4oUKsgU2EqAGzs2Ppkm4aQYbjm+ZEWEcW4SfFNTr4uMNZma0ey4f5lgLrkB0aX0QMow==
    dependencies:
      has-flag "^3.0.0"
  
  supports-color@^7.1.0:
    version "7.2.0"
    resolved "https://registry.npmmirror.com/supports-color/-/supports-color-7.2.0.tgz#1b7dcdcb32b8138801b3e478ba6a51caa89648da"
    integrity sha512-qpCAvRl9stuOHveKsn7HncJRvv501qIacKzQlO/+Lwxc9+0q2wLyv4Dfvt80/DPn2pqOBsJdDiogXGR9+OvwRw==
    dependencies:
      has-flag "^4.0.0"
  
  supports-color@^8.0.0:
    version "8.1.1"
    resolved "https://registry.npmmirror.com/supports-color/-/supports-color-8.1.1.tgz#cd6fc17e28500cff56c1b86c0a7fd4a54a73005c"
    integrity sha512-MpUEN2OodtUzxvKQl72cUF7RQ5EiHsGvSsVG0ia9c5RbWGL2CI4C7EpPS8UTBIplnlzZiNuV56w+FuNxy3ty2Q==
    dependencies:
      has-flag "^4.0.0"
  
  supports-preserve-symlinks-flag@^1.0.0:
    version "1.0.0"
    resolved "https://registry.npmmirror.com/supports-preserve-symlinks-flag/-/supports-preserve-symlinks-flag-1.0.0.tgz#6eda4bd344a3c94aea376d4cc31bc77311039e09"
    integrity sha512-ot0WnXS9fgdkgIcePe6RHNk1WA8+muPa6cSjeR3V8K27q9BB1rTE3R1p7Hv0z1ZyAc8s6Vvv8DIyWf681MAt0w==
  
  svg-parser@^2.0.2:
    version "2.0.4"
    resolved "https://registry.npmmirror.com/svg-parser/-/svg-parser-2.0.4.tgz#fdc2e29e13951736140b76cb122c8ee6630eb6b5"
    integrity sha512-e4hG1hRwoOdRb37cIMSgzNsxyzKfayW6VOflrwvR+/bzrkyxY/31WkbgnQpgtrNp1SdpJvpUAGTa/ZoiPNDuRQ==
  
  svgo@^1.2.2:
    version "1.3.2"
    resolved "https://registry.npmmirror.com/svgo/-/svgo-1.3.2.tgz#b6dc511c063346c9e415b81e43401145b96d4167"
    integrity sha512-yhy/sQYxR5BkC98CY7o31VGsg014AKLEPxdfhora76l36hD9Rdy5NZA/Ocn6yayNPgSamYdtX2rFJdcv07AYVw==
    dependencies:
      chalk "^2.4.1"
      coa "^2.0.2"
      css-select "^2.0.0"
      css-select-base-adapter "^0.1.1"
      css-tree "1.0.0-alpha.37"
      csso "^4.0.2"
      js-yaml "^3.13.1"
      mkdirp "~0.5.1"
      object.values "^1.1.0"
      sax "~1.2.4"
      stable "^0.1.8"
      unquote "~1.1.1"
      util.promisify "~1.0.0"
  
  swr@^1.2.2:
    version "1.3.0"
    resolved "https://registry.npmmirror.com/swr/-/swr-1.3.0.tgz#c6531866a35b4db37b38b72c45a63171faf9f4e8"
    integrity sha512-dkghQrOl2ORX9HYrMDtPa7LTVHJjCTeZoB1dqTbnnEDlSvN8JEKpYIYurDfvbQFUUS8Cg8PceFVZNkW0KNNYPw==
  
  tapable@^2.1.1, tapable@^2.2.0, tapable@^2.2.1:
    version "2.2.1"
    resolved "https://registry.npmmirror.com/tapable/-/tapable-2.2.1.tgz#1967a73ef4060a82f12ab96af86d52fdb76eeca0"
    integrity sha512-GNzQvQTOIP6RyTfE2Qxb8ZVlNmw0n88vp1szwWRimP02mnTsx3Wtn5qRdqY9w2XduFNUgvOwhNnQsjwCp+kqaQ==
  
  templite@^1.1.0:
    version "1.2.0"
    resolved "https://registry.npmmirror.com/templite/-/templite-1.2.0.tgz#ac1781cfc46e3bed3b2c17297b3ce3b129d4a590"
    integrity sha512-O9BpPXF44a9Pg84Be6mjzlrqOtbP2I/B5PNLWu5hb1n9UQ1GTLsjdMg1z5ROCkF6NFXsO5LQfRXEpgTGrZ7Q0Q==
  
  terser-webpack-plugin@^5.3.10:
    version "5.3.10"
    resolved "https://registry.npmmirror.com/terser-webpack-plugin/-/terser-webpack-plugin-5.3.10.tgz#904f4c9193c6fd2a03f693a2150c62a92f40d199"
    integrity sha512-BKFPWlPDndPs+NGGCr1U59t0XScL5317Y0UReNrHaw9/FwhPENlq6bfgs+4yPfyP51vqC1bQ4rp1EfXW5ZSH9w==
    dependencies:
      "@jridgewell/trace-mapping" "^0.3.20"
      jest-worker "^27.4.5"
      schema-utils "^3.1.1"
      serialize-javascript "^6.0.1"
      terser "^5.26.0"
  
  terser@^5.26.0:
    version "5.31.0"
    resolved "https://registry.npmmirror.com/terser/-/terser-5.31.0.tgz#06eef86f17007dbad4593f11a574c7f5eb02c6a1"
    integrity sha512-Q1JFAoUKE5IMfI4Z/lkE/E6+SwgzO+x4tq4v1AyBLRj8VSYvRO6A/rQrPg1yud4g0En9EKI1TvFRF2tQFcoUkg==
    dependencies:
      "@jridgewell/source-map" "^0.3.3"
      acorn "^8.8.2"
      commander "^2.20.0"
      source-map-support "~0.5.20"
  
  text-table@^0.2.0:
    version "0.2.0"
    resolved "https://registry.npmmirror.com/text-table/-/text-table-0.2.0.tgz#7f5ee823ae805207c00af2df4a84ec3fcfa570b4"
    integrity sha512-N+8UisAXDGk8PFXP4HAzVR9nbfmVJ3zYLAWiTIoqC5v5isinhr+r5uaO8+7r3BMfuNIufIsA7RdpVgacC2cSpw==
  
  throttle-debounce@^5.0.0:
    version "5.0.0"
    resolved "https://registry.npmmirror.com/throttle-debounce/-/throttle-debounce-5.0.0.tgz#a17a4039e82a2ed38a5e7268e4132d6960d41933"
    integrity sha512-2iQTSgkkc1Zyk0MeVrt/3BvuOXYPl/R8Z0U2xxo9rjwNciaHDG3R+Lm6dh4EeUci49DanvBnuqI6jshoQQRGEg==
  
  thunky@^1.0.2:
    version "1.1.0"
    resolved "https://registry.npmmirror.com/thunky/-/thunky-1.1.0.tgz#5abaf714a9405db0504732bbccd2cedd9ef9537d"
    integrity sha512-eHY7nBftgThBqOyHGVN+l8gF0BucP09fMo0oO/Lb0w1OF80dJv+lDVpXG60WMQvkcxAkNybKsrEIE3ZtKGmPrA==
  
  tiny-invariant@^1.0.2, tiny-invariant@^1.0.6:
    version "1.3.3"
    resolved "https://registry.npmmirror.com/tiny-invariant/-/tiny-invariant-1.3.3.tgz#46680b7a873a0d5d10005995eb90a70d74d60127"
    integrity sha512-+FbBPE1o9QAYvviau/qC5SE3caw21q3xkvWKBtja5vgqOWIHHJ3ioaq1VPfn/Szqctz2bU/oYeKd9/z5BL+PVg==
  
  tiny-warning@^1.0.0, tiny-warning@^1.0.2:
    version "1.0.3"
    resolved "https://registry.npmmirror.com/tiny-warning/-/tiny-warning-1.0.3.tgz#94a30db453df4c643d0fd566060d60a875d84754"
    integrity sha512-lBN9zLN/oAf68o3zNXYrdCt1kP8WsiGW8Oo2ka41b2IM5JL/S1CTyX1rW0mb/zSuJun0ZUrDxx4sqvYS2FWzPA==
  
  tinycolor2@^1.4.1:
    version "1.6.0"
    resolved "https://registry.npmmirror.com/tinycolor2/-/tinycolor2-1.6.0.tgz#f98007460169b0263b97072c5ae92484ce02d09e"
    integrity sha512-XPaBkWQJdsf3pLKJV9p4qN/S+fm2Oj8AIPo1BTUhg5oxkvm9+SVEGFdhyOz7tTdUTfvxMiAs4sp6/eZO2Ew+pw==
  
  to-fast-properties@^2.0.0:
    version "2.0.0"
    resolved "https://registry.npmmirror.com/to-fast-properties/-/to-fast-properties-2.0.0.tgz#dc5e698cbd079265bc73e0377681a4e4e83f616e"
    integrity sha512-/OaKK0xYrs3DmxRYqL/yDc+FxFUVYhDlXMhRmv3z915w2HF1tnN1omB354j8VUGO/hbRzyD6Y3sA7v7GS/ceog==
  
  to-regex-range@^5.0.1:
    version "5.0.1"
    resolved "https://registry.npmmirror.com/to-regex-range/-/to-regex-range-5.0.1.tgz#1648c44aae7c8d988a326018ed72f5b4dd0392e4"
    integrity sha512-65P7iz6X5yEr1cwcgvQxbbIw7Uk3gOy5dIdtZ4rDveLqhrdJP+Li/Hx6tyK0NEb+2GCyneCMJiGqrADCSNk8sQ==
    dependencies:
      is-number "^7.0.0"
  
  toggle-selection@^1.0.6:
    version "1.0.6"
    resolved "https://registry.npmmirror.com/toggle-selection/-/toggle-selection-1.0.6.tgz#6e45b1263f2017fa0acc7d89d78b15b8bf77da32"
    integrity sha512-BiZS+C1OS8g/q2RRbJmy59xpyghNBqrr6k5L/uKBGRsTfxmu3ffiRnd8mlGPUVayg8pvfi5urfnu8TU7DVOkLQ==
  
  toidentifier@1.0.1:
    version "1.0.1"
    resolved "https://registry.npmmirror.com/toidentifier/-/toidentifier-1.0.1.tgz#3be34321a88a820ed1bd80dfaa33e479fbb8dd35"
    integrity sha512-o5sSPKEkg/DIQNmH43V0/uerLrpzVedkUh8tGNvaeXpfpuwjKenlSox/2O/BTlZUtEe+JG7s5YhEz608PlAHRA==
  
  totalist@^3.0.0:
    version "3.0.1"
    resolved "https://registry.npmmirror.com/totalist/-/totalist-3.0.1.tgz#ba3a3d600c915b1a97872348f79c127475f6acf8"
    integrity sha512-sf4i37nQ2LBx4m3wB74y+ubopq6W/dIzXg0FDGjsYnZHVa1Da8FH853wlL2gtUhg+xJXjfk3kUZS3BRoQeoQBQ==
  
  ts-loader@^9.4.3:
    version "9.5.1"
    resolved "https://registry.npmmirror.com/ts-loader/-/ts-loader-9.5.1.tgz#63d5912a86312f1fbe32cef0859fb8b2193d9b89"
    integrity sha512-rNH3sK9kGZcH9dYzC7CewQm4NtxJTjSEVRJ2DyBZR7f8/wcta+iV44UPCXc5+nzDzivKtlzV6c9P4e+oFhDLYg==
    dependencies:
      chalk "^4.1.0"
      enhanced-resolve "^5.0.0"
      micromatch "^4.0.0"
      semver "^7.3.4"
      source-map "^0.7.4"
  
  tslib@2.3.0:
    version "2.3.0"
    resolved "https://registry.npmmirror.com/tslib/-/tslib-2.3.0.tgz#803b8cdab3e12ba581a4ca41c8839bbb0dacb09e"
    integrity sha512-N82ooyxVNm6h1riLCoyS9e3fuJ3AMG2zIZs2Gd1ATcSFjSA23Q0fzjjZeh0jbJvWVDZ0cJT8yaNNaaXHzueNjg==
  
  tslib@^2.0.0, tslib@^2.3.0, tslib@^2.3.1:
    version "2.6.2"
    resolved "https://registry.npmmirror.com/tslib/-/tslib-2.6.2.tgz#703ac29425e7b37cd6fd456e92404d46d1f3e4ae"
    integrity sha512-AEYxH93jGFPn/a2iVAwW87VuUIkR1FVUKB77NwMF7nBTDkDrrT/Hpt/IrCJ0QXhW27jTBDcf5ZY7w6RiqTMw2Q==
  
  type-check@^0.4.0, type-check@~0.4.0:
    version "0.4.0"
    resolved "https://registry.npmmirror.com/type-check/-/type-check-0.4.0.tgz#07b8203bfa7056c0657050e3ccd2c37730bab8f1"
    integrity sha512-XleUoc9uwGXqjWwXaUTZAmzMcFZ5858QA2vvx1Ur5xIcixXIP+8LnFDgRplU30us6teqdlskFfu+ae4K79Ooew==
    dependencies:
      prelude-ls "^1.2.1"
  
  type-fest@^0.20.2:
    version "0.20.2"
    resolved "https://registry.npmmirror.com/type-fest/-/type-fest-0.20.2.tgz#1bf207f4b28f91583666cb5fbd327887301cd5f4"
    integrity sha512-Ne+eE4r0/iWnpAxD852z3A+N0Bt5RN//NjJwRd2VFHEmrywxf5vsZlh4R6lixl6B+wz/8d+maTSAkN1FIkI3LQ==
  
  type-fest@^0.8.0:
    version "0.8.1"
    resolved "https://registry.npmmirror.com/type-fest/-/type-fest-0.8.1.tgz#09e249ebde851d3b1e48d27c105444667f17b83d"
    integrity sha512-4dbzIzqvjtgiM5rw1k5rEHtBANKmdudhGyBEajN01fEyhaAIhsoKNy6y7+IN93IfpFtwY9iqi7kD+xwKhQsNJA==
  
  type-is@~1.6.18:
    version "1.6.18"
    resolved "https://registry.npmmirror.com/type-is/-/type-is-1.6.18.tgz#4e552cd05df09467dcbc4ef739de89f2cf37c131"
    integrity sha512-TkRKr9sUTxEH8MdfuCSP7VizJyzRNMjj2J2do2Jr3Kym598JVdEksuzPQCnlFPW4ky9Q+iA+ma9BGm06XQBy8g==
    dependencies:
      media-typer "0.3.0"
      mime-types "~2.1.24"
  
  typed-array-buffer@^1.0.2:
    version "1.0.2"
    resolved "https://registry.npmmirror.com/typed-array-buffer/-/typed-array-buffer-1.0.2.tgz#1867c5d83b20fcb5ccf32649e5e2fc7424474ff3"
    integrity sha512-gEymJYKZtKXzzBzM4jqa9w6Q1Jjm7x2d+sh19AdsD4wqnMPDYyvwpsIc2Q/835kHuo3BEQ7CjelGhfTsoBb2MQ==
    dependencies:
      call-bind "^1.0.7"
      es-errors "^1.3.0"
      is-typed-array "^1.1.13"
  
  typed-array-byte-length@^1.0.1:
    version "1.0.1"
    resolved "https://registry.npmmirror.com/typed-array-byte-length/-/typed-array-byte-length-1.0.1.tgz#d92972d3cff99a3fa2e765a28fcdc0f1d89dec67"
    integrity sha512-3iMJ9q0ao7WE9tWcaYKIptkNBuOIcZCCT0d4MRvuuH88fEoEH62IuQe0OtraD3ebQEoTRk8XCBoknUNc1Y67pw==
    dependencies:
      call-bind "^1.0.7"
      for-each "^0.3.3"
      gopd "^1.0.1"
      has-proto "^1.0.3"
      is-typed-array "^1.1.13"
  
  typed-array-byte-offset@^1.0.2:
    version "1.0.2"
    resolved "https://registry.npmmirror.com/typed-array-byte-offset/-/typed-array-byte-offset-1.0.2.tgz#f9ec1acb9259f395093e4567eb3c28a580d02063"
    integrity sha512-Ous0vodHa56FviZucS2E63zkgtgrACj7omjwd/8lTEMEPFFyjfixMZ1ZXenpgCFBBt4EC1J2XsyVS2gkG0eTFA==
    dependencies:
      available-typed-arrays "^1.0.7"
      call-bind "^1.0.7"
      for-each "^0.3.3"
      gopd "^1.0.1"
      has-proto "^1.0.3"
      is-typed-array "^1.1.13"
  
  typed-array-length@^1.0.6:
    version "1.0.6"
    resolved "https://registry.npmmirror.com/typed-array-length/-/typed-array-length-1.0.6.tgz#57155207c76e64a3457482dfdc1c9d1d3c4c73a3"
    integrity sha512-/OxDN6OtAk5KBpGb28T+HZc2M+ADtvRxXrKKbUwtsLgdoxgX13hyy7ek6bFRl5+aBs2yZzB0c4CnQfAtVypW/g==
    dependencies:
      call-bind "^1.0.7"
      for-each "^0.3.3"
      gopd "^1.0.1"
      has-proto "^1.0.3"
      is-typed-array "^1.1.13"
      possible-typed-array-names "^1.0.0"
  
  typescript@^4.4.3:
    version "4.9.5"
    resolved "https://registry.npmmirror.com/typescript/-/typescript-4.9.5.tgz#095979f9bcc0d09da324d58d03ce8f8374cbe65a"
    integrity sha512-1FXk9E2Hm+QzZQ7z+McJiHL4NW1F2EzMu9Nq9i3zAaGqibafqYwCVU6WyWAuyQRRzOlxou8xZSyXLEN8oKj24g==
  
  ua-parser-js@^0.7.30:
    version "0.7.37"
    resolved "https://registry.npmmirror.com/ua-parser-js/-/ua-parser-js-0.7.37.tgz#e464e66dac2d33a7a1251d7d7a99d6157ec27832"
    integrity sha512-xV8kqRKM+jhMvcHWUKthV9fNebIzrNy//2O9ZwWcfiBFR5f25XVZPLlEajk/sf3Ra15V92isyQqnIEXRDaZWEA==
  
  unbox-primitive@^1.0.2:
    version "1.0.2"
    resolved "https://registry.npmmirror.com/unbox-primitive/-/unbox-primitive-1.0.2.tgz#29032021057d5e6cdbd08c5129c226dff8ed6f9e"
    integrity sha512-61pPlCD9h51VoreyJ0BReideM3MDKMKnh6+V9L08331ipq6Q8OFXZYiqP6n/tbHx4s5I9uRhcye6BrbkizkBDw==
    dependencies:
      call-bind "^1.0.2"
      has-bigints "^1.0.2"
      has-symbols "^1.0.3"
      which-boxed-primitive "^1.0.2"
  
  uncontrollable@^7.2.1:
    version "7.2.1"
    resolved "https://registry.npmmirror.com/uncontrollable/-/uncontrollable-7.2.1.tgz#1fa70ba0c57a14d5f78905d533cf63916dc75738"
    integrity sha512-svtcfoTADIB0nT9nltgjujTi7BzVmwjZClOmskKu/E8FW9BXzg9os8OLr4f8Dlnk0rYWJIWr4wv9eKUXiQvQwQ==
    dependencies:
      "@babel/runtime" "^7.6.3"
      "@types/react" ">=16.9.11"
      invariant "^2.2.4"
      react-lifecycles-compat "^3.0.4"
  
  undici-types@~5.26.4:
    version "5.26.5"
    resolved "https://registry.npmmirror.com/undici-types/-/undici-types-5.26.5.tgz#bcd539893d00b56e964fd2657a4866b221a65617"
    integrity sha512-JlCMO+ehdEIKqlFxk6IfVoAUVmgz7cU7zD/h9XZ0qzeosSHmUJVOzSQvvYSYWXkFXC+IfLKSIffhv0sVZup6pA==
  
  unicode-canonical-property-names-ecmascript@^2.0.0:
    version "2.0.0"
    resolved "https://registry.npmmirror.com/unicode-canonical-property-names-ecmascript/-/unicode-canonical-property-names-ecmascript-2.0.0.tgz#301acdc525631670d39f6146e0e77ff6bbdebddc"
    integrity sha512-yY5PpDlfVIU5+y/BSCxAJRBIS1Zc2dDG3Ujq+sR0U+JjUevW2JhocOF+soROYDSaAezOzOKuyyixhD6mBknSmQ==
  
  unicode-match-property-ecmascript@^2.0.0:
    version "2.0.0"
    resolved "https://registry.npmmirror.com/unicode-match-property-ecmascript/-/unicode-match-property-ecmascript-2.0.0.tgz#54fd16e0ecb167cf04cf1f756bdcc92eba7976c3"
    integrity sha512-5kaZCrbp5mmbz5ulBkDkbY0SsPOjKqVS35VpL9ulMPfSl0J0Xsm+9Evphv9CoIZFwre7aJoa94AY6seMKGVN5Q==
    dependencies:
      unicode-canonical-property-names-ecmascript "^2.0.0"
      unicode-property-aliases-ecmascript "^2.0.0"
  
  unicode-match-property-value-ecmascript@^2.1.0:
    version "2.1.0"
    resolved "https://registry.npmmirror.com/unicode-match-property-value-ecmascript/-/unicode-match-property-value-ecmascript-2.1.0.tgz#cb5fffdcd16a05124f5a4b0bf7c3770208acbbe0"
    integrity sha512-qxkjQt6qjg/mYscYMC0XKRn3Rh0wFPlfxB0xkt9CfyTvpX1Ra0+rAmdX2QyAobptSEvuy4RtpPRui6XkV+8wjA==
  
  unicode-property-aliases-ecmascript@^2.0.0:
    version "2.1.0"
    resolved "https://registry.npmmirror.com/unicode-property-aliases-ecmascript/-/unicode-property-aliases-ecmascript-2.1.0.tgz#43d41e3be698bd493ef911077c9b131f827e8ccd"
    integrity sha512-6t3foTQI9qne+OZoVQB/8x8rk2k1eVy1gRXhV3oFQ5T6R1dqQ1xtin3XqSlx3+ATBkliTaR/hHyJBm+LVPNM8w==
  
  unpipe@1.0.0, unpipe@~1.0.0:
    version "1.0.0"
    resolved "https://registry.npmmirror.com/unpipe/-/unpipe-1.0.0.tgz#b2bf4ee8514aae6165b4817829d21b2ef49904ec"
    integrity sha512-pjy2bYhSsufwWlKwPc+l3cN7+wuJlK6uz0YdJEOlQDbl6jo/YlPi4mb8agUkVC8BF7V8NuzeyPNqRksA3hztKQ==
  
  unquote@~1.1.1:
    version "1.1.1"
    resolved "https://registry.npmmirror.com/unquote/-/unquote-1.1.1.tgz#8fded7324ec6e88a0ff8b905e7c098cdc086d544"
    integrity sha512-vRCqFv6UhXpWxZPyGDh/F3ZpNv8/qo7w6iufLpQg9aKnQ71qM4B5KiI7Mia9COcjEhrO9LueHpMYjYzsWH3OIg==
  
  update-browserslist-db@^1.0.13:
    version "1.0.15"
    resolved "https://registry.npmmirror.com/update-browserslist-db/-/update-browserslist-db-1.0.15.tgz#60ed9f8cba4a728b7ecf7356f641a31e3a691d97"
    integrity sha512-K9HWH62x3/EalU1U6sjSZiylm9C8tgq2mSvshZpqc7QE69RaA2qjhkW2HlNA0tFpEbtyFz7HTqbSdN4MSwUodA==
    dependencies:
      escalade "^3.1.2"
      picocolors "^1.0.0"
  
  uri-js@^4.2.2, uri-js@^4.4.1:
    version "4.4.1"
    resolved "https://registry.npmmirror.com/uri-js/-/uri-js-4.4.1.tgz#9b1a52595225859e55f669d928f88c6c57f2a77e"
    integrity sha512-7rKUyy33Q1yc98pQ1DAmLtwX109F7TIfWlW1Ydo8Wl1ii1SeHieeh0HHfPeL2fMXK6z0s8ecKs9frCuLJvndBg==
    dependencies:
      punycode "^2.1.0"
  
  use-memo-one@^1.1.1:
    version "1.1.3"
    resolved "https://registry.npmmirror.com/use-memo-one/-/use-memo-one-1.1.3.tgz#2fd2e43a2169eabc7496960ace8c79efef975e99"
    integrity sha512-g66/K7ZQGYrI6dy8GLpVcMsBp4s17xNkYJVSMvTEevGy3nDxHOfE6z8BVE22+5G5x7t3+bhzrlTDB7ObrEE0cQ==
  
  util-deprecate@^1.0.1, util-deprecate@^1.0.2, util-deprecate@~1.0.1:
    version "1.0.2"
    resolved "https://registry.npmmirror.com/util-deprecate/-/util-deprecate-1.0.2.tgz#450d4dc9fa70de732762fbd2d4a28981419a0ccf"
    integrity sha512-EPD5q1uXyFxJpCrLnCc1nHnq3gOa6DZBocAIiI2TaSCA7VCJ1UJDMagCzIkXNsUYfD1daK//LTEQ8xiIbrHtcw==
  
  util.promisify@~1.0.0:
    version "1.0.1"
    resolved "https://registry.npmmirror.com/util.promisify/-/util.promisify-1.0.1.tgz#6baf7774b80eeb0f7520d8b81d07982a59abbaee"
    integrity sha512-g9JpC/3He3bm38zsLupWryXHoEcS22YHthuPQSJdMy6KNrzIRzWqcsHzD/WUnqe45whVou4VIsPew37DoXWNrA==
    dependencies:
      define-properties "^1.1.3"
      es-abstract "^1.17.2"
      has-symbols "^1.0.1"
      object.getownpropertydescriptors "^2.1.0"
  
  utils-merge@1.0.1:
    version "1.0.1"
    resolved "https://registry.npmmirror.com/utils-merge/-/utils-merge-1.0.1.tgz#9f95710f50a267947b2ccc124741c1028427e713"
    integrity sha512-pMZTvIkT1d+TFGvDOqodOclx0QWkkgi6Tdoa8gC8ffGAAqz9pzPTZWAybbsHHoED/ztMtkv/VoYTYyShUn81hA==
  
  uuid@^8.3.2:
    version "8.3.2"
    resolved "https://registry.npmmirror.com/uuid/-/uuid-8.3.2.tgz#80d5b5ced271bb9af6c445f21a1a04c606cefbe2"
    integrity sha512-+NYs2QeMWy+GWFOEm9xnn6HCDp0l7QBD7ml8zLUmJ+93Q5NF0NocErnwkTkXVFNiX3/fpC6afS8Dhb/gz7R7eg==
  
  uuid@^9.0.0:
    version "9.0.1"
    resolved "https://registry.npmmirror.com/uuid/-/uuid-9.0.1.tgz#e188d4c8853cc722220392c424cd637f32293f30"
    integrity sha512-b+1eJOlsR9K8HJpow9Ok3fiWOWSIcIzXodvv0rQjVoOVNpWMpxf1wZNpt4y9h10odCNrqnYp1OBzRktckBe3sA==
  
  value-equal@^1.0.1:
    version "1.0.1"
    resolved "https://registry.npmmirror.com/value-equal/-/value-equal-1.0.1.tgz#1e0b794c734c5c0cade179c437d356d931a34d6c"
    integrity sha512-NOJ6JZCAWr0zlxZt+xqCHNTEKOsrks2HQd4MqhP1qy4z1SkbEP467eNx6TgDKXMvUOb+OENfJCZwM+16n7fRfw==
  
  vary@~1.1.2:
    version "1.1.2"
    resolved "https://registry.npmmirror.com/vary/-/vary-1.1.2.tgz#2299f02c6ded30d4a5961b0b9f74524a18f634fc"
    integrity sha512-BNGbWLfd0eUPabhkXUVm0j8uuvREyTh5ovRa/dyow/BqAbZJyC+5fU+IzQOzmAKzYqYRAISoRhdQr3eIZ/PXqg==
  
  warning@^3.0.0:
    version "3.0.0"
    resolved "https://registry.npmmirror.com/warning/-/warning-3.0.0.tgz#32e5377cb572de4ab04753bdf8821c01ed605b7c"
    integrity sha512-jMBt6pUrKn5I+OGgtQ4YZLdhIeJmObddh6CsibPxyQ5yPZm1XExSyzC1LCNX7BzhxWgiHmizBWJTHJIjMjTQYQ==
    dependencies:
      loose-envify "^1.0.0"
  
  warning@^4.0.3:
    version "4.0.3"
    resolved "https://registry.npmmirror.com/warning/-/warning-4.0.3.tgz#16e9e077eb8a86d6af7d64aa1e05fd85b4678ca3"
    integrity sha512-rpJyN222KWIvHJ/F53XSZv0Zl/accqHR8et1kpaMTD/fLCRxtV8iX8czMzY7sVZupTI3zcUTg8eycS2kNF9l6w==
    dependencies:
      loose-envify "^1.0.0"
  
  watchpack@^2.4.1:
    version "2.4.1"
    resolved "https://registry.npmmirror.com/watchpack/-/watchpack-2.4.1.tgz#29308f2cac150fa8e4c92f90e0ec954a9fed7fff"
    integrity sha512-8wrBCMtVhqcXP2Sup1ctSkga6uc2Bx0IIvKyT7yTFier5AXHooSI+QyQQAtTb7+E0IUCCKyTFmXqdqgum2XWGg==
    dependencies:
      glob-to-regexp "^0.4.1"
      graceful-fs "^4.1.2"
  
  wbuf@^1.1.0, wbuf@^1.7.3:
    version "1.7.3"
    resolved "https://registry.npmmirror.com/wbuf/-/wbuf-1.7.3.tgz#c1d8d149316d3ea852848895cb6a0bfe887b87df"
    integrity sha512-O84QOnr0icsbFGLS0O3bI5FswxzRr8/gHwWkDlQFskhSPryQXvrTMxjxGP4+iWYoauLoBvfDpkrOauZ+0iZpDA==
    dependencies:
      minimalistic-assert "^1.0.0"
  
  webpack-bundle-analyzer@^4.7.0, webpack-bundle-analyzer@^4.9.0:
    version "4.10.2"
    resolved "https://registry.npmmirror.com/webpack-bundle-analyzer/-/webpack-bundle-analyzer-4.10.2.tgz#633af2862c213730be3dbdf40456db171b60d5bd"
    integrity sha512-vJptkMm9pk5si4Bv922ZbKLV8UTT4zib4FPgXMhgzUny0bfDDkLXAVQs3ly3fS4/TN9ROFtb0NFrm04UXFE/Vw==
    dependencies:
      "@discoveryjs/json-ext" "0.5.7"
      acorn "^8.0.4"
      acorn-walk "^8.0.0"
      commander "^7.2.0"
      debounce "^1.2.1"
      escape-string-regexp "^4.0.0"
      gzip-size "^6.0.0"
      html-escaper "^2.0.2"
      opener "^1.5.2"
      picocolors "^1.0.0"
      sirv "^2.0.3"
      ws "^7.3.1"
  
  webpack-cli@^5.1.4:
    version "5.1.4"
    resolved "https://registry.npmmirror.com/webpack-cli/-/webpack-cli-5.1.4.tgz#c8e046ba7eaae4911d7e71e2b25b776fcc35759b"
    integrity sha512-pIDJHIEI9LR0yxHXQ+Qh95k2EvXpWzZ5l+d+jIo+RdSm9MiHfzazIxwwni/p7+x4eJZuvG1AJwgC4TNQ7NRgsg==
    dependencies:
      "@discoveryjs/json-ext" "^0.5.0"
      "@webpack-cli/configtest" "^2.1.1"
      "@webpack-cli/info" "^2.0.2"
      "@webpack-cli/serve" "^2.0.5"
      colorette "^2.0.14"
      commander "^10.0.1"
      cross-spawn "^7.0.3"
      envinfo "^7.7.3"
      fastest-levenshtein "^1.0.12"
      import-local "^3.0.2"
      interpret "^3.1.1"
      rechoir "^0.8.0"
      webpack-merge "^5.7.3"
  
  webpack-dev-middleware@^5.3.4:
    version "5.3.4"
    resolved "https://registry.npmmirror.com/webpack-dev-middleware/-/webpack-dev-middleware-5.3.4.tgz#eb7b39281cbce10e104eb2b8bf2b63fce49a3517"
    integrity sha512-BVdTqhhs+0IfoeAf7EoH5WE+exCmqGerHfDM0IL096Px60Tq2Mn9MAbnaGUe6HiMa41KMCYF19gyzZmBcq/o4Q==
    dependencies:
      colorette "^2.0.10"
      memfs "^3.4.3"
      mime-types "^2.1.31"
      range-parser "^1.2.1"
      schema-utils "^4.0.0"
  
  webpack-dev-server@^4.15.1:
    version "4.15.2"
    resolved "https://registry.npmmirror.com/webpack-dev-server/-/webpack-dev-server-4.15.2.tgz#9e0c70a42a012560860adb186986da1248333173"
    integrity sha512-0XavAZbNJ5sDrCbkpWL8mia0o5WPOd2YGtxrEiZkBK9FjLppIUK2TgxK6qGD2P3hUXTJNNPVibrerKcx5WkR1g==
    dependencies:
      "@types/bonjour" "^3.5.9"
      "@types/connect-history-api-fallback" "^1.3.5"
      "@types/express" "^4.17.13"
      "@types/serve-index" "^1.9.1"
      "@types/serve-static" "^1.13.10"
      "@types/sockjs" "^0.3.33"
      "@types/ws" "^8.5.5"
      ansi-html-community "^0.0.8"
      bonjour-service "^1.0.11"
      chokidar "^3.5.3"
      colorette "^2.0.10"
      compression "^1.7.4"
      connect-history-api-fallback "^2.0.0"
      default-gateway "^6.0.3"
      express "^4.17.3"
      graceful-fs "^4.2.6"
      html-entities "^2.3.2"
      http-proxy-middleware "^2.0.3"
      ipaddr.js "^2.0.1"
      launch-editor "^2.6.0"
      open "^8.0.9"
      p-retry "^4.5.0"
      rimraf "^3.0.2"
      schema-utils "^4.0.0"
      selfsigned "^2.1.1"
      serve-index "^1.9.1"
      sockjs "^0.3.24"
      spdy "^4.0.2"
      webpack-dev-middleware "^5.3.4"
      ws "^8.13.0"
  
  webpack-merge@^5.7.3:
    version "5.10.0"
    resolved "https://registry.npmmirror.com/webpack-merge/-/webpack-merge-5.10.0.tgz#a3ad5d773241e9c682803abf628d4cd62b8a4177"
    integrity sha512-+4zXKdx7UnO+1jaN4l2lHVD+mFvnlZQP/6ljaJVb4SZiwIKeUnrT5l0gkT8z+n4hKpC+jpOv6O9R+gLtag7pSA==
    dependencies:
      clone-deep "^4.0.1"
      flat "^5.0.2"
      wildcard "^2.0.0"
  
  webpack-sources@^3.2.3:
    version "3.2.3"
    resolved "https://registry.npmmirror.com/webpack-sources/-/webpack-sources-3.2.3.tgz#2d4daab8451fd4b240cc27055ff6a0c2ccea0cde"
    integrity sha512-/DyMEOrDgLKKIG0fmvtz+4dUX/3Ghozwgm6iPp8KRhvn+eQf9+Q7GWxVNMk3+uCPWfdXYC4ExGBckIXdFEfH1w==
  
  webpack@^5.86.0:
    version "5.91.0"
    resolved "https://registry.npmmirror.com/webpack/-/webpack-5.91.0.tgz#ffa92c1c618d18c878f06892bbdc3373c71a01d9"
    integrity sha512-rzVwlLeBWHJbmgTC/8TvAcu5vpJNII+MelQpylD4jNERPwpBJOE2lEcko1zJX3QJeLjTTAnQxn/OJ8bjDzVQaw==
    dependencies:
      "@types/eslint-scope" "^3.7.3"
      "@types/estree" "^1.0.5"
      "@webassemblyjs/ast" "^1.12.1"
      "@webassemblyjs/wasm-edit" "^1.12.1"
      "@webassemblyjs/wasm-parser" "^1.12.1"
      acorn "^8.7.1"
      acorn-import-assertions "^1.9.0"
      browserslist "^4.21.10"
      chrome-trace-event "^1.0.2"
      enhanced-resolve "^5.16.0"
      es-module-lexer "^1.2.1"
      eslint-scope "5.1.1"
      events "^3.2.0"
      glob-to-regexp "^0.4.1"
      graceful-fs "^4.2.11"
      json-parse-even-better-errors "^2.3.1"
      loader-runner "^4.2.0"
      mime-types "^2.1.27"
      neo-async "^2.6.2"
      schema-utils "^3.2.0"
      tapable "^2.1.1"
      terser-webpack-plugin "^5.3.10"
      watchpack "^2.4.1"
      webpack-sources "^3.2.3"
  
  webpackbar@^5.0.2:
    version "5.0.2"
    resolved "https://registry.npmmirror.com/webpackbar/-/webpackbar-5.0.2.tgz#d3dd466211c73852741dfc842b7556dcbc2b0570"
    integrity sha512-BmFJo7veBDgQzfWXl/wwYXr/VFus0614qZ8i9znqcl9fnEdiVkdbi0TedLQ6xAK92HZHDJ0QmyQ0fmuZPAgCYQ==
    dependencies:
      chalk "^4.1.0"
      consola "^2.15.3"
      pretty-time "^1.1.0"
      std-env "^3.0.1"
  
  websocket-driver@>=0.5.1, websocket-driver@^0.7.4:
    version "0.7.4"
    resolved "https://registry.npmmirror.com/websocket-driver/-/websocket-driver-0.7.4.tgz#89ad5295bbf64b480abcba31e4953aca706f5760"
    integrity sha512-b17KeDIQVjvb0ssuSDF2cYXSg2iztliJ4B9WdsuB6J952qCPKmnVq4DyW5motImXHDC1cBT/1UezrJVsKw5zjg==
    dependencies:
      http-parser-js ">=0.5.1"
      safe-buffer ">=5.1.0"
      websocket-extensions ">=0.1.1"
  
  websocket-extensions@>=0.1.1:
    version "0.1.4"
    resolved "https://registry.npmmirror.com/websocket-extensions/-/websocket-extensions-0.1.4.tgz#7f8473bc839dfd87608adb95d7eb075211578a42"
    integrity sha512-OqedPIGOfsDlo31UNwYbCFMSaO9m9G/0faIHj5/dZFDMFqPTcx6UwqyOy3COEaEOg/9VsGIpdqn62W5KhoKSpg==
  
  whatwg-fetch@>=0.10.0:
    version "3.6.20"
    resolved "https://registry.npmmirror.com/whatwg-fetch/-/whatwg-fetch-3.6.20.tgz#580ce6d791facec91d37c72890995a0b48d31c70"
    integrity sha512-EqhiFU6daOA8kpjOWTL0olhVOF3i7OrFzSYiGsEMB8GcXS+RrzauAERX65xMeNWVqxA6HXH2m69Z9LaKKdisfg==
  
  which-boxed-primitive@^1.0.2:
    version "1.0.2"
    resolved "https://registry.npmmirror.com/which-boxed-primitive/-/which-boxed-primitive-1.0.2.tgz#13757bc89b209b049fe5d86430e21cf40a89a8e6"
    integrity sha512-bwZdv0AKLpplFY2KZRX6TvyuN7ojjr7lwkg6ml0roIy9YeuSr7JS372qlNW18UQYzgYK9ziGcerWqZOmEn9VNg==
    dependencies:
      is-bigint "^1.0.1"
      is-boolean-object "^1.1.0"
      is-number-object "^1.0.4"
      is-string "^1.0.5"
      is-symbol "^1.0.3"
  
  which-typed-array@^1.1.14, which-typed-array@^1.1.15:
    version "1.1.15"
    resolved "https://registry.npmmirror.com/which-typed-array/-/which-typed-array-1.1.15.tgz#264859e9b11a649b388bfaaf4f767df1f779b38d"
    integrity sha512-oV0jmFtUky6CXfkqehVvBP/LSWJ2sy4vWMioiENyJLePrBO/yKyV9OyJySfAKosh+RYkIl5zJCNZ8/4JncrpdA==
    dependencies:
      available-typed-arrays "^1.0.7"
      call-bind "^1.0.7"
      for-each "^0.3.3"
      gopd "^1.0.1"
      has-tostringtag "^1.0.2"
  
  which@^2.0.1:
    version "2.0.2"
    resolved "https://registry.npmmirror.com/which/-/which-2.0.2.tgz#7c6a8dd0a636a0327e10b59c9286eee93f3f51b1"
    integrity sha512-BLI3Tl1TW3Pvl70l3yq3Y64i+awpwXqsGBYWkkqMtnbXgrMD+yj7rhW0kuEDxzJaYXGjEW5ogapKNMEKNMjibA==
    dependencies:
      isexe "^2.0.0"
  
  wildcard@^2.0.0:
    version "2.0.1"
    resolved "https://registry.npmmirror.com/wildcard/-/wildcard-2.0.1.tgz#5ab10d02487198954836b6349f74fff961e10f67"
    integrity sha512-CC1bOL87PIWSBhDcTrdeLo6eGT7mCFtrg0uIJtqJUFyK+eJnzl8A1niH56uu7KMa5XFrtiV+AQuHO3n7DsHnLQ==
  
  word-wrap@^1.2.5:
    version "1.2.5"
    resolved "https://registry.npmmirror.com/word-wrap/-/word-wrap-1.2.5.tgz#d2c45c6dd4fbce621a66f136cbe328afd0410b34"
    integrity sha512-BN22B5eaMMI9UMtjrGd5g5eCYPpCPDUy0FJXbYsaT5zYxjFOckS53SQDE3pWkVoWpHXVb3BrYcEN4Twa55B5cA==
  
  wrappy@1:
    version "1.0.2"
    resolved "https://registry.npmmirror.com/wrappy/-/wrappy-1.0.2.tgz#b5243d8f3ec1aa35f1364605bc0d1036e30ab69f"
    integrity sha512-l4Sp/DRseor9wL6EvV2+TuQn63dMkPjZ/sp9XkghTEbV9KlPS1xUsZ3u7/IQO4wxtcFB4bgpQPRcR3QCvezPcQ==
  
  ws@^7.3.1:
    version "7.5.9"
    resolved "https://registry.npmmirror.com/ws/-/ws-7.5.9.tgz#54fa7db29f4c7cec68b1ddd3a89de099942bb591"
    integrity sha512-F+P9Jil7UiSKSkppIiD94dN07AwvFixvLIj1Og1Rl9GGMuNipJnV9JzjD6XuqmAeiswGvUmNLjr5cFuXwNS77Q==
  
  ws@^8.13.0:
    version "8.17.0"
    resolved "https://registry.npmmirror.com/ws/-/ws-8.17.0.tgz#d145d18eca2ed25aaf791a183903f7be5e295fea"
    integrity sha512-uJq6108EgZMAl20KagGkzCKfMEjxmKvZHG7Tlq0Z6nOky7YF7aq4mOx6xK8TJ/i1LeK4Qus7INktacctDgY8Ow==
  
  yallist@^3.0.2:
    version "3.1.1"
    resolved "https://registry.npmmirror.com/yallist/-/yallist-3.1.1.tgz#dbb7daf9bfd8bac9ab45ebf602b8cbad0d5d08fd"
    integrity sha512-a4UGQaWPH59mOXUYnAG2ewncQS4i4F43Tv3JoAM+s2VDAmS9NsK8GpDMLrCHPksFT7h3K6TOoUNn2pb7RoXx4g==
  
  yaml@^1.10.0:
    version "1.10.2"
    resolved "https://registry.npmmirror.com/yaml/-/yaml-1.10.2.tgz#2301c5ffbf12b467de8da2333a459e29e7920e4b"
    integrity sha512-r3vXyErRCYJ7wg28yvBY5VSoAF8ZvlcW9/BwUzEtUsjvX/DKs24dIkuwjtuprwJJHsbyUbLApepYTR1BN4uHrg==
  
  yamljs@^0.3.0:
    version "0.3.0"
    resolved "https://registry.npmmirror.com/yamljs/-/yamljs-0.3.0.tgz#dc060bf267447b39f7304e9b2bfbe8b5a7ddb03b"
    integrity sha512-C/FsVVhht4iPQYXOInoxUM/1ELSf9EsgKH34FofQOp6hwCPrW4vG4w5++TED3xRUo8gD7l0P1J1dLlDYzODsTQ==
    dependencies:
      argparse "^1.0.7"
      glob "^7.0.5"
  
  yocto-queue@^0.1.0:
    version "0.1.0"
    resolved "https://registry.npmmirror.com/yocto-queue/-/yocto-queue-0.1.0.tgz#0294eb3dee05028d31ee1a5fa2c556a6aaf10a1b"
    integrity sha512-rVksvsnNCdJ/ohGc6xgPwyN8eheCxsiLM8mxuE/t/mOVqJewPuO1miLpTHQiRgTKCLexL4MeAFVagts7HmNZ2Q==
  
  yocto-queue@^1.0.0:
    version "1.0.0"
    resolved "https://registry.npmmirror.com/yocto-queue/-/yocto-queue-1.0.0.tgz#7f816433fb2cbc511ec8bf7d263c3b58a1a3c251"
    integrity sha512-9bnSc/HEW2uRy67wc+T8UwauLuPJVn28jb+GtJY16iiKWyvmYJRXVT4UamsAEGQfPohgr2q4Tq0sQbQlxTfi1g==
  
  zrender@5.5.0:
    version "5.5.0"
    resolved "https://registry.npmmirror.com/zrender/-/zrender-5.5.0.tgz#54d0d6c4eda81a96d9f60a9cd74dc48ea026bc1e"
    integrity sha512-O3MilSi/9mwoovx77m6ROZM7sXShR/O/JIanvzTwjN3FORfLSr81PsUGd7jlaYOeds9d8tw82oP44+3YucVo+w==
    dependencies:
      tslib "2.3.0"
